BEGIN TRANSACTION

INSERT INTO "AccessKeys"("Name","Keyring","System")
	VALUES ('Log In Required','System',1)
INSERT INTO "AccessKeys"("Name","Keyring","System")
	VALUES ('Members Only',NULL,0)

	
INSERT INTO "CatCore"("CatCore_ID","Catcore_Name","PassParams","Template","Category","Products","Features","Page")
	VALUES (0,'category header only','noline=1,notitle=1','category/catcore_catheader_only.cfm',1,0,0,0)
INSERT INTO "CatCore"("CatCore_ID","Catcore_Name","PassParams","Template","Category","Products","Features","Page")
	VALUES (1,'sub-categories only','noline=1,notitle=1','category/dsp_subcats.cfm',1,0,0,0)
INSERT INTO "CatCore"("CatCore_ID","Catcore_Name","PassParams","Template","Category","Products","Features","Page")
	VALUES (2,'home page','topcats, searchform,new,onsale,hot,notsold,ProdofDay,listing,notitle,columns=x','catcores/catcore_home.cfm',0,0,0,1)
INSERT INTO "CatCore"("CatCore_ID","Catcore_Name","PassParams","Template","Category","Products","Features","Page")
	VALUES (3,'highlights (new & on sale)','new=1,onsale=1,notsold=1,notitle=1,columns=x','catcores/catcore_highlight.cfm',1,0,0,1)
INSERT INTO "CatCore"("CatCore_ID","Catcore_Name","PassParams","Template","Category","Products","Features","Page")
	VALUES (4,'contact us email form','noline=1,EmailTo=email@address.com, BoxTitle=Title,Subject=Email Subject Line','email/catcore_contactus.cfm',1,0,0,1)
INSERT INTO "CatCore"("CatCore_ID","Catcore_Name","PassParams","Template","Category","Products","Features","Page")
	VALUES (5,'search form','noline=1,notitle=1','search/dsp_search_form.cfm',1,0,0,1)
INSERT INTO "CatCore"("CatCore_ID","Catcore_Name","PassParams","Template","Category","Products","Features","Page")
	VALUES (6,'search results page','noline=1,notitle=1','search/act_search.cfm',0,0,0,1)
INSERT INTO "CatCore"("CatCore_ID","Catcore_Name","PassParams","Template","Category","Products","Features","Page")
	VALUES (7,'products department home','noline=1,notitle=1','catcores/catcore_products_home.cfm',1,1,0,0)
INSERT INTO "CatCore"("CatCore_ID","Catcore_Name","PassParams","Template","Category","Products","Features","Page")
	VALUES (8,'products','listing=vertical|short, displaycount=x, productcols=x,searchheader=1,searchheader=form,alpha=1,notitle=1','product/catcore_products.cfm',1,1,0,0)
INSERT INTO "CatCore"("CatCore_ID","Catcore_Name","PassParams","Template","Category","Products","Features","Page")
	VALUES (9,'features','noline=1,notitle=1,searchform=1, displaycount=x','feature/catcore_features.cfm',1,1,1,0)
INSERT INTO "CatCore"("CatCore_ID","Catcore_Name","PassParams","Template","Category","Products","Features","Page")
	VALUES (11,'items on sale','noline=1,notitle=1','catcores/dsp_sale.cfm',1,0,0,1)
INSERT INTO "CatCore"("CatCore_ID","Catcore_Name","PassParams","Template","Category","Products","Features","Page")
	VALUES (12,'features + products','noline=1,notitle=1,listing=short|vertical','catcores/catcore_features_products.cfm',1,1,1,0)
INSERT INTO "CatCore"("CatCore_ID","Catcore_Name","PassParams","Template","Category","Products","Features","Page")
	VALUES (13,'account directory','noline=1,notitle=1,displaycount,accountcols,sort,order,type1','users/account/catcore_accounts.cfm',1,0,0,1)
INSERT INTO "CatCore"("CatCore_ID","Catcore_Name","PassParams","Template","Category","Products","Features","Page")
	VALUES (14,'Site Map','noline=1,alpha=1,notitle=1','catcores/dsp_sitemap.cfm',0,0,0,1)
INSERT INTO "CatCore"("CatCore_ID","Catcore_Name","PassParams","Template","Category","Products","Features","Page")
	VALUES (15,'Contact Us with file attachment','noline=1,EmailTo=email@address.com, BoxTitle=Title,Subject=Email Subject Line','email/catcore_contactus_attachment.cfm',1,0,0,1)

INSERT INTO "CCProcess"("CCServer","Transtype","Username","Password","Setting1","Setting2","Setting3")
	VALUES (NULL,'Sale',NULL,NULL,NULL,NULL,NULL)
	

INSERT INTO "Colors"("Bgcolor","Bgimage","MainTitle","MainText","MainLink","MainVLink","BoxHBgcolor","BoxHText","BoxTBgcolor","BoxTText","InputHBgcolor","InputHText","InputTBgcolor","InputTText","OutputHBgcolor","OutputHText","OutputTBgcolor","OutputTText","OutputTAltcolor","OutputTHighlight","LineColor","HotImage","SaleImage","NewImage","MainLineImage","MinorLineImage","Palette_Name","FormReq","LayoutFile","FormReqOB","PassParam")
	VALUES ('','','666699','333333','666699','666699','999999','ffffff','DBDBDB','000000','8696b6','ffffff','ffffff','000000','acaba9','ffffff','ffffcc','242215','FAF287','C2C8CE','dddddd','hot.jpg','sale.gif','new.gif','HR','HR','Basic','ff3300',NULL,'ff3300','')


INSERT INTO "Countries"("Abbrev","Name","AllowUPS","Shipping","AddShipAmount")
	VALUES ('AL','Albania',1,0,0)
INSERT INTO "Countries"("Abbrev","Name","AllowUPS","Shipping","AddShipAmount")
	VALUES ('DZ','Algeria',1,0,0)
INSERT INTO "Countries"("Abbrev","Name","AllowUPS","Shipping","AddShipAmount")
	VALUES ('AD','Andorra',1,0,0)
INSERT INTO "Countries"("Abbrev","Name","AllowUPS","Shipping","AddShipAmount")
	VALUES ('AI','Anguilla',1,0,0)
INSERT INTO "Countries"("Abbrev","Name","AllowUPS","Shipping","AddShipAmount")
	VALUES ('AG','Antigua and Barbuda',1,0,0)
INSERT INTO "Countries"("Abbrev","Name","AllowUPS","Shipping","AddShipAmount")
	VALUES ('AR','Argentina',1,0,0)
INSERT INTO "Countries"("Abbrev","Name","AllowUPS","Shipping","AddShipAmount")
	VALUES ('AW','Aruba',1,0,0)
INSERT INTO "Countries"("Abbrev","Name","AllowUPS","Shipping","AddShipAmount")
	VALUES ('AU','Australia',1,0,0)
INSERT INTO "Countries"("Abbrev","Name","AllowUPS","Shipping","AddShipAmount")
	VALUES ('AT','Austria',1,0,0)
INSERT INTO "Countries"("Abbrev","Name","AllowUPS","Shipping","AddShipAmount")
	VALUES ('BS','Bahamas',1,0,0)
INSERT INTO "Countries"("Abbrev","Name","AllowUPS","Shipping","AddShipAmount")
	VALUES ('BH','Bahrain',1,0,0)
INSERT INTO "Countries"("Abbrev","Name","AllowUPS","Shipping","AddShipAmount")
	VALUES ('BD','Bangladesh',1,0,0)
INSERT INTO "Countries"("Abbrev","Name","AllowUPS","Shipping","AddShipAmount")
	VALUES ('BB','Barbados',1,0,0)
INSERT INTO "Countries"("Abbrev","Name","AllowUPS","Shipping","AddShipAmount")
	VALUES ('BY','Belarus',1,0,0)
INSERT INTO "Countries"("Abbrev","Name","AllowUPS","Shipping","AddShipAmount")
	VALUES ('BE','Belgium',1,1,0)
INSERT INTO "Countries"("Abbrev","Name","AllowUPS","Shipping","AddShipAmount")
	VALUES ('BZ','Belize',1,0,0)
INSERT INTO "Countries"("Abbrev","Name","AllowUPS","Shipping","AddShipAmount")
	VALUES ('BJ','Benin',1,0,0)
INSERT INTO "Countries"("Abbrev","Name","AllowUPS","Shipping","AddShipAmount")
	VALUES ('BM','Bermuda',1,0,0)
INSERT INTO "Countries"("Abbrev","Name","AllowUPS","Shipping","AddShipAmount")
	VALUES ('BO','Bolivia',1,0,0)
INSERT INTO "Countries"("Abbrev","Name","AllowUPS","Shipping","AddShipAmount")
	VALUES ('BW','Botswana',1,0,0)
INSERT INTO "Countries"("Abbrev","Name","AllowUPS","Shipping","AddShipAmount")
	VALUES ('BR','Brazil',1,0,0)
INSERT INTO "Countries"("Abbrev","Name","AllowUPS","Shipping","AddShipAmount")
	VALUES ('VG','Virgin Islands (British)',1,0,0)
INSERT INTO "Countries"("Abbrev","Name","AllowUPS","Shipping","AddShipAmount")
	VALUES ('BN','Brunei',1,0,0)
INSERT INTO "Countries"("Abbrev","Name","AllowUPS","Shipping","AddShipAmount")
	VALUES ('BG','Bulgaria',1,0,0)
INSERT INTO "Countries"("Abbrev","Name","AllowUPS","Shipping","AddShipAmount")
	VALUES ('BF','Burkina Faso',1,0,0)
INSERT INTO "Countries"("Abbrev","Name","AllowUPS","Shipping","AddShipAmount")
	VALUES ('BI','Burundi',1,0,0)
INSERT INTO "Countries"("Abbrev","Name","AllowUPS","Shipping","AddShipAmount")
	VALUES ('CM','Cameroon',1,0,0)
INSERT INTO "Countries"("Abbrev","Name","AllowUPS","Shipping","AddShipAmount")
	VALUES ('CA','Canada',1,0,0)
INSERT INTO "Countries"("Abbrev","Name","AllowUPS","Shipping","AddShipAmount")
	VALUES ('CV','Cape Verde',1,0,0)
INSERT INTO "Countries"("Abbrev","Name","AllowUPS","Shipping","AddShipAmount")
	VALUES ('KY','Cayman Islands',1,0,0)
INSERT INTO "Countries"("Abbrev","Name","AllowUPS","Shipping","AddShipAmount")
	VALUES ('CF','Central African Republic',1,0,0)
INSERT INTO "Countries"("Abbrev","Name","AllowUPS","Shipping","AddShipAmount")
	VALUES ('TD','Chad',1,0,0)
INSERT INTO "Countries"("Abbrev","Name","AllowUPS","Shipping","AddShipAmount")
	VALUES ('CL','Chile',1,0,0)
INSERT INTO "Countries"("Abbrev","Name","AllowUPS","Shipping","AddShipAmount")
	VALUES ('CN','China - People''s Republic of',1,0,0)
INSERT INTO "Countries"("Abbrev","Name","AllowUPS","Shipping","AddShipAmount")
	VALUES ('CO','Colombia',1,0,0)
INSERT INTO "Countries"("Abbrev","Name","AllowUPS","Shipping","AddShipAmount")
	VALUES ('CG','Congo - Republic of',1,0,0)
INSERT INTO "Countries"("Abbrev","Name","AllowUPS","Shipping","AddShipAmount")
	VALUES ('CR','Costa Rica',1,0,0)
INSERT INTO "Countries"("Abbrev","Name","AllowUPS","Shipping","AddShipAmount")
	VALUES ('CI','Cote D''Ivoire (Ivory Coast)',1,0,0)
INSERT INTO "Countries"("Abbrev","Name","AllowUPS","Shipping","AddShipAmount")
	VALUES ('HR','Croatia',1,0,0)
INSERT INTO "Countries"("Abbrev","Name","AllowUPS","Shipping","AddShipAmount")
	VALUES ('CY','Cyprus',1,0,0)
INSERT INTO "Countries"("Abbrev","Name","AllowUPS","Shipping","AddShipAmount")
	VALUES ('CZ','Czech Republic',1,0,0)
INSERT INTO "Countries"("Abbrev","Name","AllowUPS","Shipping","AddShipAmount")
	VALUES ('DK','Denmark',1,0,0)
INSERT INTO "Countries"("Abbrev","Name","AllowUPS","Shipping","AddShipAmount")
	VALUES ('DJ','Djibouti',1,0,0)
INSERT INTO "Countries"("Abbrev","Name","AllowUPS","Shipping","AddShipAmount")
	VALUES ('DM','Dominica',1,0,0)
INSERT INTO "Countries"("Abbrev","Name","AllowUPS","Shipping","AddShipAmount")
	VALUES ('DO','Dominican Republic',1,0,0)
INSERT INTO "Countries"("Abbrev","Name","AllowUPS","Shipping","AddShipAmount")
	VALUES ('EC','Ecuador',1,0,0)
INSERT INTO "Countries"("Abbrev","Name","AllowUPS","Shipping","AddShipAmount")
	VALUES ('EG','Egypt',1,0,0)
INSERT INTO "Countries"("Abbrev","Name","AllowUPS","Shipping","AddShipAmount")
	VALUES ('SV','El Salvador',1,0,0)
INSERT INTO "Countries"("Abbrev","Name","AllowUPS","Shipping","AddShipAmount")
	VALUES ('GQ','Equatorial Guinea',1,0,0)
INSERT INTO "Countries"("Abbrev","Name","AllowUPS","Shipping","AddShipAmount")
	VALUES ('ER','Eritrea',1,0,0)
INSERT INTO "Countries"("Abbrev","Name","AllowUPS","Shipping","AddShipAmount")
	VALUES ('EE','Estonia',1,0,0)
INSERT INTO "Countries"("Abbrev","Name","AllowUPS","Shipping","AddShipAmount")
	VALUES ('ET','Ethiopia',1,0,0)
INSERT INTO "Countries"("Abbrev","Name","AllowUPS","Shipping","AddShipAmount")
	VALUES ('FO','Faroe Islands (Denmark)',1,0,0)
INSERT INTO "Countries"("Abbrev","Name","AllowUPS","Shipping","AddShipAmount")
	VALUES ('FJ','Fiji',1,0,0)
INSERT INTO "Countries"("Abbrev","Name","AllowUPS","Shipping","AddShipAmount")
	VALUES ('FI','Finland',1,0,0)
INSERT INTO "Countries"("Abbrev","Name","AllowUPS","Shipping","AddShipAmount")
	VALUES ('FR','France',1,0,0)
INSERT INTO "Countries"("Abbrev","Name","AllowUPS","Shipping","AddShipAmount")
	VALUES ('GF','French Guiana',1,0,0)
INSERT INTO "Countries"("Abbrev","Name","AllowUPS","Shipping","AddShipAmount")
	VALUES ('PF','French Polynesia',1,0,0)
INSERT INTO "Countries"("Abbrev","Name","AllowUPS","Shipping","AddShipAmount")
	VALUES ('GA','Gabon',1,0,0)
INSERT INTO "Countries"("Abbrev","Name","AllowUPS","Shipping","AddShipAmount")
	VALUES ('GM','Gambia',1,0,0)
INSERT INTO "Countries"("Abbrev","Name","AllowUPS","Shipping","AddShipAmount")
	VALUES ('GE','Georgia',1,0,0)
INSERT INTO "Countries"("Abbrev","Name","AllowUPS","Shipping","AddShipAmount")
	VALUES ('DE','Germany',1,0,0)
INSERT INTO "Countries"("Abbrev","Name","AllowUPS","Shipping","AddShipAmount")
	VALUES ('GH','Ghana',1,0,0)
INSERT INTO "Countries"("Abbrev","Name","AllowUPS","Shipping","AddShipAmount")
	VALUES ('GI','Gibraltar',1,0,0)
INSERT INTO "Countries"("Abbrev","Name","AllowUPS","Shipping","AddShipAmount")
	VALUES ('GR','Greece',1,0,0)
INSERT INTO "Countries"("Abbrev","Name","AllowUPS","Shipping","AddShipAmount")
	VALUES ('GL','Greenland',1,0,0)
INSERT INTO "Countries"("Abbrev","Name","AllowUPS","Shipping","AddShipAmount")
	VALUES ('GD','Grenada',1,0,0)
INSERT INTO "Countries"("Abbrev","Name","AllowUPS","Shipping","AddShipAmount")
	VALUES ('GP','Guadeloupe',1,0,0)
INSERT INTO "Countries"("Abbrev","Name","AllowUPS","Shipping","AddShipAmount")
	VALUES ('GT','Guatemala',1,0,0)
INSERT INTO "Countries"("Abbrev","Name","AllowUPS","Shipping","AddShipAmount")
	VALUES ('GN','Guinea',1,0,0)
INSERT INTO "Countries"("Abbrev","Name","AllowUPS","Shipping","AddShipAmount")
	VALUES ('GW','Guinea­Bissau',1,0,0)
INSERT INTO "Countries"("Abbrev","Name","AllowUPS","Shipping","AddShipAmount")
	VALUES ('GY','Guyana',1,0,0)
INSERT INTO "Countries"("Abbrev","Name","AllowUPS","Shipping","AddShipAmount")
	VALUES ('HT','Haiti',1,0,0)
INSERT INTO "Countries"("Abbrev","Name","AllowUPS","Shipping","AddShipAmount")
	VALUES ('HN','Honduras',1,0,0)
INSERT INTO "Countries"("Abbrev","Name","AllowUPS","Shipping","AddShipAmount")
	VALUES ('HK','Hong Kong',1,0,0)
INSERT INTO "Countries"("Abbrev","Name","AllowUPS","Shipping","AddShipAmount")
	VALUES ('HU','Hungary',1,0,0)
INSERT INTO "Countries"("Abbrev","Name","AllowUPS","Shipping","AddShipAmount")
	VALUES ('IS','Iceland',1,0,0)
INSERT INTO "Countries"("Abbrev","Name","AllowUPS","Shipping","AddShipAmount")
	VALUES ('IN','India',1,0,0)
INSERT INTO "Countries"("Abbrev","Name","AllowUPS","Shipping","AddShipAmount")
	VALUES ('ID','Indonesia',1,0,0)
INSERT INTO "Countries"("Abbrev","Name","AllowUPS","Shipping","AddShipAmount")
	VALUES ('IL','Israel',1,0,0)
INSERT INTO "Countries"("Abbrev","Name","AllowUPS","Shipping","AddShipAmount")
	VALUES ('IT','Italy',1,0,0)
INSERT INTO "Countries"("Abbrev","Name","AllowUPS","Shipping","AddShipAmount")
	VALUES ('JM','Jamaica',1,0,0)
INSERT INTO "Countries"("Abbrev","Name","AllowUPS","Shipping","AddShipAmount")
	VALUES ('JP','Japan',1,0,0)
INSERT INTO "Countries"("Abbrev","Name","AllowUPS","Shipping","AddShipAmount")
	VALUES ('JO','Jordan',1,0,0)
INSERT INTO "Countries"("Abbrev","Name","AllowUPS","Shipping","AddShipAmount")
	VALUES ('KZ','Kazakhstan',1,0,0)
INSERT INTO "Countries"("Abbrev","Name","AllowUPS","Shipping","AddShipAmount")
	VALUES ('KE','Kenya',1,0,0)
INSERT INTO "Countries"("Abbrev","Name","AllowUPS","Shipping","AddShipAmount")
	VALUES ('KI','Kiribati',1,0,0)
INSERT INTO "Countries"("Abbrev","Name","AllowUPS","Shipping","AddShipAmount")
	VALUES ('KW','Kuwait',1,0,0)
INSERT INTO "Countries"("Abbrev","Name","AllowUPS","Shipping","AddShipAmount")
	VALUES ('KG','Kyrgyzstan',1,0,0)
INSERT INTO "Countries"("Abbrev","Name","AllowUPS","Shipping","AddShipAmount")
	VALUES ('LA','Laos',1,0,0)
INSERT INTO "Countries"("Abbrev","Name","AllowUPS","Shipping","AddShipAmount")
	VALUES ('LV','Latvia',1,0,0)
INSERT INTO "Countries"("Abbrev","Name","AllowUPS","Shipping","AddShipAmount")
	VALUES ('LB','Lebanon',1,0,0)
INSERT INTO "Countries"("Abbrev","Name","AllowUPS","Shipping","AddShipAmount")
	VALUES ('LS','Lesotho',1,0,0)
INSERT INTO "Countries"("Abbrev","Name","AllowUPS","Shipping","AddShipAmount")
	VALUES ('LR','Liberia',1,0,0)
INSERT INTO "Countries"("Abbrev","Name","AllowUPS","Shipping","AddShipAmount")
	VALUES ('LI','Liechtenstein',1,0,0)
INSERT INTO "Countries"("Abbrev","Name","AllowUPS","Shipping","AddShipAmount")
	VALUES ('LT','Lithuania',1,0,0)
INSERT INTO "Countries"("Abbrev","Name","AllowUPS","Shipping","AddShipAmount")
	VALUES ('LU','Luxembourg',1,0,0)
INSERT INTO "Countries"("Abbrev","Name","AllowUPS","Shipping","AddShipAmount")
	VALUES ('MO','Macao',1,0,0)
INSERT INTO "Countries"("Abbrev","Name","AllowUPS","Shipping","AddShipAmount")
	VALUES ('MK','Macedonia',1,0,0)
INSERT INTO "Countries"("Abbrev","Name","AllowUPS","Shipping","AddShipAmount")
	VALUES ('MG','Madagascar',1,0,0)
INSERT INTO "Countries"("Abbrev","Name","AllowUPS","Shipping","AddShipAmount")
	VALUES ('MW','Malawi',1,0,0)
INSERT INTO "Countries"("Abbrev","Name","AllowUPS","Shipping","AddShipAmount")
	VALUES ('MY','Malaysia',1,0,0)
INSERT INTO "Countries"("Abbrev","Name","AllowUPS","Shipping","AddShipAmount")
	VALUES ('MV','Maldives',1,0,0)
INSERT INTO "Countries"("Abbrev","Name","AllowUPS","Shipping","AddShipAmount")
	VALUES ('ML','Mali',1,0,0)
INSERT INTO "Countries"("Abbrev","Name","AllowUPS","Shipping","AddShipAmount")
	VALUES ('MT','Malta',1,0,0)
INSERT INTO "Countries"("Abbrev","Name","AllowUPS","Shipping","AddShipAmount")
	VALUES ('MQ','Martinique',1,0,0)
INSERT INTO "Countries"("Abbrev","Name","AllowUPS","Shipping","AddShipAmount")
	VALUES ('MR','Mauritania',1,0,0)
INSERT INTO "Countries"("Abbrev","Name","AllowUPS","Shipping","AddShipAmount")
	VALUES ('MU','Mauritius',1,0,0)
INSERT INTO "Countries"("Abbrev","Name","AllowUPS","Shipping","AddShipAmount")
	VALUES ('MX','Mexico',1,0,0)
INSERT INTO "Countries"("Abbrev","Name","AllowUPS","Shipping","AddShipAmount")
	VALUES ('MD','Moldova',1,0,0)
INSERT INTO "Countries"("Abbrev","Name","AllowUPS","Shipping","AddShipAmount")
	VALUES ('MS','Montserrat',1,0,0)
INSERT INTO "Countries"("Abbrev","Name","AllowUPS","Shipping","AddShipAmount")
	VALUES ('MA','Morocco',1,0,0)
INSERT INTO "Countries"("Abbrev","Name","AllowUPS","Shipping","AddShipAmount")
	VALUES ('MZ','Mozambique',1,0,0)
INSERT INTO "Countries"("Abbrev","Name","AllowUPS","Shipping","AddShipAmount")
	VALUES ('NA','Namibia',1,0,0)
INSERT INTO "Countries"("Abbrev","Name","AllowUPS","Shipping","AddShipAmount")
	VALUES ('NP','Nepal',1,0,0)
INSERT INTO "Countries"("Abbrev","Name","AllowUPS","Shipping","AddShipAmount")
	VALUES ('NL','Netherlands (Holland)',1,0,0)
INSERT INTO "Countries"("Abbrev","Name","AllowUPS","Shipping","AddShipAmount")
	VALUES ('AN','Netherlands Antilles',1,0,0)
INSERT INTO "Countries"("Abbrev","Name","AllowUPS","Shipping","AddShipAmount")
	VALUES ('NC','New Caledonia',1,0,0)
INSERT INTO "Countries"("Abbrev","Name","AllowUPS","Shipping","AddShipAmount")
	VALUES ('NZ','New Zealand',1,0,0)
INSERT INTO "Countries"("Abbrev","Name","AllowUPS","Shipping","AddShipAmount")
	VALUES ('NI','Nicaragua',1,0,0)
INSERT INTO "Countries"("Abbrev","Name","AllowUPS","Shipping","AddShipAmount")
	VALUES ('NE','Niger',1,0,0)
INSERT INTO "Countries"("Abbrev","Name","AllowUPS","Shipping","AddShipAmount")
	VALUES ('NG','Nigeria',1,0,0)
INSERT INTO "Countries"("Abbrev","Name","AllowUPS","Shipping","AddShipAmount")
	VALUES ('NO','Norway',1,0,0)
INSERT INTO "Countries"("Abbrev","Name","AllowUPS","Shipping","AddShipAmount")
	VALUES ('OM','Oman',1,0,0)
INSERT INTO "Countries"("Abbrev","Name","AllowUPS","Shipping","AddShipAmount")
	VALUES ('PK','Pakistan',1,0,0)
INSERT INTO "Countries"("Abbrev","Name","AllowUPS","Shipping","AddShipAmount")
	VALUES ('PA','Panama',1,0,0)
INSERT INTO "Countries"("Abbrev","Name","AllowUPS","Shipping","AddShipAmount")
	VALUES ('PG','Papua New Guinea',1,0,0)
INSERT INTO "Countries"("Abbrev","Name","AllowUPS","Shipping","AddShipAmount")
	VALUES ('PY','Paraguay',1,0,0)
INSERT INTO "Countries"("Abbrev","Name","AllowUPS","Shipping","AddShipAmount")
	VALUES ('PE','Peru',1,0,0)
INSERT INTO "Countries"("Abbrev","Name","AllowUPS","Shipping","AddShipAmount")
	VALUES ('PH','Philippines',1,0,0)
INSERT INTO "Countries"("Abbrev","Name","AllowUPS","Shipping","AddShipAmount")
	VALUES ('PL','Poland',1,0,0)
INSERT INTO "Countries"("Abbrev","Name","AllowUPS","Shipping","AddShipAmount")
	VALUES ('PT','Portugal',1,0,0)
INSERT INTO "Countries"("Abbrev","Name","AllowUPS","Shipping","AddShipAmount")
	VALUES ('QA','Qatar',1,0,0)
INSERT INTO "Countries"("Abbrev","Name","AllowUPS","Shipping","AddShipAmount")
	VALUES ('RE','Reunion',1,0,0)
INSERT INTO "Countries"("Abbrev","Name","AllowUPS","Shipping","AddShipAmount")
	VALUES ('RO','Romania',1,0,0)
INSERT INTO "Countries"("Abbrev","Name","AllowUPS","Shipping","AddShipAmount")
	VALUES ('RU','Russian Federation',1,0,0)
INSERT INTO "Countries"("Abbrev","Name","AllowUPS","Shipping","AddShipAmount")
	VALUES ('RW','Rwanda',1,0,0)
INSERT INTO "Countries"("Abbrev","Name","AllowUPS","Shipping","AddShipAmount")
	VALUES ('VC','St. Vincent and the Grenadines',1,0,0)
INSERT INTO "Countries"("Abbrev","Name","AllowUPS","Shipping","AddShipAmount")
	VALUES ('SA','Saudi Arabia',1,0,0)
INSERT INTO "Countries"("Abbrev","Name","AllowUPS","Shipping","AddShipAmount")
	VALUES ('SN','Senegal',1,0,0)
INSERT INTO "Countries"("Abbrev","Name","AllowUPS","Shipping","AddShipAmount")
	VALUES ('SC','Seychelles',1,0,0)
INSERT INTO "Countries"("Abbrev","Name","AllowUPS","Shipping","AddShipAmount")
	VALUES ('SL','Sierra Leone',1,0,0)
INSERT INTO "Countries"("Abbrev","Name","AllowUPS","Shipping","AddShipAmount")
	VALUES ('SG','Singapore',1,0,0)
INSERT INTO "Countries"("Abbrev","Name","AllowUPS","Shipping","AddShipAmount")
	VALUES ('SK','Slovakia',1,0,0)
INSERT INTO "Countries"("Abbrev","Name","AllowUPS","Shipping","AddShipAmount")
	VALUES ('SI','Slovenia',1,0,0)
INSERT INTO "Countries"("Abbrev","Name","AllowUPS","Shipping","AddShipAmount")
	VALUES ('SB','Solomon Islands',1,0,0)
INSERT INTO "Countries"("Abbrev","Name","AllowUPS","Shipping","AddShipAmount")
	VALUES ('ZA','South Africa',1,0,0)
INSERT INTO "Countries"("Abbrev","Name","AllowUPS","Shipping","AddShipAmount")
	VALUES ('ES','Spain',1,0,0)
INSERT INTO "Countries"("Abbrev","Name","AllowUPS","Shipping","AddShipAmount")
	VALUES ('LK','Sri Lanka',1,0,0)
INSERT INTO "Countries"("Abbrev","Name","AllowUPS","Shipping","AddShipAmount")
	VALUES ('KN','St. Kitts and Nevis',1,0,0)
INSERT INTO "Countries"("Abbrev","Name","AllowUPS","Shipping","AddShipAmount")
	VALUES ('SR','Suriname',1,0,0)
INSERT INTO "Countries"("Abbrev","Name","AllowUPS","Shipping","AddShipAmount")
	VALUES ('SZ','Swaziland',1,0,0)
INSERT INTO "Countries"("Abbrev","Name","AllowUPS","Shipping","AddShipAmount")
	VALUES ('SE','Sweden',1,0,0)
INSERT INTO "Countries"("Abbrev","Name","AllowUPS","Shipping","AddShipAmount")
	VALUES ('CH','Switzerland',1,0,0)
INSERT INTO "Countries"("Abbrev","Name","AllowUPS","Shipping","AddShipAmount")
	VALUES ('SY','Syria',1,0,0)
INSERT INTO "Countries"("Abbrev","Name","AllowUPS","Shipping","AddShipAmount")
	VALUES ('TW','Taiwan',1,0,0)
INSERT INTO "Countries"("Abbrev","Name","AllowUPS","Shipping","AddShipAmount")
	VALUES ('TJ','Tajikistan',1,0,0)
INSERT INTO "Countries"("Abbrev","Name","AllowUPS","Shipping","AddShipAmount")
	VALUES ('TZ','Tanzania',1,0,0)
INSERT INTO "Countries"("Abbrev","Name","AllowUPS","Shipping","AddShipAmount")
	VALUES ('TH','Thailand',1,0,0)
INSERT INTO "Countries"("Abbrev","Name","AllowUPS","Shipping","AddShipAmount")
	VALUES ('TG','Togo',1,0,0)
INSERT INTO "Countries"("Abbrev","Name","AllowUPS","Shipping","AddShipAmount")
	VALUES ('TO','Tonga',1,0,0)
INSERT INTO "Countries"("Abbrev","Name","AllowUPS","Shipping","AddShipAmount")
	VALUES ('TT','Trinidad and Tobago',1,0,0)
INSERT INTO "Countries"("Abbrev","Name","AllowUPS","Shipping","AddShipAmount")
	VALUES ('TN','Tunisia',1,0,0)
INSERT INTO "Countries"("Abbrev","Name","AllowUPS","Shipping","AddShipAmount")
	VALUES ('TR','Turkey',1,0,0)
INSERT INTO "Countries"("Abbrev","Name","AllowUPS","Shipping","AddShipAmount")
	VALUES ('TC','Turks and Caicos Islands',1,0,0)
INSERT INTO "Countries"("Abbrev","Name","AllowUPS","Shipping","AddShipAmount")
	VALUES ('TV','Tuvalu',1,0,0)
INSERT INTO "Countries"("Abbrev","Name","AllowUPS","Shipping","AddShipAmount")
	VALUES ('UG','Uganda',1,0,0)
INSERT INTO "Countries"("Abbrev","Name","AllowUPS","Shipping","AddShipAmount")
	VALUES ('UA','Ukraine',1,0,0)
INSERT INTO "Countries"("Abbrev","Name","AllowUPS","Shipping","AddShipAmount")
	VALUES ('AE','United Arab Emirates',1,0,0)
INSERT INTO "Countries"("Abbrev","Name","AllowUPS","Shipping","AddShipAmount")
	VALUES ('US','United States',1,0,0)
INSERT INTO "Countries"("Abbrev","Name","AllowUPS","Shipping","AddShipAmount")
	VALUES ('UY','Uruguay',1,0,0)
INSERT INTO "Countries"("Abbrev","Name","AllowUPS","Shipping","AddShipAmount")
	VALUES ('UZ','Uzbekistan',1,0,0)
INSERT INTO "Countries"("Abbrev","Name","AllowUPS","Shipping","AddShipAmount")
	VALUES ('VU','Vanuatu',1,0,0)
INSERT INTO "Countries"("Abbrev","Name","AllowUPS","Shipping","AddShipAmount")
	VALUES ('VE','Venezuela',1,0,0)
INSERT INTO "Countries"("Abbrev","Name","AllowUPS","Shipping","AddShipAmount")
	VALUES ('VN','Vietnam',1,0,0)
INSERT INTO "Countries"("Abbrev","Name","AllowUPS","Shipping","AddShipAmount")
	VALUES ('WF','Wallis and Futuna Islands',1,0,0)
INSERT INTO "Countries"("Abbrev","Name","AllowUPS","Shipping","AddShipAmount")
	VALUES ('WS','Samoa',1,0,0)
INSERT INTO "Countries"("Abbrev","Name","AllowUPS","Shipping","AddShipAmount")
	VALUES ('ZR','Zaire',1,0,0)
INSERT INTO "Countries"("Abbrev","Name","AllowUPS","Shipping","AddShipAmount")
	VALUES ('ZM','Zambia',1,0,0)
INSERT INTO "Countries"("Abbrev","Name","AllowUPS","Shipping","AddShipAmount")
	VALUES ('ZW','Zimbabwe',1,0,0)
INSERT INTO "Countries"("Abbrev","Name","AllowUPS","Shipping","AddShipAmount")
	VALUES ('AS','American Samoa',1,0,0)
INSERT INTO "Countries"("Abbrev","Name","AllowUPS","Shipping","AddShipAmount")
	VALUES ('KH','Cambodia',1,0,0)
INSERT INTO "Countries"("Abbrev","Name","AllowUPS","Shipping","AddShipAmount")
	VALUES ('CE','Canary Islands',1,0,0)
INSERT INTO "Countries"("Abbrev","Name","AllowUPS","Shipping","AddShipAmount")
	VALUES ('CK','Cook Islands',1,0,0)
INSERT INTO "Countries"("Abbrev","Name","AllowUPS","Shipping","AddShipAmount")
	VALUES ('GU','Guam',1,0,0)
INSERT INTO "Countries"("Abbrev","Name","AllowUPS","Shipping","AddShipAmount")
	VALUES ('MH','Marshall Islands',1,0,0)
INSERT INTO "Countries"("Abbrev","Name","AllowUPS","Shipping","AddShipAmount")
	VALUES ('MC','Monaco',1,0,0)
INSERT INTO "Countries"("Abbrev","Name","AllowUPS","Shipping","AddShipAmount")
	VALUES ('NF','Norfolk Island',1,0,0)
INSERT INTO "Countries"("Abbrev","Name","AllowUPS","Shipping","AddShipAmount")
	VALUES ('MP','Northern Mariana Islands',1,0,0)
INSERT INTO "Countries"("Abbrev","Name","AllowUPS","Shipping","AddShipAmount")
	VALUES ('PW','Palau',1,0,0)
INSERT INTO "Countries"("Abbrev","Name","AllowUPS","Shipping","AddShipAmount")
	VALUES ('IR','Ireland - Republic Of',1,0,0)
INSERT INTO "Countries"("Abbrev","Name","AllowUPS","Shipping","AddShipAmount")
	VALUES ('LC','St. Lucia',1,0,0)
INSERT INTO "Countries"("Abbrev","Name","AllowUPS","Shipping","AddShipAmount")
	VALUES ('KR','Korea (South)',1,0,0)
INSERT INTO "Countries"("Abbrev","Name","AllowUPS","Shipping","AddShipAmount")
	VALUES ('VI','Virgin Islands (U.S.)',1,0,0)
INSERT INTO "Countries"("Abbrev","Name","AllowUPS","Shipping","AddShipAmount")
	VALUES ('BA','Bosnia',1,0,0)
INSERT INTO "Countries"("Abbrev","Name","AllowUPS","Shipping","AddShipAmount")
	VALUES ('GB','Great Britain (UK)',1,0,0)
INSERT INTO "Countries"("Abbrev","Name","AllowUPS","Shipping","AddShipAmount")
	VALUES ('AF','Afghanistan',0,0,0)
INSERT INTO "Countries"("Abbrev","Name","AllowUPS","Shipping","AddShipAmount")
	VALUES ('AO','Angola',0,0,0)
INSERT INTO "Countries"("Abbrev","Name","AllowUPS","Shipping","AddShipAmount")
	VALUES ('AZ','Azerbaijan',1,0,0)
INSERT INTO "Countries"("Abbrev","Name","AllowUPS","Shipping","AddShipAmount")
	VALUES ('BT','Bhutan',1,0,0)
INSERT INTO "Countries"("Abbrev","Name","AllowUPS","Shipping","AddShipAmount")
	VALUES ('EH','Western Sahara',1,0,0)
INSERT INTO "Countries"("Abbrev","Name","AllowUPS","Shipping","AddShipAmount")
	VALUES ('FM','Micronesia',1,0,0)
INSERT INTO "Countries"("Abbrev","Name","AllowUPS","Shipping","AddShipAmount")
	VALUES ('MN','Mongolia',1,0,0)
INSERT INTO "Countries"("Abbrev","Name","AllowUPS","Shipping","AddShipAmount")
	VALUES ('SM','San Marino',1,0,0)
INSERT INTO "Countries"("Abbrev","Name","AllowUPS","Shipping","AddShipAmount")
	VALUES ('SO','Somalia',1,0,0)
INSERT INTO "Countries"("Abbrev","Name","AllowUPS","Shipping","AddShipAmount")
	VALUES ('TM','Turkmenistan',1,0,0)
INSERT INTO "Countries"("Abbrev","Name","AllowUPS","Shipping","AddShipAmount")
	VALUES ('YE','Yemen',1,0,0)
INSERT INTO "Countries"("Abbrev","Name","AllowUPS","Shipping","AddShipAmount")
	VALUES ('YU','Yugoslavia',1,0,0)
INSERT INTO "Countries"("Abbrev","Name","AllowUPS","Shipping","AddShipAmount")
	VALUES ('AM','Armenia',1,0,0)
INSERT INTO "Countries"("Abbrev","Name","AllowUPS","Shipping","AddShipAmount")
	VALUES ('BL','Bonaire',1,0,0)
INSERT INTO "Countries"("Abbrev","Name","AllowUPS","Shipping","AddShipAmount")
	VALUES ('BV','Bouvet Island',1,0,0)
INSERT INTO "Countries"("Abbrev","Name","AllowUPS","Shipping","AddShipAmount")
	VALUES ('IO','British Indian Ocean Terr.',1,0,0)
INSERT INTO "Countries"("Abbrev","Name","AllowUPS","Shipping","AddShipAmount")
	VALUES ('CD','Channel Islands',1,0,0)
INSERT INTO "Countries"("Abbrev","Name","AllowUPS","Shipping","AddShipAmount")
	VALUES ('CX','Christmas Island',1,0,0)
INSERT INTO "Countries"("Abbrev","Name","AllowUPS","Shipping","AddShipAmount")
	VALUES ('CC','Cocos (Keeling) Islands',1,0,0)
INSERT INTO "Countries"("Abbrev","Name","AllowUPS","Shipping","AddShipAmount")
	VALUES ('CB','Curacao',1,0,0)
INSERT INTO "Countries"("Abbrev","Name","AllowUPS","Shipping","AddShipAmount")
	VALUES ('TP','East Timor',1,0,0)
INSERT INTO "Countries"("Abbrev","Name","AllowUPS","Shipping","AddShipAmount")
	VALUES ('EN','England',1,0,0)
INSERT INTO "Countries"("Abbrev","Name","AllowUPS","Shipping","AddShipAmount")
	VALUES ('FK','Falkland Islands',1,0,0)
INSERT INTO "Countries"("Abbrev","Name","AllowUPS","Shipping","AddShipAmount")
	VALUES ('TF','French Southern Territories',1,0,0)
INSERT INTO "Countries"("Abbrev","Name","AllowUPS","Shipping","AddShipAmount")
	VALUES ('HM','Heard Island',1,0,0)
INSERT INTO "Countries"("Abbrev","Name","AllowUPS","Shipping","AddShipAmount")
	VALUES ('KO','Kosrae',1,0,0)
INSERT INTO "Countries"("Abbrev","Name","AllowUPS","Shipping","AddShipAmount")
	VALUES ('YT','Mayotte',1,0,0)
INSERT INTO "Countries"("Abbrev","Name","AllowUPS","Shipping","AddShipAmount")
	VALUES ('MM','Myanmar',1,0,0)
INSERT INTO "Countries"("Abbrev","Name","AllowUPS","Shipping","AddShipAmount")
	VALUES ('NR','Nauru',1,0,0)
INSERT INTO "Countries"("Abbrev","Name","AllowUPS","Shipping","AddShipAmount")
	VALUES ('NT','Neutral Zone',1,0,0)
INSERT INTO "Countries"("Abbrev","Name","AllowUPS","Shipping","AddShipAmount")
	VALUES ('NU','Niue',1,0,0)
INSERT INTO "Countries"("Abbrev","Name","AllowUPS","Shipping","AddShipAmount")
	VALUES ('NB','Northern Ireland',1,0,0)
INSERT INTO "Countries"("Abbrev","Name","AllowUPS","Shipping","AddShipAmount")
	VALUES ('PN','Pitcairn',1,0,0)
INSERT INTO "Countries"("Abbrev","Name","AllowUPS","Shipping","AddShipAmount")
	VALUES ('PO','Ponape',1,0,0)
INSERT INTO "Countries"("Abbrev","Name","AllowUPS","Shipping","AddShipAmount")
	VALUES ('PR','Puerto Rico',1,0,0)
INSERT INTO "Countries"("Abbrev","Name","AllowUPS","Shipping","AddShipAmount")
	VALUES ('RT','Rota',1,0,0)
INSERT INTO "Countries"("Abbrev","Name","AllowUPS","Shipping","AddShipAmount")
	VALUES ('SS','Saba',1,0,0)
INSERT INTO "Countries"("Abbrev","Name","AllowUPS","Shipping","AddShipAmount")
	VALUES ('SP','Saipan',1,0,0)
INSERT INTO "Countries"("Abbrev","Name","AllowUPS","Shipping","AddShipAmount")
	VALUES ('ST','Sao Tome and Principe',1,0,0)
INSERT INTO "Countries"("Abbrev","Name","AllowUPS","Shipping","AddShipAmount")
	VALUES ('SF','Scotland',1,0,0)
INSERT INTO "Countries"("Abbrev","Name","AllowUPS","Shipping","AddShipAmount")
	VALUES ('GS','South Georgia',1,0,0)
INSERT INTO "Countries"("Abbrev","Name","AllowUPS","Shipping","AddShipAmount")
	VALUES ('SW','St. Christopher',1,0,0)
INSERT INTO "Countries"("Abbrev","Name","AllowUPS","Shipping","AddShipAmount")
	VALUES ('EU','St. Eustatius',1,0,0)
INSERT INTO "Countries"("Abbrev","Name","AllowUPS","Shipping","AddShipAmount")
	VALUES ('SH','St. Helena',1,0,0)
INSERT INTO "Countries"("Abbrev","Name","AllowUPS","Shipping","AddShipAmount")
	VALUES ('MB','St. Maarten',1,0,0)
INSERT INTO "Countries"("Abbrev","Name","AllowUPS","Shipping","AddShipAmount")
	VALUES ('TB','St. Martin',1,0,0)
INSERT INTO "Countries"("Abbrev","Name","AllowUPS","Shipping","AddShipAmount")
	VALUES ('PM','St. Pierre and Miquelon',1,0,0)
INSERT INTO "Countries"("Abbrev","Name","AllowUPS","Shipping","AddShipAmount")
	VALUES ('SD','Sudan',1,0,0)
INSERT INTO "Countries"("Abbrev","Name","AllowUPS","Shipping","AddShipAmount")
	VALUES ('SJ','Svalbard and Jan Mayen Islands',1,0,0)
INSERT INTO "Countries"("Abbrev","Name","AllowUPS","Shipping","AddShipAmount")
	VALUES ('TI','Tinian',1,0,0)
INSERT INTO "Countries"("Abbrev","Name","AllowUPS","Shipping","AddShipAmount")
	VALUES ('TK','Tokelau',1,0,0)
INSERT INTO "Countries"("Abbrev","Name","AllowUPS","Shipping","AddShipAmount")
	VALUES ('TU','Truk',1,0,0)
INSERT INTO "Countries"("Abbrev","Name","AllowUPS","Shipping","AddShipAmount")
	VALUES ('UM','US Minor Outlying Islands',1,0,0)
INSERT INTO "Countries"("Abbrev","Name","AllowUPS","Shipping","AddShipAmount")
	VALUES ('SU','USSR (former)',1,0,0)
INSERT INTO "Countries"("Abbrev","Name","AllowUPS","Shipping","AddShipAmount")
	VALUES ('VA','Vatican City State',1,0,0)
INSERT INTO "Countries"("Abbrev","Name","AllowUPS","Shipping","AddShipAmount")
	VALUES ('YA','Yap',1,0,0)

	
INSERT INTO "CreditCards"("CardName","Used")
	VALUES ('Visa',1)
INSERT INTO "CreditCards"("CardName","Used")
	VALUES ('MasterCard',1)
INSERT INTO "CreditCards"("CardName","Used")
	VALUES ('Amex',1)
INSERT INTO "CreditCards"("CardName","Used")
	VALUES ('Discover',1)
INSERT INTO "CreditCards"("CardName","Used")
	VALUES ('Diner''s Club',0)
INSERT INTO "CreditCards"("CardName","Used")
	VALUES ('Carte Blanche',0)
INSERT INTO "CreditCards"("CardName","Used")
	VALUES ('JCB',0)
INSERT INTO "CreditCards"("CardName","Used")
	VALUES ('enRoute',0)
	
INSERT INTO "CustomMethods"("Name","Amount","Used","Priority","Domestic","International")
	VALUES ('Next Day Air',10,1,3,1,0)
INSERT INTO "CustomMethods"("Name","Amount","Used","Priority","Domestic","International")
	VALUES ('2nd Day Air',5.5,1,2,1,0)
INSERT INTO "CustomMethods"("Name","Amount","Used","Priority","Domestic","International")
	VALUES ('Ground Shipping',0,1,1,1,0)
INSERT INTO "CustomMethods"("Name","Amount","Used","Priority","Domestic","International")
	VALUES ('Airmail',20,1,4,0,1)
	
INSERT INTO "CustomShipSettings"("ShowShipTable","MultPerItem","CumulativeAmounts","MultMethods","Debug")
	VALUES (1,1,1,0,0)
	
	
INSERT INTO "FedEx_Dropoff"("FedEx_Code","Description")
	VALUES ('BUSINESSSERVICE CENTER','Business Service Center')
INSERT INTO "FedEx_Dropoff"("FedEx_Code","Description")
	VALUES ('DROPBOX','Drop Box')
INSERT INTO "FedEx_Dropoff"("FedEx_Code","Description")
	VALUES ('REGULARPICKUP','Regular Pickup')
INSERT INTO "FedEx_Dropoff"("FedEx_Code","Description")
	VALUES ('REQUESTCOURIER','Request Courier')
INSERT INTO "FedEx_Dropoff"("FedEx_Code","Description")
	VALUES ('STATION','Station')
	
INSERT INTO "FedEx_Packaging"("FedEx_Code","Description")
	VALUES ('FEDEX10KGBOX','FedEx<sup>&reg;</sup> 10kb Box')
INSERT INTO "FedEx_Packaging"("FedEx_Code","Description")
	VALUES ('FEDEX25KGBOX','FedEx<sup>&reg;</sup> 25kg Box')
INSERT INTO "FedEx_Packaging"("FedEx_Code","Description")
	VALUES ('FEDEXBOX','FedEx<sup>&reg;</sup> Box')
INSERT INTO "FedEx_Packaging"("FedEx_Code","Description")
	VALUES ('FEDEXENVELOPE','FedEx<sup>&reg;</sup> Letter')
INSERT INTO "FedEx_Packaging"("FedEx_Code","Description")
	VALUES ('FEDEXPAK','FedEx<sup>&reg;</sup> Pak')
INSERT INTO "FedEx_Packaging"("FedEx_Code","Description")
	VALUES ('FEDEXTUBE','FedEx<sup>&reg;</sup> Tube')
INSERT INTO "FedEx_Packaging"("FedEx_Code","Description")
	VALUES ('YOURPACKAGING','Your Packaging')
	
INSERT INTO "FedEx_Settings"("AccountNo","MeterNum","MaxWeight","UnitsofMeasure","Dropoff","Packaging","OrigZip","OrigState","OrigCountry","Debug","UseGround","UseExpress","Logging")
	VALUES (NULL,NULL,150,'KGS/CM','REGULARPICKUP','YOURPACKAGING','00000','NY','US',0,1,1,0)
	

INSERT INTO "FedExMethods"("Name","Used","Shipper","Code","Priority")
	VALUES ('FedEx<sup>&reg;</sup> Ground',1,'FDXG','FEDEXGROUND',1)
INSERT INTO "FedExMethods"("Name","Used","Shipper","Code","Priority")
	VALUES ('FedEx<sup>&reg;</sup> Home Delivery',1,'FDXG','GROUNDHOMEDELIVERY',2)
INSERT INTO "FedExMethods"("Name","Used","Shipper","Code","Priority")
	VALUES ('FedEx Priority Overnight<sup>&reg;</sup>',1,'FDXE','PRIORITYOVERNIGHT',4)
INSERT INTO "FedExMethods"("Name","Used","Shipper","Code","Priority")
	VALUES ('FedEx 2 Day<sup>&reg;</sup>',1,'FDXE','FEDEX2DAY',3)
INSERT INTO "FedExMethods"("Name","Used","Shipper","Code","Priority")
	VALUES ('FedEx First Overnight<sup>&reg;</sup>',1,'FDXE','FIRSTOVERNIGHT',5)
INSERT INTO "FedExMethods"("Name","Used","Shipper","Code","Priority")
	VALUES ('FedEx Express Saver<sup>&reg;</sup>',1,'FDXE','FEDEXEXPRESSSAVER',6)
INSERT INTO "FedExMethods"("Name","Used","Shipper","Code","Priority")
	VALUES ('FedEx Standard Overnight<sup>&reg;</sup>',1,'FDXE','STANDARDOVERNIGHT',7)
INSERT INTO "FedExMethods"("Name","Used","Shipper","Code","Priority")
	VALUES ('FedEx International Priority<sup>&reg;</sup>',1,'FDXE','INTERNATIONALPRIORITY',8)
INSERT INTO "FedExMethods"("Name","Used","Shipper","Code","Priority")
	VALUES ('FedEx International Economy<sup>&reg;</sup>',1,'FDXE','INTERNATIONALECONOMY',9)



INSERT INTO "Groups"("Group_ID","Name","Description","Permissions","Wholesale","Group_Code","TaxExempt","ShipExempt")
	VALUES (1,'Administrator','User Permissions','contentkey_list^1,2;Access^7;Category^1;Feature^11;Page^1;Product^253;Shopping^1023;Users^15',1,'',0,0)
INSERT INTO "Groups"("Group_ID","Name","Description","Permissions","Wholesale","Group_Code","TaxExempt","ShipExempt")
	VALUES (2,'Webmaster','Menus, categories, pages, site settings','contentkey_list^2,1;FEATURE^3;CATEGORY^1;SHOPPING^3;USERS^7;PAGE^1;Access^0',0,NULL,0,0)
INSERT INTO "Groups"("Group_ID","Name","Description","Permissions","Wholesale","Group_Code","TaxExempt","ShipExempt")
	VALUES (3,'Editor','Manages site content','contentkey_list^4;FEATURE^3;CATEGORY^1;PAGE^3;USERS^2;PRODUCT^2',1,'',0,0)
INSERT INTO "Groups"("Group_ID","Name","Description","Permissions","Wholesale","Group_Code","TaxExempt","ShipExempt")
	VALUES (4,'Order Manager','','contentkey_list^5,4;USERS^6;SHOPPING^508',1,'',0,0)
INSERT INTO "Groups"("Group_ID","Name","Description","Permissions","Wholesale","Group_Code","TaxExempt","ShipExempt")
	VALUES (5,'Shipping Department','','contentkey_list^4;USERS^0;SHOPPING^272',1,'',0,0)
INSERT INTO "Groups"("Group_ID","Name","Description","Permissions","Wholesale","Group_Code","TaxExempt","ShipExempt")
	VALUES (6,'Wholesale Startup','30% off given on order','contentkey_list^4',1,NULL,0,0)
INSERT INTO "Groups"("Group_ID","Name","Description","Permissions","Wholesale","Group_Code","TaxExempt","ShipExempt")
	VALUES (7,'Author','Add & edit own user''s own features','FEATURE^1;USERS^2',0,'',0,0)


INSERT INTO "Intershipper"("Password","Residential","Pickup","UnitsofMeasure","MaxWeight","Carriers","UserID","Classes","MerchantZip","Logging","Debug")
	VALUES (NULL,1,'SCD','LBS/IN',50,'ALL',NULL,'ALL','00000',0,0)
	


INSERT INTO "IntShipTypes"("Name","Used","Code","Priority")
	VALUES ('UPS Next Day Air',1,'UND',99)
INSERT INTO "IntShipTypes"("Name","Used","Code","Priority")
	VALUES ('UPS 2nd Day Air',1,'U2D',99)
INSERT INTO "IntShipTypes"("Name","Used","Code","Priority")
	VALUES ('UPS Canadian Expedited Service',0,'UCX',99)
INSERT INTO "IntShipTypes"("Name","Used","Code","Priority")
	VALUES ('UPS Canadian Express Service',1,'UCE',99)
INSERT INTO "IntShipTypes"("Name","Used","Code","Priority")
	VALUES ('UPS 3-Day Select',1,'U3S',99)
INSERT INTO "IntShipTypes"("Name","Used","Code","Priority")
	VALUES ('UPS Next Day Air Saver',0,'UNS',99)
INSERT INTO "IntShipTypes"("Name","Used","Code","Priority")
	VALUES ('UPS Next Day Air Early AM',0,'UNA',99)
INSERT INTO "IntShipTypes"("Name","Used","Code","Priority")
	VALUES ('UPS Ground',1,'UGN',99)
INSERT INTO "IntShipTypes"("Name","Used","Code","Priority")
	VALUES ('FedEx Priority Overnight',0,'FPN',5)
INSERT INTO "IntShipTypes"("Name","Used","Code","Priority")
	VALUES ('FedEx 2nd Day',1,'F2D',2)
INSERT INTO "IntShipTypes"("Name","Used","Code","Priority")
	VALUES ('FedEx Express Saver',1,'FES',3)
INSERT INTO "IntShipTypes"("Name","Used","Code","Priority")
	VALUES ('FedEx Ground',1,'FGN',1)
INSERT INTO "IntShipTypes"("Name","Used","Code","Priority")
	VALUES ('FedEx Standard Overnight',1,'FSO',6)
INSERT INTO "IntShipTypes"("Name","Used","Code","Priority")
	VALUES ('DHL Overnight',1,'DON',99)
INSERT INTO "IntShipTypes"("Name","Used","Code","Priority")
	VALUES ('UPS Canadian Express Plus Service',0,'UCP',99)
INSERT INTO "IntShipTypes"("Name","Used","Code","Priority")
	VALUES ('UPS Standard Canadian Service',0,'UCS',99)
INSERT INTO "IntShipTypes"("Name","Used","Code","Priority")
	VALUES ('FedEx First Overnight',1,'FON',4)
INSERT INTO "IntShipTypes"("Name","Used","Code","Priority")
	VALUES ('FedEx Canadian Ground',0,'FCG',99)
INSERT INTO "IntShipTypes"("Name","Used","Code","Priority")
	VALUES ('FedEx Canadian International Economy',0,'FCE',99)
INSERT INTO "IntShipTypes"("Name","Used","Code","Priority")
	VALUES ('FedEx Canadian International Priority',0,'FCP',99)
INSERT INTO "IntShipTypes"("Name","Used","Code","Priority")
	VALUES ('FedEx Canadian International First',0,'FCF',99)
INSERT INTO "IntShipTypes"("Name","Used","Code","Priority")
	VALUES ('UPS 2nd Day Air AM',0,'U2A',99)
INSERT INTO "IntShipTypes"("Name","Used","Code","Priority")
	VALUES ('FedEx International Economy',0,'FIE',99)
INSERT INTO "IntShipTypes"("Name","Used","Code","Priority")
	VALUES ('FedEx International First',0,'FIF',99)
INSERT INTO "IntShipTypes"("Name","Used","Code","Priority")
	VALUES ('FedEx International Priority',0,'FIP',99)
INSERT INTO "IntShipTypes"("Name","Used","Code","Priority")
	VALUES ('U.S.P.S.Priority Mail',1,'PPM',99)
INSERT INTO "IntShipTypes"("Name","Used","Code","Priority")
	VALUES ('U.S.P.S. Parcel Post Machine',0,'PGM',99)
INSERT INTO "IntShipTypes"("Name","Used","Code","Priority")
	VALUES ('U.S.P.S.Express Mail',0,'PEA',99)
INSERT INTO "IntShipTypes"("Name","Used","Code","Priority")
	VALUES ('U.S.P.S. Parcel Post Non-Machine',0,'PGN',99)
INSERT INTO "IntShipTypes"("Name","Used","Code","Priority")
	VALUES ('U.S.P.S. Express Mail PO',0,'PEO',99)
INSERT INTO "IntShipTypes"("Name","Used","Code","Priority")
	VALUES ('U.S.P.S. Express Mail Intl.',0,'PEM',99)
INSERT INTO "IntShipTypes"("Name","Used","Code","Priority")
	VALUES ('U.S.P.S. Global Express Guaranteed',1,'PEG',99)
INSERT INTO "IntShipTypes"("Name","Used","Code","Priority")
	VALUES ('U.S.P.S. Priority Mail Intl.',1,'PMI',99)
INSERT INTO "IntShipTypes"("Name","Used","Code","Priority")
	VALUES ('U.S.P.S. First Class Mail Intl.',1,'PFI',99)
INSERT INTO "IntShipTypes"("Name","Used","Code","Priority")
	VALUES ('UPS WorldWide Expedited',1,'UWX',99)
INSERT INTO "IntShipTypes"("Name","Used","Code","Priority")
	VALUES ('UPS WorldWide Express',1,'UWE',99)
INSERT INTO "IntShipTypes"("Name","Used","Code","Priority")
	VALUES ('UPS WorldWide Express Plus',0,'UWP',99)



INSERT INTO "Locales"("Name","CurrExchange")
	VALUES ('Dutch (Belgian)','Netherlands')
INSERT INTO "Locales"("Name","CurrExchange")
	VALUES ('Dutch (Standard)','Euro')
INSERT INTO "Locales"("Name","CurrExchange")
	VALUES ('English (Australian)','Australia')
INSERT INTO "Locales"("Name","CurrExchange")
	VALUES ('English (Canadian)','Canada')
INSERT INTO "Locales"("Name","CurrExchange")
	VALUES ('English (New Zealand)','New Zealand')
INSERT INTO "Locales"("Name","CurrExchange")
	VALUES ('English (UK)','UK')
INSERT INTO "Locales"("Name","CurrExchange")
	VALUES ('English (US)','US')
INSERT INTO "Locales"("Name","CurrExchange")
	VALUES ('French (Belgian)','Belgium')
INSERT INTO "Locales"("Name","CurrExchange")
	VALUES ('French (Canadian)','Canada')
INSERT INTO "Locales"("Name","CurrExchange")
	VALUES ('French (Standard)','France')
INSERT INTO "Locales"("Name","CurrExchange")
	VALUES ('French (Swiss)','Switzerland')
INSERT INTO "Locales"("Name","CurrExchange")
	VALUES ('German (Austrian)','Austria')
INSERT INTO "Locales"("Name","CurrExchange")
	VALUES ('German (Standard)','Germany')
INSERT INTO "Locales"("Name","CurrExchange")
	VALUES ('German (Swiss)','Switzerland')
INSERT INTO "Locales"("Name","CurrExchange")
	VALUES ('Italian (Standard)','Italy')
INSERT INTO "Locales"("Name","CurrExchange")
	VALUES ('Italian (Swiss)','Switzerland')
INSERT INTO "Locales"("Name","CurrExchange")
	VALUES ('Norwegian (Bokmal)','Norway')
INSERT INTO "Locales"("Name","CurrExchange")
	VALUES ('Norwegian (Nynorsk)','Norway')
INSERT INTO "Locales"("Name","CurrExchange")
	VALUES ('Portuguese (Brazilian)','Portugal')
INSERT INTO "Locales"("Name","CurrExchange")
	VALUES ('Portuguese (Standard)','Portugal')
INSERT INTO "Locales"("Name","CurrExchange")
	VALUES ('Spanish (Mexican)','Mexico')
INSERT INTO "Locales"("Name","CurrExchange")
	VALUES ('Spanish (Standard)','Spain')
INSERT INTO "Locales"("Name","CurrExchange")
	VALUES ('Swedish','Sweden')



INSERT INTO "MailText"("MailText_Name","MailText_Message","MailText_Subject","MailText_Attachment","System","MailAction")
	VALUES ('Email Confirmation','Welcome to %SiteName%.
To complete the Email Confirmation process please click on the link below:
%SiteURL%index.cfm?fuseaction=users.unlock&amp;email=%Email%&amp;emaillock=%EmailLock%
If the link does not appear in your email as a clickable link, just copy and paste the complete URL into your browser''s location bar and hit enter.
You can also complete the process by copying the following code into the Email Confirmation form.
Your Code:
%EmailLock%
To access the Email Confirmation form just sign in and click on "My Account".
You only need to confirm your email address once.
See you online!
-- %SiteName%','%SiteName% Email Confirmation Code',NULL,1,'EmailConfirmation')
INSERT INTO "MailText"("MailText_Name","MailText_Message","MailText_Subject","MailText_Attachment","System","MailAction")
	VALUES ('New Member Admin Notification','A new member has registered on %SiteName%:

%MergeContent%','New Member Registration on %SiteName%',NULL,1,'NewMemberNotice')
INSERT INTO "MailText"("MailText_Name","MailText_Message","MailText_Subject","MailText_Attachment","System","MailAction")
	VALUES ('Forgot Password','Your password for %SiteName% has been reset to: %MergeContent%. Your username for this account is "%Username%".<br>
<br>
After logging in at %SiteURL% you can change this temporary password by clicking on "My Account".<br>
<br>
See you online!','Login Information',NULL,1,'ForgotPassword')
INSERT INTO "MailText"("MailText_Name","MailText_Message","MailText_Subject","MailText_Attachment","System","MailAction")
	VALUES ('Order Received Affiliate Notice','Here is a summary of an order received through your site! %Mergecontent%','Affiliate Order Received!',NULL,1,'OrderRecvdAffiliate')
INSERT INTO "MailText"("MailText_Name","MailText_Message","MailText_Subject","MailText_Attachment","System","MailAction")
	VALUES ('Order Received Customer Notice','Here is a summary of your order, thanks for shopping with us! %mergecontent%','Order Received!',NULL,1,'OrderRecvdCustomer')
INSERT INTO "MailText"("MailText_Name","MailText_Message","MailText_Subject","MailText_Attachment","System","MailAction")
	VALUES ('Gift Registry Purchase Notification','The following Gift Registry item was purchased: %Mergecontent%','%SiteName% Gift Registry Purchase',NULL,1,'GiftRegistryPurchase')
INSERT INTO "MailText"("MailText_Name","MailText_Message","MailText_Subject","MailText_Attachment","System","MailAction")
	VALUES ('Membership Auto-Renewal Billed',NULL,NULL,NULL,1,'MembershipAutoRenewBilled')
INSERT INTO "MailText"("MailText_Name","MailText_Message","MailText_Subject","MailText_Attachment","System","MailAction")
	VALUES ('Membership Auto-Renewal Cancel','<p>Your membership at %SiteName% has been cancelled as requested. Thanks for visiting!</p>',NULL,NULL,1,'MembershipAutoRenewCancel')
INSERT INTO "MailText"("MailText_Name","MailText_Message","MailText_Subject","MailText_Attachment","System","MailAction")
	VALUES ('Membership Renewal Reminder','Just a quick reminder that it is time to renew your %sitename%
membership due to expire in just a few days. You can renew your
membership at %SiteURL%. <br>
<br>
See you online!',NULL,NULL,1,'MembershipRenewReminder')
INSERT INTO "MailText"("MailText_Name","MailText_Message","MailText_Subject","MailText_Attachment","System","MailAction")
	VALUES ('Order Shipping/Tracking Information','Shipping information for your order from %SiteName%<br />
<br />
%mergecontent%<br />
<br />
%Merchant%','%SiteName% Order Shipped!',NULL,1,'OrderShipped')
INSERT INTO "MailText"("MailText_Name","MailText_Message","MailText_Subject","MailText_Attachment","System","MailAction")
	VALUES ('Custom Newsletter','Here''s an example of a custom newsletter. Inform your customers of what is going on at %SiteName%!<br />
<br />
%Merchant%','%SiteName% Newsletter',NULL,0,'Newsletter')
INSERT INTO "MailText"("MailText_Name","MailText_Message","MailText_Subject","MailText_Attachment","System","MailAction")
	VALUES ('Gift Certificate Purchase','<p>Thanks for your purchase of a gift certificate from %SiteName%! Just enter the code when you are checking out to receive credits towards your purchase.</p>
<p>%Mergecontent%</p>','%SiteName% Gift Certificate Purchase',NULL,1,'GiftCertPurchase')
INSERT INTO "MailText"("MailText_Name","MailText_Message","MailText_Subject","MailText_Attachment","System","MailAction")
	VALUES ('New Affiliate Admin Notification','A new affiliate has registered on %SiteName%:
<br><br>%MergeContent%','New Affiliate Registration on',NULL,1,'NewAffiliateNotice')


INSERT INTO "OrderSettings"("AllowInt","AllowOffline","OnlyOffline","OfflineMessage","CCProcess","AllowPO","EmailAdmin","EmailUser","EmailAffs","EmailDrop","OrderEmail","DropEmail","EmailDropWhen","Giftcard","Delivery","Coupons","Backorders","BaseOrderNum","StoreCardInfo","UseCVV2","MinTotal","NoGuests","UseBilling","UsePayPal","PayPalEmail","PayPalLog","CustomText1","CustomText2","CustomText3","CustomSelect1","CustomSelect2","CustomChoices1","CustomChoices2","CustomText_Req","CustomSelect_Req","AgreeTerms","Giftwrap","ShowBasket","SkipAddressForm")
	VALUES (1,1,0,'Please call us at 1-310-770-6442 to complete your order.','None',0,1,1,1,1,'info@yoursite.com','info@yoursite.com','Processed',1,1,1,1,1000,0,1,0,0,0,0,NULL,0,NULL,NULL,NULL,NULL,NULL,NULL,NULL,NULL,NULL,NULL,0,0,0)



INSERT INTO "Pages"("Page_ID","Page_URL","CatCore_ID","PassParam","Display","PageAction","Page_Name","Page_Title","Sm_Image","Lg_Image","Sm_Title","Lg_Title","Color_ID","PageText","System","Href_Attributes","AccessKey","Priority","Parent_ID","Title_Priority","Metadescription","Keywords","TitleTag")
	VALUES (0,'none',0,NULL,1,NULL,'(Default Page Menu)','',NULL,NULL,NULL,NULL,NULL,'',0,NULL,0,0,0,3,NULL,NULL,NULL)
INSERT INTO "Pages"("Page_ID","Page_URL","CatCore_ID","PassParam","Display","PageAction","Page_Name","Page_Title","Sm_Image","Lg_Image","Sm_Title","Lg_Title","Color_ID","PageText","System","Href_Attributes","AccessKey","Priority","Parent_ID","Title_Priority","Metadescription","Keywords","TitleTag")
	VALUES (1,'index.cfm',2,'topcats=1,onsale=1,new=1,hot=1,prodofday=1,notsold=1,listing=vertical',1,'home','home','Better than ever!',NULL,NULL,NULL,NULL,NULL,'<br />We&nbsp;have created this demo site to show off some of the&nbsp;incredible features of CFWebstore''s new Fusebox Edition.&nbsp;This product is so flexible that it''s impossible to&nbsp;demonstrate all the things it can do but&nbsp;look around&nbsp;and we''re&nbsp;sure you''ll agree that it is packed with incredible features! <br /><br />This page, like all the other pages in this site, is completely editable&nbsp;using&nbsp;any web browser. You have full control over the layout and content.',1,NULL,0,7,0,0,NULL,NULL,NULL)
INSERT INTO "Pages"("Page_ID","Page_URL","CatCore_ID","PassParam","Display","PageAction","Page_Name","Page_Title","Sm_Image","Lg_Image","Sm_Title","Lg_Title","Color_ID","PageText","System","Href_Attributes","AccessKey","Priority","Parent_ID","Title_Priority","Metadescription","Keywords","TitleTag")
	VALUES (2,'index.cfm?fuseaction=users.manager',0,'noline=1',1,'manager','user account','My Account',NULL,NULL,NULL,NULL,NULL,'',1,NULL,0,3,0,0,'','','')
INSERT INTO "Pages"("Page_ID","Page_URL","CatCore_ID","PassParam","Display","PageAction","Page_Name","Page_Title","Sm_Image","Lg_Image","Sm_Title","Lg_Title","Color_ID","PageText","System","Href_Attributes","AccessKey","Priority","Parent_ID","Title_Priority","Metadescription","Keywords","TitleTag")
	VALUES (3,'index.cfm?fuseaction=shopping.basket',0,'noline=1',1,'basket','view cart','',NULL,NULL,NULL,NULL,NULL,'<blockquote style="margin-right: 0px;" dir="ltr" class="carttext">
<p><strong>Return Policy</strong>: All Sales Final. Return of damaged goods&nbsp;will be accepted at time of<br />
delivery with 15% restocking fee.</p>
<p>This bottom text area is defined in the Page Manager for the shopping cart.</p>
</blockquote>
<p align="center"><img width="39" height="24" border="0" src="images/icons/cc_mastercard.gif" alt="" />&nbsp; <img width="36" height="24" border="0" src="images/icons/cc_visa.gif" alt="" />&nbsp; <img width="29" height="24" border="0" src="images/icons/cc_amex.gif" alt="" />&nbsp; <img width="60" height="24" border="0" src="images/icons/cc_discover.gif" alt="" /></p>',1,NULL,0,1,0,0,'','','Shopping Cart')
INSERT INTO "Pages"("Page_ID","Page_URL","CatCore_ID","PassParam","Display","PageAction","Page_Name","Page_Title","Sm_Image","Lg_Image","Sm_Title","Lg_Title","Color_ID","PageText","System","Href_Attributes","AccessKey","Priority","Parent_ID","Title_Priority","Metadescription","Keywords","TitleTag")
	VALUES (4,'index.cfm?fuseaction=page.search',5,NULL,1,'search','search','Site Search',NULL,NULL,NULL,NULL,NULL,'Please enter keywords to search for:',1,NULL,0,6,0,0,NULL,NULL,NULL)
INSERT INTO "Pages"("Page_ID","Page_URL","CatCore_ID","PassParam","Display","PageAction","Page_Name","Page_Title","Sm_Image","Lg_Image","Sm_Title","Lg_Title","Color_ID","PageText","System","Href_Attributes","AccessKey","Priority","Parent_ID","Title_Priority","Metadescription","Keywords","TitleTag")
	VALUES (5,'index.cfm?fuseaction=page.searchresults',6,NULL,0,'searchResults','Search Results','Search Results',NULL,NULL,NULL,NULL,NULL,'',1,NULL,0,9999,0,0,NULL,NULL,NULL)
INSERT INTO "Pages"("Page_ID","Page_URL","CatCore_ID","PassParam","Display","PageAction","Page_Name","Page_Title","Sm_Image","Lg_Image","Sm_Title","Lg_Title","Color_ID","PageText","System","Href_Attributes","AccessKey","Priority","Parent_ID","Title_Priority","Metadescription","Keywords","TitleTag")
	VALUES (6,'index.cfm?fuseaction=page.new',3,'new=1,onsale=1',0,'new','what''s new','What''s New',NULL,NULL,NULL,NULL,NULL,'<P>This&nbsp;page displays all the new and&nbsp;sale&nbsp;categories, products and feature articles.&nbsp;Items are automatically placed on this page when you&nbsp;turn on&nbsp;the "new" or "highlight" option&nbsp;on the item''s admin page.&nbsp; </P>
<P>This What''s New page is included as a standard Page in the Page Manager. You can also call it as a Category template to include it as a Category&nbsp;OR it can be included as part of&nbsp; the Home page. </P>
<P>You have the choice of selecting only New, only Sale, or Both.</P>',1,NULL,0,9999,0,0,NULL,NULL,NULL)
INSERT INTO "Pages"("Page_ID","Page_URL","CatCore_ID","PassParam","Display","PageAction","Page_Name","Page_Title","Sm_Image","Lg_Image","Sm_Title","Lg_Title","Color_ID","PageText","System","Href_Attributes","AccessKey","Priority","Parent_ID","Title_Priority","Metadescription","Keywords","TitleTag")
	VALUES (7,'index.cfm?fuseaction=page.membersOnly',0,NULL,0,'membersOnly','Members Only','Members Only',NULL,NULL,NULL,NULL,NULL,'<p><strong><font color="#ff3300">Sorry!&nbsp; A membership is required.</font></strong></p>
<p>This text displays when content is locked with an access key and the user IS logged in and does not have the key. If the user was not logged in, the user would get a PLEASE LOG IN page instead.</p>
<p>You can check your membership information by clicking on the Current Memberships link on the My Accounts page or clicking <a href="index.cfm?fuseaction=access.memberships">HERE</a>.</p>
<p>You can edit the text of this page in the Page Manager.</p>
<p>This page automatically&nbsp;lists all&nbsp;Membership Products below.</p>',1,NULL,0,9999,0,0,'','members, login','CFWebstore Members Only Page')
INSERT INTO "Pages"("Page_ID","Page_URL","CatCore_ID","PassParam","Display","PageAction","Page_Name","Page_Title","Sm_Image","Lg_Image","Sm_Title","Lg_Title","Color_ID","PageText","System","Href_Attributes","AccessKey","Priority","Parent_ID","Title_Priority","Metadescription","Keywords","TitleTag")
	VALUES (8,'index.cfm?fuseaction=page.contactUs',15,'noline=1,BoxTitle=Email Us',1,'contactUs','contact us','Contact Us',NULL,NULL,NULL,NULL,NULL,'<p>Have a question? Have a comment? Please contact us!</p>
&nbsp;
<table width="75%" cellspacing="0" cellpadding="3" border="0">
    <tbody>
        <tr>
            <td>Phone:</td>
            <td><strong>222-555-6442</strong></td>
        </tr>
        <tr>
            <td valign="top">Mail:</td>
            <td>
            222 Main Street<br />
            Jonesville, MD</p>
            </td>
        </tr>
        <tr>
            <td>E-mail:</td>
            <td><a href="mailto:info&#064;YourSite.com">info-at-YourSite.com</a></td>
        </tr>
    </tbody>
</table>
<br />
You can also use the form below:
<p>&nbsp;</p>',1,NULL,0,4,0,0,'','','')
INSERT INTO "Pages"("Page_ID","Page_URL","CatCore_ID","PassParam","Display","PageAction","Page_Name","Page_Title","Sm_Image","Lg_Image","Sm_Title","Lg_Title","Color_ID","PageText","System","Href_Attributes","AccessKey","Priority","Parent_ID","Title_Priority","Metadescription","Keywords","TitleTag")
	VALUES (9,'index.cfm?fuseaction=page.sitemap',14,'noline=1,alpha=1',0,'sitemap','site map','Site Map',NULL,NULL,NULL,NULL,NULL,'<P>The following is a list of all the Categories, Products and Feature Articles on our site. We hope it will assist you in finding what you''re looking for.</P>',1,NULL,0,5,0,0,NULL,NULL,NULL)
INSERT INTO "Pages"("Page_ID","Page_URL","CatCore_ID","PassParam","Display","PageAction","Page_Name","Page_Title","Sm_Image","Lg_Image","Sm_Title","Lg_Title","Color_ID","PageText","System","Href_Attributes","AccessKey","Priority","Parent_ID","Title_Priority","Metadescription","Keywords","TitleTag")
	VALUES (10,'index.cfm?fuseaction=shopping.wishlist',0,NULL,1,'wishlist','wishlist','Wishlist',NULL,NULL,NULL,NULL,NULL,'',1,NULL,0,2,0,0,NULL,NULL,NULL)
INSERT INTO "Pages"("Page_ID","Page_URL","CatCore_ID","PassParam","Display","PageAction","Page_Name","Page_Title","Sm_Image","Lg_Image","Sm_Title","Lg_Title","Color_ID","PageText","System","Href_Attributes","AccessKey","Priority","Parent_ID","Title_Priority","Metadescription","Keywords","TitleTag")
	VALUES (16,'index.cfm?fuseaction=page.cvv2help',0,'noline=1',0,'cvv2help','cvv2help','Your Credit Card Verification Value',NULL,'','','',NULL,'<P>Entering the Card Verification Value 2 (CVV2) number helps us to prevent credit card fraud and keep costs down for everyone. Since a CVV2 number is listed on your credit card but is not stored anywhere, the only way to know the correct CVV2 number for your credit card is to physically have possession of the card itself. All VISA, MasterCard and American Express cards made in America&nbsp;have a CVV2 number. </P>
<P><STRONG>How to find your CVV2 Number:</STRONG></P>
<P><IMG height=115 alt="Amex Card" src="images/icons/amex_cvv2.gif" width=157 align=left border=0><STRONG>American Express</STRONG><BR><BR>Enter the 4 digit, non-embossed number printed above your account number on the <B>face</B> of your card.</P>
<P>&nbsp;</P>
<P><IMG height=115 src="images/icons/visa_cvv2.gif" width=157 align=left border=0><STRONG>Visa</STRONG><BR><BR>Enter the 3-digit, non-embossed number printed on the signature panel on the <B>back</B> of the card immediately following the Visa card account number.</P>
<P>&nbsp;</P>
<P><IMG height=115 src="images/icons/mastercard_cvv2.gif" width=157 align=left border=0><STRONG>MasterCard</STRONG><BR><BR>Enter the 3-digit, non-embossed number printed on the signature panel on the <B>back</B> of the card.</P>
<P>&nbsp;</P>
<P><IMG height=115 src="images/icons/discover_cvv2.gif" width=157 align=left border=0><STRONG>Discover</STRONG><BR><BR>Enter the 3-digit, non-embossed number printed on the signature panel on the <B>back</B> of the card.</P>',1,'',0,9999,0,0,NULL,NULL,NULL)
INSERT INTO "Pages"("Page_ID","Page_URL","CatCore_ID","PassParam","Display","PageAction","Page_Name","Page_Title","Sm_Image","Lg_Image","Sm_Title","Lg_Title","Color_ID","PageText","System","Href_Attributes","AccessKey","Priority","Parent_ID","Title_Priority","Metadescription","Keywords","TitleTag")
	VALUES (17,'index.cfm?fuseaction=page.receipt',0,'noline=1',0,'receipt','receipt',NULL,NULL,NULL,NULL,NULL,NULL,NULL,1,NULL,0,9999,0,0,NULL,NULL,NULL)
INSERT INTO "Pages"("Page_ID","Page_URL","CatCore_ID","PassParam","Display","PageAction","Page_Name","Page_Title","Sm_Image","Lg_Image","Sm_Title","Lg_Title","Color_ID","PageText","System","Href_Attributes","AccessKey","Priority","Parent_ID","Title_Priority","Metadescription","Keywords","TitleTag")
	VALUES (18,'index.cfm?fuseaction=shopping.tracking',0,NULL,0,'tracking','track order','',NULL,NULL,NULL,NULL,NULL,'',0,NULL,0,4,0,0,NULL,NULL,NULL)
INSERT INTO "Pages"("Page_ID","Page_URL","CatCore_ID","PassParam","Display","PageAction","Page_Name","Page_Title","Sm_Image","Lg_Image","Sm_Title","Lg_Title","Color_ID","PageText","System","Href_Attributes","AccessKey","Priority","Parent_ID","Title_Priority","Metadescription","Keywords","TitleTag")
	VALUES (19,'index.cfm?fuseaction=shopping.giftregistry',0,NULL,0,'giftregistry','gift registry','',NULL,NULL,NULL,NULL,NULL,'',0,NULL,0,4,0,0,NULL,NULL,NULL)
INSERT INTO "Pages"("Page_ID","Page_URL","CatCore_ID","PassParam","Display","PageAction","Page_Name","Page_Title","Sm_Image","Lg_Image","Sm_Title","Lg_Title","Color_ID","PageText","System","Href_Attributes","AccessKey","Priority","Parent_ID","Title_Priority","Metadescription","Keywords","TitleTag")
	VALUES (20,'index.cfm?fuseaction=page.pagenotfound',0,'noline=1',0,'PageNotFound','Page Error','Page Not Found',NULL,NULL,NULL,NULL,NULL,'<sup>Sorry, an error was encountered in retrieving the information, or the item is no longer available.<br/><br/>Please try Searching or The Site Map for assistance.<br/><br /></sup>',1,NULL,0,9999,0,0,NULL,NULL,NULL)
INSERT INTO "Pages"("Page_ID","Page_URL","CatCore_ID","PassParam","Display","PageAction","Page_Name","Page_Title","Sm_Image","Lg_Image","Sm_Title","Lg_Title","Color_ID","PageText","System","Href_Attributes","AccessKey","Priority","Parent_ID","Title_Priority","Metadescription","Keywords","TitleTag")
	VALUES (21,'index.cfm?fuseaction=page.nocookies',0,'noline=1',0,'nocookies','No Cookies','Cookies Required',NULL,NULL,NULL,NULL,NULL,'This site requires cookies in order to shop and to checkout. This is the safest and most secure way to conduct online business so is done for your safety and convenience. Please check your browser settings and ensure that you have set it to allow cookies.',1,NULL,0,9999,0,0,NULL,NULL,NULL)


INSERT INTO "Permission_Groups"("Name")
	VALUES ('Access')
INSERT INTO "Permission_Groups"("Name")
	VALUES ('Category')
INSERT INTO "Permission_Groups"("Name")
	VALUES ('Feature')
INSERT INTO "Permission_Groups"("Name")
	VALUES ('Product')
INSERT INTO "Permission_Groups"("Name")
	VALUES ('Shopping')
INSERT INTO "Permission_Groups"("Name")
	VALUES ('Users')
INSERT INTO "Permission_Groups"("Name")
	VALUES ('Page')
	

INSERT INTO "Permissions"("Group_ID","Name","BitValue")
	VALUES (1,'Assign Permissions',1)
INSERT INTO "Permissions"("Group_ID","Name","BitValue")
	VALUES (1,'Manage Access Keys',2)
INSERT INTO "Permissions"("Group_ID","Name","BitValue")
	VALUES (1,'Manage Memberships',4)
INSERT INTO "Permissions"("Group_ID","Name","BitValue")
	VALUES (2,'Category Admin',1)
INSERT INTO "Permissions"("Group_ID","Name","BitValue")
	VALUES (3,'Feature Admin',1)
INSERT INTO "Permissions"("Group_ID","Name","BitValue")
	VALUES (3,'Feature Editor',2)
INSERT INTO "Permissions"("Group_ID","Name","BitValue")
	VALUES (3,'Feature Author',4)
INSERT INTO "Permissions"("Group_ID","Name","BitValue")
	VALUES (4,'Full Product Admin',1)
INSERT INTO "Permissions"("Group_ID","Name","BitValue")
	VALUES (4,'User Products Admin',2)
INSERT INTO "Permissions"("Group_ID","Name","BitValue")
	VALUES (4,'Discount Admin',4)
INSERT INTO "Permissions"("Group_ID","Name","BitValue")
	VALUES (4,'Promotion Admin',8)
INSERT INTO "Permissions"("Group_ID","Name","BitValue")
	VALUES (5,'Cart Admin',1)
INSERT INTO "Permissions"("Group_ID","Name","BitValue")
	VALUES (5,'Order Access',2)
INSERT INTO "Permissions"("Group_ID","Name","BitValue")
	VALUES (5,'Gift Certs Admin',4)
INSERT INTO "Permissions"("Group_ID","Name","BitValue")
	VALUES (5,'Order Approve',8)
INSERT INTO "Permissions"("Group_ID","Name","BitValue")
	VALUES (5,'Order Process',16)
INSERT INTO "Permissions"("Group_ID","Name","BitValue")
	VALUES (5,'Order Dropship',32)
INSERT INTO "Permissions"("Group_ID","Name","BitValue")
	VALUES (5,'Order Edit',64)
INSERT INTO "Permissions"("Group_ID","Name","BitValue")
	VALUES (5,'Order Reports',128)
INSERT INTO "Permissions"("Group_ID","Name","BitValue")
	VALUES (6,'Site Admin',1)
INSERT INTO "Permissions"("Group_ID","Name","BitValue")
	VALUES (6,'Admin Menu',2)
INSERT INTO "Permissions"("Group_ID","Name","BitValue")
	VALUES (6,'Group & User Admin',4)
INSERT INTO "Permissions"("Group_ID","Name","BitValue")
	VALUES (6,'User Export',8)
INSERT INTO "Permissions"("Group_ID","Name","BitValue")
	VALUES (7,'Page Admin',1)
INSERT INTO "Permissions"("Group_ID","Name","BitValue")
	VALUES (4,'Product Import',16)
INSERT INTO "Permissions"("Group_ID","Name","BitValue")
	VALUES (4,'Product Export',32)
INSERT INTO "Permissions"("Group_ID","Name","BitValue")
	VALUES (4,'Site Feeds',128)
INSERT INTO "Permissions"("Group_ID","Name","BitValue")
	VALUES (5,'Order Search',256)
INSERT INTO "Permissions"("Group_ID","Name","BitValue")
	VALUES (4,'Product Reviews',64)
INSERT INTO "Permissions"("Group_ID","Name","BitValue")
	VALUES (3,'Feature Reviews',8)
INSERT INTO "Permissions"("Group_ID","Name","BitValue")
	VALUES (5,'Gift Registry Admin',512)


INSERT INTO "PickLists"("Feature_Type","Acc_Rep","Acc_Type1","Acc_Descr1","Product_Availability","Shipping_Status","PO_Status","GiftRegistry_Type","Review_Editorial")
	VALUES ('press release,article,training',NULL,'distributor',NULL,'ships immediately,on backorder','incomplete,backordered','emailed,faxed','wedding,christmas,birthday,baby','Editor,Spotlight')


INSERT INTO "Settings"("SiteName","SiteLogo","Merchant","HomeCountry","MerchantEmail","Webmaster","DefaultImages","FilePath","MimeTypes","MoneyUnit","WeightUnit","SizeUnit","InvLevel","ShowInStock","OutofStock","ShowRetail","ItemSort","Wishlists","OrderButtonText","OrderButtonImage","AllowWholesale","UseVerity","CollectionName","CColumns","PColumns","MaxProds","ProdRoot","FeatureRoot","MaxFeatures","Locale","CurrExchange","CurrExLabel","Color_ID","Metadescription","Keywords","Email_Server","Email_Port","Admin_New_Window","UseSES","Default_Fuseaction","Editor","ProductReviews","ProductReview_Approve","ProductReview_Flag","ProductReview_Add","ProductReview_Rate","ProductReviews_Page","FeatureReviews","FeatureReview_Add","FeatureReview_Flag","FeatureReview_Approve","GiftRegistry")
	VALUES ('Store',NULL,NULL,'US^United States','info@yoursite.com','orders@yoursite.com','images',NULL,'application/x-zip-compressed,application/zip, application/msword, application/x-excel, text/plain, application/pdf, image/gif, image/jpeg, image/pjpeg, image/png, audio/mpeg','Dollars','Pounds','Inches','Mixed',0,1,1,'Name',1,'Add to Cart','addtocart.gif',0,0,NULL,2,1,10,0,0,6,'English (US)','None',NULL,1,'default site description goes here','default,site,description','mail.yoursite.net',25,1,0,'page.home','Default',1,0,1,2,0,2,1,2,0,1,0)

INSERT INTO "ShipSettings"("ShipType","ShipBase","MerchantZip","InStorePickup","AllowNoShip","NoShipMess","NoShipType","ShipHand","Freeship_Min","Freeship_ShipIDs","ShowEstimator","ShowFreight","UseDropShippers")
	VALUES ('Price',0,'00000',0,1,'We were unable to calculate shipping for your order.<BR>
Please complete your order and we will email you the exact shipping cost before final processing of your order.','Not Calculated',0,0,NULL,0,0,0)


INSERT INTO "States"("Abb","Name")
	VALUES ('AA','Armed Forces Americas')
INSERT INTO "States"("Abb","Name")
	VALUES ('AB','Alberta')
INSERT INTO "States"("Abb","Name")
	VALUES ('AE','Armed Forces Canada/Europe')
INSERT INTO "States"("Abb","Name")
	VALUES ('AK','Alaska')
INSERT INTO "States"("Abb","Name")
	VALUES ('AL','Alabama')
INSERT INTO "States"("Abb","Name")
	VALUES ('AP','Armed Forces Pacific')
INSERT INTO "States"("Abb","Name")
	VALUES ('AR','Arkansas')
INSERT INTO "States"("Abb","Name")
	VALUES ('AS','American Samoa')
INSERT INTO "States"("Abb","Name")
	VALUES ('AZ','Arizona')
INSERT INTO "States"("Abb","Name")
	VALUES ('BC','British Columbia')
INSERT INTO "States"("Abb","Name")
	VALUES ('CA','California')
INSERT INTO "States"("Abb","Name")
	VALUES ('CO','Colorado')
INSERT INTO "States"("Abb","Name")
	VALUES ('CT','Connecticut')
INSERT INTO "States"("Abb","Name")
	VALUES ('DC','District of Columbia')
INSERT INTO "States"("Abb","Name")
	VALUES ('DE','Delaware')
INSERT INTO "States"("Abb","Name")
	VALUES ('FL','Florida')
INSERT INTO "States"("Abb","Name")
	VALUES ('GA','Georgia')
INSERT INTO "States"("Abb","Name")
	VALUES ('GU','Guam')
INSERT INTO "States"("Abb","Name")
	VALUES ('HI','Hawaii')
INSERT INTO "States"("Abb","Name")
	VALUES ('IA','Iowa')
INSERT INTO "States"("Abb","Name")
	VALUES ('ID','Idaho')
INSERT INTO "States"("Abb","Name")
	VALUES ('IL','Illinois')
INSERT INTO "States"("Abb","Name")
	VALUES ('IN','Indiana')
INSERT INTO "States"("Abb","Name")
	VALUES ('KS','Kansas')
INSERT INTO "States"("Abb","Name")
	VALUES ('KY','Kentucky')
INSERT INTO "States"("Abb","Name")
	VALUES ('LA','Louisiana')
INSERT INTO "States"("Abb","Name")
	VALUES ('MA','Massachusetts')
INSERT INTO "States"("Abb","Name")
	VALUES ('MB','Manitoba')
INSERT INTO "States"("Abb","Name")
	VALUES ('MD','Maryland')
INSERT INTO "States"("Abb","Name")
	VALUES ('ME','Maine')
INSERT INTO "States"("Abb","Name")
	VALUES ('MI','Michigan')
INSERT INTO "States"("Abb","Name")
	VALUES ('MN','Minnesota')
INSERT INTO "States"("Abb","Name")
	VALUES ('MO','Missouri')
INSERT INTO "States"("Abb","Name")
	VALUES ('MS','Mississippi')
INSERT INTO "States"("Abb","Name")
	VALUES ('MT','Montana')
INSERT INTO "States"("Abb","Name")
	VALUES ('NB','New Brunswick')
INSERT INTO "States"("Abb","Name")
	VALUES ('NC','North Carolina')
INSERT INTO "States"("Abb","Name")
	VALUES ('ND','North Dakota')
INSERT INTO "States"("Abb","Name")
	VALUES ('NE','Nebraska')
INSERT INTO "States"("Abb","Name")
	VALUES ('NF','Newfoundland and Labrador')
INSERT INTO "States"("Abb","Name")
	VALUES ('NH','New Hampshire')
INSERT INTO "States"("Abb","Name")
	VALUES ('NJ','New Jersey')
INSERT INTO "States"("Abb","Name")
	VALUES ('NM','New Mexico')
INSERT INTO "States"("Abb","Name")
	VALUES ('NS','Nova Scotia')
INSERT INTO "States"("Abb","Name")
	VALUES ('NT','Northwest Territories')
INSERT INTO "States"("Abb","Name")
	VALUES ('NV','Nevada')
INSERT INTO "States"("Abb","Name")
	VALUES ('NY','New York')
INSERT INTO "States"("Abb","Name")
	VALUES ('OH','Ohio')
INSERT INTO "States"("Abb","Name")
	VALUES ('OK','Oklahoma')
INSERT INTO "States"("Abb","Name")
	VALUES ('ON','Ontario')
INSERT INTO "States"("Abb","Name")
	VALUES ('OR','Oregon')
INSERT INTO "States"("Abb","Name")
	VALUES ('PA','Pennsylvania')
INSERT INTO "States"("Abb","Name")
	VALUES ('PE','Prince Edward Island')
INSERT INTO "States"("Abb","Name")
	VALUES ('PR','Puerto Rico')
INSERT INTO "States"("Abb","Name")
	VALUES ('PW','Palau')
INSERT INTO "States"("Abb","Name")
	VALUES ('QC','Quebec')
INSERT INTO "States"("Abb","Name")
	VALUES ('RI','Rhode Island')
INSERT INTO "States"("Abb","Name")
	VALUES ('SC','South Carolina')
INSERT INTO "States"("Abb","Name")
	VALUES ('SD','South Dakota')
INSERT INTO "States"("Abb","Name")
	VALUES ('SK','Saskatchewan')
INSERT INTO "States"("Abb","Name")
	VALUES ('TN','Tennessee')
INSERT INTO "States"("Abb","Name")
	VALUES ('TX','Texas')
INSERT INTO "States"("Abb","Name")
	VALUES ('UT','Utah')
INSERT INTO "States"("Abb","Name")
	VALUES ('VA','Virginia')
INSERT INTO "States"("Abb","Name")
	VALUES ('VI','U.S. Virgin Islands')
INSERT INTO "States"("Abb","Name")
	VALUES ('VT','Vermont')
INSERT INTO "States"("Abb","Name")
	VALUES ('WA','Washington')
INSERT INTO "States"("Abb","Name")
	VALUES ('WI','Wisconsin')
INSERT INTO "States"("Abb","Name")
	VALUES ('WV','West Virginia')
INSERT INTO "States"("Abb","Name")
	VALUES ('WY','Wyoming')
INSERT INTO "States"("Abb","Name")
	VALUES ('YT','Yukon Territory')

INSERT INTO "TaxCodes"("CodeName","DisplayName","CalcOrder","Cumulative","TaxAddress","TaxAll","TaxRate","TaxShipping","ShowonProds")
	VALUES ('Taxes','Taxes',0,0,'Shipping',0,0,0,0)
	

INSERT INTO "UPS_Origins"("UPS_Code","Description","OrderBy")
	VALUES ('CA','Canada',2)
INSERT INTO "UPS_Origins"("UPS_Code","Description","OrderBy")
	VALUES ('EU','European Union',5)
INSERT INTO "UPS_Origins"("UPS_Code","Description","OrderBy")
	VALUES ('MX','Mexico',4)
INSERT INTO "UPS_Origins"("UPS_Code","Description","OrderBy")
	VALUES ('OO','All Other Origins',6)
INSERT INTO "UPS_Origins"("UPS_Code","Description","OrderBy")
	VALUES ('PR','Puerto Rico',3)
INSERT INTO "UPS_Origins"("UPS_Code","Description","OrderBy")
	VALUES ('US','United States',1)
	

INSERT INTO "UPS_Packaging"("UPS_Code","Description")
	VALUES ('01','UPS Letter')
INSERT INTO "UPS_Packaging"("UPS_Code","Description")
	VALUES ('02','Your Package')
INSERT INTO "UPS_Packaging"("UPS_Code","Description")
	VALUES ('03','UPS Tube')
INSERT INTO "UPS_Packaging"("UPS_Code","Description")
	VALUES ('04','UPS Pak')
INSERT INTO "UPS_Packaging"("UPS_Code","Description")
	VALUES ('21','UPS Express Box')
INSERT INTO "UPS_Packaging"("UPS_Code","Description")
	VALUES ('24','UPS 25kg Box')
INSERT INTO "UPS_Packaging"("UPS_Code","Description")
	VALUES ('25','UPS 10Kg Box')
	
INSERT INTO "UPS_Pickup"("UPS_Code","Description")
	VALUES ('01','Daily Pickup')
INSERT INTO "UPS_Pickup"("UPS_Code","Description")
	VALUES ('03','Customer Counter')
INSERT INTO "UPS_Pickup"("UPS_Code","Description")
	VALUES ('11','Suggested Retail Rates (UPS Store)')
	

INSERT INTO "UPS_Settings"("ResRates","Username","Password","Accesskey","AccountNo","Origin","MaxWeight","UnitsofMeasure","CustomerClass","Pickup","Packaging","OrigZip","OrigCity","OrigCountry","Debug","UseAV","Logging")
	VALUES (1,NULL,NULL,NULL,NULL,'US',50,'LBS/IN','01','01','02','00000','','US',0,1,0)

	

INSERT INTO "UPSMethods"("Name","USCode","EUCode","CACode","PRCode","MXCode","OOCode","Used","Priority")
	VALUES ('Next Day Air<sup>&reg;</sup>','01','00','00','01','00','00',1,4)
INSERT INTO "UPSMethods"("Name","USCode","EUCode","CACode","PRCode","MXCode","OOCode","Used","Priority")
	VALUES ('2nd Day Air<sup>&reg;</sup>','02','00','00','02','00','00',1,3)
INSERT INTO "UPSMethods"("Name","USCode","EUCode","CACode","PRCode","MXCode","OOCode","Used","Priority")
	VALUES ('Ground','03','00','00','03','00','00',1,1)
INSERT INTO "UPSMethods"("Name","USCode","EUCode","CACode","PRCode","MXCode","OOCode","Used","Priority")
	VALUES ('Worldwide Express<sup><small>SM</small></sup>','07','00','07','07','00','07',1,99)
INSERT INTO "UPSMethods"("Name","USCode","EUCode","CACode","PRCode","MXCode","OOCode","Used","Priority")
	VALUES ('Worldwide Expedited<sup><small>SM</small></sup>','08','00','08','08','00','08',1,99)
INSERT INTO "UPSMethods"("Name","USCode","EUCode","CACode","PRCode","MXCode","OOCode","Used","Priority")
	VALUES ('Express','00','07','00','00','07','00',0,99)
INSERT INTO "UPSMethods"("Name","USCode","EUCode","CACode","PRCode","MXCode","OOCode","Used","Priority")
	VALUES ('Expedited','00','08','00','00','08','00',0,99)
INSERT INTO "UPSMethods"("Name","USCode","EUCode","CACode","PRCode","MXCode","OOCode","Used","Priority")
	VALUES ('Standard','11','11','11','00','00','00',1,99)
INSERT INTO "UPSMethods"("Name","USCode","EUCode","CACode","PRCode","MXCode","OOCode","Used","Priority")
	VALUES ('3 Day Select<sup><small>SM</small></sup>','12','00','12','00','00','00',1,2)
INSERT INTO "UPSMethods"("Name","USCode","EUCode","CACode","PRCode","MXCode","OOCode","Used","Priority")
	VALUES ('Next Day Air Saver<sup>&reg;</sup>','13','00','00','00','00','00',0,99)
INSERT INTO "UPSMethods"("Name","USCode","EUCode","CACode","PRCode","MXCode","OOCode","Used","Priority")
	VALUES ('Express Saver','00','65','13','00','00','00',0,99)
INSERT INTO "UPSMethods"("Name","USCode","EUCode","CACode","PRCode","MXCode","OOCode","Used","Priority")
	VALUES ('Next Day Air<sup>&reg;</sup> Early A.M.<sup>&reg;</sup>','14','00','00','14','00','00',0,99)
INSERT INTO "UPSMethods"("Name","USCode","EUCode","CACode","PRCode","MXCode","OOCode","Used","Priority")
	VALUES ('Express Early A.M.','00','00','14','00','00','00',0,99)
INSERT INTO "UPSMethods"("Name","USCode","EUCode","CACode","PRCode","MXCode","OOCode","Used","Priority")
	VALUES ('Worldwide Express Plus<sup><small>SM</small></sup>','54','54','54','54','00','54',0,99)
INSERT INTO "UPSMethods"("Name","USCode","EUCode","CACode","PRCode","MXCode","OOCode","Used","Priority")
	VALUES ('Express Plus','00','00','00','00','54','00',0,99)
INSERT INTO "UPSMethods"("Name","USCode","EUCode","CACode","PRCode","MXCode","OOCode","Used","Priority")
	VALUES ('2nd Day Air A.M.<sup>&reg;</sup>','59','00','00','00','00','00',0,99)
INSERT INTO "UPSMethods"("Name","USCode","EUCode","CACode","PRCode","MXCode","OOCode","Used","Priority")
	VALUES ('2nd Day Air A.M.<sup>&reg;</sup>','59','00','00','00','00','00',0,99)
INSERT INTO "UPSMethods"("Name","USCode","EUCode","CACode","PRCode","MXCode","OOCode","Used","Priority")
	VALUES ('Worldwide Saver<sup><small>SM</small></sup>','65','00','65','65','65','65',1,99)
INSERT INTO "UPSMethods"("Name","USCode","EUCode","CACode","PRCode","MXCode","OOCode","Used","Priority")
	VALUES ('Express Saver<sup><small>SM</small></sup>','00','65','13','00','00','00',0,99)



INSERT INTO "Users"("Username","Password","Email","EmailIsBad","EmailLock","Subscribe","Customer_ID","ShipTo","Group_ID","Account_ID","Affiliate_ID","Basket","Birthdate","CardisValid","CardType","NameonCard","CardNumber","CardExpire","CardZip","EncryptedCard","CurrentBalance","LastLogin","Permissions","AdminNotes","Disable","LoginsTotal","LoginsDay","FailedLogins","LastAttempt","Created","LastUpdate")
	VALUES ('admin','BD8EAEB310581D797A9A362571160BF5','info@yoursite.com',0,'verified',1,0,0,1,0,0,'38953145843127001',NULL,0,NULL,NULL,NULL,NULL,NULL,NULL,0,'2007-03-19 13:32:58','contentkey_list^2;Users^2;registration^63',NULL,0,1,1,0,'2007-03-19 13:32:58',NULL,'2007-02-02 13:33:31')

INSERT INTO "UserSettings"("UseRememberMe","EmailAsName","UseStateList","UseStateBox","RequireCounty","UseCountryList","UseResidential","UseGroupCode","UseBirthdate","UseTerms","TermsText","UseCCard","UseEmailConf","UseEmailNotif","MemberNotify","UseShipTo","UseAccounts","ShowAccount","ShowDirectory","ShowSubscribe","StrictLogins","MaxDailyLogins","MaxFailures","AllowAffs","AffPercent","AllowWholesale")
	VALUES (1,0,1,1,1,1,0,0,0,0,'',0,0,0,0,1,0,1,1,1,0,10,3,0,0.04,0)
	
	

INSERT INTO "USPS_Settings"("UserID","Server","MerchantZip","MaxWeight","Logging","Debug","UseAV")
	VALUES ('userid','http://production.shippingapis.com/ShippingAPI.dll','00000',50,0,0,0)

	


INSERT INTO "USPSCountries"("ID","Abbrev","Name")
	VALUES (2,'AL','Albania')
INSERT INTO "USPSCountries"("ID","Abbrev","Name")
	VALUES (3,'DZ','Algeria')
INSERT INTO "USPSCountries"("ID","Abbrev","Name")
	VALUES (4,'AD','Andorra')
INSERT INTO "USPSCountries"("ID","Abbrev","Name")
	VALUES (6,'AI','Anguilla')
INSERT INTO "USPSCountries"("ID","Abbrev","Name")
	VALUES (7,'AG','Antigua and Barbuda')
INSERT INTO "USPSCountries"("ID","Abbrev","Name")
	VALUES (8,'AR','Argentina')
INSERT INTO "USPSCountries"("ID","Abbrev","Name")
	VALUES (10,'AW','Aruba')
INSERT INTO "USPSCountries"("ID","Abbrev","Name")
	VALUES (11,'AU','Australia')
INSERT INTO "USPSCountries"("ID","Abbrev","Name")
	VALUES (12,'AT','Austria')
INSERT INTO "USPSCountries"("ID","Abbrev","Name")
	VALUES (14,'AP','Portugal')
INSERT INTO "USPSCountries"("ID","Abbrev","Name")
	VALUES (15,'BS','Bahamas')
INSERT INTO "USPSCountries"("ID","Abbrev","Name")
	VALUES (16,'BH','Bahrain')
INSERT INTO "USPSCountries"("ID","Abbrev","Name")
	VALUES (17,'BD','Bangladesh')
INSERT INTO "USPSCountries"("ID","Abbrev","Name")
	VALUES (18,'BB','Barbados')
INSERT INTO "USPSCountries"("ID","Abbrev","Name")
	VALUES (19,'BY','Belarus')
INSERT INTO "USPSCountries"("ID","Abbrev","Name")
	VALUES (20,'BE','Belgium')
INSERT INTO "USPSCountries"("ID","Abbrev","Name")
	VALUES (21,'BZ','Belize')
INSERT INTO "USPSCountries"("ID","Abbrev","Name")
	VALUES (22,'BJ','Benin')
INSERT INTO "USPSCountries"("ID","Abbrev","Name")
	VALUES (23,'BM','Bermuda')
INSERT INTO "USPSCountries"("ID","Abbrev","Name")
	VALUES (25,'BO','Bolivia')
INSERT INTO "USPSCountries"("ID","Abbrev","Name")
	VALUES (27,'BW','Botswana')
INSERT INTO "USPSCountries"("ID","Abbrev","Name")
	VALUES (28,'BR','Brazil')
INSERT INTO "USPSCountries"("ID","Abbrev","Name")
	VALUES (29,'VG','British Virgin Islands')
INSERT INTO "USPSCountries"("ID","Abbrev","Name")
	VALUES (30,'BN','Brunei Darussalam')
INSERT INTO "USPSCountries"("ID","Abbrev","Name")
	VALUES (31,'BG','Bulgaria')
INSERT INTO "USPSCountries"("ID","Abbrev","Name")
	VALUES (32,'BF','Burkina Faso')
INSERT INTO "USPSCountries"("ID","Abbrev","Name")
	VALUES (34,'BI','Burundi')
INSERT INTO "USPSCountries"("ID","Abbrev","Name")
	VALUES (35,'CM','Cameroon')
INSERT INTO "USPSCountries"("ID","Abbrev","Name")
	VALUES (36,'CA','Canada')
INSERT INTO "USPSCountries"("ID","Abbrev","Name")
	VALUES (37,'CV','Cape Verde')
INSERT INTO "USPSCountries"("ID","Abbrev","Name")
	VALUES (38,'KY','Cayman Islands')
INSERT INTO "USPSCountries"("ID","Abbrev","Name")
	VALUES (39,'CF','Central African Republic')
INSERT INTO "USPSCountries"("ID","Abbrev","Name")
	VALUES (40,'TD','Chad')
INSERT INTO "USPSCountries"("ID","Abbrev","Name")
	VALUES (41,'CL','Chile')
INSERT INTO "USPSCountries"("ID","Abbrev","Name")
	VALUES (42,'CN','China')
INSERT INTO "USPSCountries"("ID","Abbrev","Name")
	VALUES (43,'CO','Colombia')
INSERT INTO "USPSCountries"("ID","Abbrev","Name")
	VALUES (45,'CG','Congo (Brazzaville),Republic of the')
INSERT INTO "USPSCountries"("ID","Abbrev","Name")
	VALUES (47,'CR','Costa Rica')
INSERT INTO "USPSCountries"("ID","Abbrev","Name")
	VALUES (48,'CI','Cote d lvoire (Ivory Coast)')
INSERT INTO "USPSCountries"("ID","Abbrev","Name")
	VALUES (49,'HR','Croatia')
INSERT INTO "USPSCountries"("ID","Abbrev","Name")
	VALUES (50,'CY','Cyprus')
INSERT INTO "USPSCountries"("ID","Abbrev","Name")
	VALUES (51,'CZ','Czech Republic')
INSERT INTO "USPSCountries"("ID","Abbrev","Name")
	VALUES (52,'DK','Denmark')
INSERT INTO "USPSCountries"("ID","Abbrev","Name")
	VALUES (53,'DJ','Djibouti')
INSERT INTO "USPSCountries"("ID","Abbrev","Name")
	VALUES (54,'DM','Dominica')
INSERT INTO "USPSCountries"("ID","Abbrev","Name")
	VALUES (55,'DO','Dominican Republic')
INSERT INTO "USPSCountries"("ID","Abbrev","Name")
	VALUES (56,'EC','Ecuador')
INSERT INTO "USPSCountries"("ID","Abbrev","Name")
	VALUES (57,'EG','Egypt')
INSERT INTO "USPSCountries"("ID","Abbrev","Name")
	VALUES (58,'SV','El Salvador')
INSERT INTO "USPSCountries"("ID","Abbrev","Name")
	VALUES (59,'GQ','Equatorial Guinea')
INSERT INTO "USPSCountries"("ID","Abbrev","Name")
	VALUES (60,'ER','Eritrea')
INSERT INTO "USPSCountries"("ID","Abbrev","Name")
	VALUES (61,'EE','Estonia')
INSERT INTO "USPSCountries"("ID","Abbrev","Name")
	VALUES (62,'ET','Ethiopia')
INSERT INTO "USPSCountries"("ID","Abbrev","Name")
	VALUES (64,'FO','Faroe Islands')
INSERT INTO "USPSCountries"("ID","Abbrev","Name")
	VALUES (65,'FJ','Fiji')
INSERT INTO "USPSCountries"("ID","Abbrev","Name")
	VALUES (66,'FI','Finland')
INSERT INTO "USPSCountries"("ID","Abbrev","Name")
	VALUES (67,'FR','France')
INSERT INTO "USPSCountries"("ID","Abbrev","Name")
	VALUES (68,'GF','French Guiana')
INSERT INTO "USPSCountries"("ID","Abbrev","Name")
	VALUES (69,'PF','French Polynesia')
INSERT INTO "USPSCountries"("ID","Abbrev","Name")
	VALUES (70,'GA','Gabon')
INSERT INTO "USPSCountries"("ID","Abbrev","Name")
	VALUES (71,'GM','Gambia')
INSERT INTO "USPSCountries"("ID","Abbrev","Name")
	VALUES (72,'GE','Georgia, Republic of')
INSERT INTO "USPSCountries"("ID","Abbrev","Name")
	VALUES (73,'DE','Germany')
INSERT INTO "USPSCountries"("ID","Abbrev","Name")
	VALUES (74,'GH','Ghana')
INSERT INTO "USPSCountries"("ID","Abbrev","Name")
	VALUES (75,'GI','Gibraltar')
INSERT INTO "USPSCountries"("ID","Abbrev","Name")
	VALUES (77,'GR','Greece')
INSERT INTO "USPSCountries"("ID","Abbrev","Name")
	VALUES (78,'GL','Greenland')
INSERT INTO "USPSCountries"("ID","Abbrev","Name")
	VALUES (79,'GD','Grenada')
INSERT INTO "USPSCountries"("ID","Abbrev","Name")
	VALUES (80,'GP','Guadeloupe')
INSERT INTO "USPSCountries"("ID","Abbrev","Name")
	VALUES (81,'GT','Guatemala')
INSERT INTO "USPSCountries"("ID","Abbrev","Name")
	VALUES (82,'GN','Guinea')
INSERT INTO "USPSCountries"("ID","Abbrev","Name")
	VALUES (83,'GW','Guinea-Bissau')
INSERT INTO "USPSCountries"("ID","Abbrev","Name")
	VALUES (84,'GY','Guyana')
INSERT INTO "USPSCountries"("ID","Abbrev","Name")
	VALUES (85,'HT','Haiti')
INSERT INTO "USPSCountries"("ID","Abbrev","Name")
	VALUES (86,'HN','Honduras')
INSERT INTO "USPSCountries"("ID","Abbrev","Name")
	VALUES (87,'HK','Hong Kong')
INSERT INTO "USPSCountries"("ID","Abbrev","Name")
	VALUES (88,'HU','Hungary')
INSERT INTO "USPSCountries"("ID","Abbrev","Name")
	VALUES (89,'IS','Iceland')
INSERT INTO "USPSCountries"("ID","Abbrev","Name")
	VALUES (90,'IN','India')
INSERT INTO "USPSCountries"("ID","Abbrev","Name")
	VALUES (91,'ID','Indonesia')
INSERT INTO "USPSCountries"("ID","Abbrev","Name")
	VALUES (95,'IL','Israel')
INSERT INTO "USPSCountries"("ID","Abbrev","Name")
	VALUES (96,'IT','Italy')
INSERT INTO "USPSCountries"("ID","Abbrev","Name")
	VALUES (97,'JM','Jamaica')
INSERT INTO "USPSCountries"("ID","Abbrev","Name")
	VALUES (98,'JP','Japan')
INSERT INTO "USPSCountries"("ID","Abbrev","Name")
	VALUES (99,'JO','Jordan')
INSERT INTO "USPSCountries"("ID","Abbrev","Name")
	VALUES (100,'KZ','Kazakhstan')
INSERT INTO "USPSCountries"("ID","Abbrev","Name")
	VALUES (101,'KE','Kenya')
INSERT INTO "USPSCountries"("ID","Abbrev","Name")
	VALUES (102,'KI','Kiribati')
INSERT INTO "USPSCountries"("ID","Abbrev","Name")
	VALUES (105,'KW','Kuwait')
INSERT INTO "USPSCountries"("ID","Abbrev","Name")
	VALUES (106,'KG','Kyrgyzstan')
INSERT INTO "USPSCountries"("ID","Abbrev","Name")
	VALUES (107,'LA','Laos')
INSERT INTO "USPSCountries"("ID","Abbrev","Name")
	VALUES (108,'LV','Latvia')
INSERT INTO "USPSCountries"("ID","Abbrev","Name")
	VALUES (109,'LB','Lebanon')
INSERT INTO "USPSCountries"("ID","Abbrev","Name")
	VALUES (110,'LS','Lesotho')
INSERT INTO "USPSCountries"("ID","Abbrev","Name")
	VALUES (111,'LR','Liberia')
INSERT INTO "USPSCountries"("ID","Abbrev","Name")
	VALUES (113,'LI','Liechtenstein')
INSERT INTO "USPSCountries"("ID","Abbrev","Name")
	VALUES (114,'LT','Lithuania')
INSERT INTO "USPSCountries"("ID","Abbrev","Name")
	VALUES (115,'LU','Luxembourg')
INSERT INTO "USPSCountries"("ID","Abbrev","Name")
	VALUES (116,'MO','Macao')
INSERT INTO "USPSCountries"("ID","Abbrev","Name")
	VALUES (117,'MK','Macedonia, Republic of')
INSERT INTO "USPSCountries"("ID","Abbrev","Name")
	VALUES (118,'MG','Madagascar')
INSERT INTO "USPSCountries"("ID","Abbrev","Name")
	VALUES (119,'ME','Portugal')
INSERT INTO "USPSCountries"("ID","Abbrev","Name")
	VALUES (120,'MW','Malawi')
INSERT INTO "USPSCountries"("ID","Abbrev","Name")
	VALUES (121,'MY','Malaysia')
INSERT INTO "USPSCountries"("ID","Abbrev","Name")
	VALUES (122,'MV','Maldives')
INSERT INTO "USPSCountries"("ID","Abbrev","Name")
	VALUES (123,'ML','Mali')
INSERT INTO "USPSCountries"("ID","Abbrev","Name")
	VALUES (124,'MT','Malta')
INSERT INTO "USPSCountries"("ID","Abbrev","Name")
	VALUES (125,'MQ','Martinique')
INSERT INTO "USPSCountries"("ID","Abbrev","Name")
	VALUES (126,'MR','Mauritania')
INSERT INTO "USPSCountries"("ID","Abbrev","Name")
	VALUES (127,'MU','Mauritius')
INSERT INTO "USPSCountries"("ID","Abbrev","Name")
	VALUES (128,'MX','Mexico')
INSERT INTO "USPSCountries"("ID","Abbrev","Name")
	VALUES (129,'MD','Moldova')
INSERT INTO "USPSCountries"("ID","Abbrev","Name")
	VALUES (131,'MS','Montserrat')
INSERT INTO "USPSCountries"("ID","Abbrev","Name")
	VALUES (132,'MA','Morocco')
INSERT INTO "USPSCountries"("ID","Abbrev","Name")
	VALUES (133,'MZ','Mozambique')
INSERT INTO "USPSCountries"("ID","Abbrev","Name")
	VALUES (134,'NA','Namibia')
INSERT INTO "USPSCountries"("ID","Abbrev","Name")
	VALUES (136,'NP','Nepal')
INSERT INTO "USPSCountries"("ID","Abbrev","Name")
	VALUES (137,'NL','Netherlands')
INSERT INTO "USPSCountries"("ID","Abbrev","Name")
	VALUES (138,'AN','Netherlands Antilles')
INSERT INTO "USPSCountries"("ID","Abbrev","Name")
	VALUES (139,'NC','New Caledonia')
INSERT INTO "USPSCountries"("ID","Abbrev","Name")
	VALUES (140,'NZ','New Zealand')
INSERT INTO "USPSCountries"("ID","Abbrev","Name")
	VALUES (141,'NI','Nicaragua')
INSERT INTO "USPSCountries"("ID","Abbrev","Name")
	VALUES (142,'NE','Niger')
INSERT INTO "USPSCountries"("ID","Abbrev","Name")
	VALUES (143,'NG','Nigeria')
INSERT INTO "USPSCountries"("ID","Abbrev","Name")
	VALUES (144,'NO','Norway')
INSERT INTO "USPSCountries"("ID","Abbrev","Name")
	VALUES (145,'OM','Oman')
INSERT INTO "USPSCountries"("ID","Abbrev","Name")
	VALUES (146,'PK','Pakistan')
INSERT INTO "USPSCountries"("ID","Abbrev","Name")
	VALUES (147,'PA','Panama')
INSERT INTO "USPSCountries"("ID","Abbrev","Name")
	VALUES (148,'PG','Papua New Guinea')
INSERT INTO "USPSCountries"("ID","Abbrev","Name")
	VALUES (149,'PY','Paraguay')
INSERT INTO "USPSCountries"("ID","Abbrev","Name")
	VALUES (150,'PE','Peru')
INSERT INTO "USPSCountries"("ID","Abbrev","Name")
	VALUES (151,'PH','Philippines')
INSERT INTO "USPSCountries"("ID","Abbrev","Name")
	VALUES (153,'PL','Poland')
INSERT INTO "USPSCountries"("ID","Abbrev","Name")
	VALUES (154,'PT','Portugal')
INSERT INTO "USPSCountries"("ID","Abbrev","Name")
	VALUES (155,'QA','Qatar')
INSERT INTO "USPSCountries"("ID","Abbrev","Name")
	VALUES (156,'RE','Reunion')
INSERT INTO "USPSCountries"("ID","Abbrev","Name")
	VALUES (157,'RO','Romania')
INSERT INTO "USPSCountries"("ID","Abbrev","Name")
	VALUES (158,'RU','Russia')
INSERT INTO "USPSCountries"("ID","Abbrev","Name")
	VALUES (159,'RW','Rwanda')
INSERT INTO "USPSCountries"("ID","Abbrev","Name")
	VALUES (163,'VC','St. Vincent and the Grenadines')
INSERT INTO "USPSCountries"("ID","Abbrev","Name")
	VALUES (166,'SA','Saudi Arabia')
INSERT INTO "USPSCountries"("ID","Abbrev","Name")
	VALUES (167,'SN','Senegal')
INSERT INTO "USPSCountries"("ID","Abbrev","Name")
	VALUES (169,'SC','Seychelles')
INSERT INTO "USPSCountries"("ID","Abbrev","Name")
	VALUES (170,'SL','Sierra Leone')
INSERT INTO "USPSCountries"("ID","Abbrev","Name")
	VALUES (171,'SG','Singapore')
INSERT INTO "USPSCountries"("ID","Abbrev","Name")
	VALUES (172,'SK','Slovak Republic')
INSERT INTO "USPSCountries"("ID","Abbrev","Name")
	VALUES (173,'SI','Slovenia')
INSERT INTO "USPSCountries"("ID","Abbrev","Name")
	VALUES (174,'SB','Solomon Islands')
INSERT INTO "USPSCountries"("ID","Abbrev","Name")
	VALUES (176,'ZA','South Africa')
INSERT INTO "USPSCountries"("ID","Abbrev","Name")
	VALUES (177,'ES','Spain')
INSERT INTO "USPSCountries"("ID","Abbrev","Name")
	VALUES (178,'LK','Sri Lanka')
INSERT INTO "USPSCountries"("ID","Abbrev","Name")
	VALUES (179,'KN','St. Christopher and Nevis')
INSERT INTO "USPSCountries"("ID","Abbrev","Name")
	VALUES (181,'SR','Suriname')
INSERT INTO "USPSCountries"("ID","Abbrev","Name")
	VALUES (182,'SZ','Swaziland')
INSERT INTO "USPSCountries"("ID","Abbrev","Name")
	VALUES (183,'SE','Sweden')
INSERT INTO "USPSCountries"("ID","Abbrev","Name")
	VALUES (184,'CH','Switzerland')
INSERT INTO "USPSCountries"("ID","Abbrev","Name")
	VALUES (185,'SY','Syrian Arab Republic')
INSERT INTO "USPSCountries"("ID","Abbrev","Name")
	VALUES (186,'TW','Taiwan')
INSERT INTO "USPSCountries"("ID","Abbrev","Name")
	VALUES (187,'TJ','Tajikistan')
INSERT INTO "USPSCountries"("ID","Abbrev","Name")
	VALUES (188,'TZ','Tanzania')
INSERT INTO "USPSCountries"("ID","Abbrev","Name")
	VALUES (189,'TH','Thailand')
INSERT INTO "USPSCountries"("ID","Abbrev","Name")
	VALUES (190,'TG','Togo')
INSERT INTO "USPSCountries"("ID","Abbrev","Name")
	VALUES (191,'TO','Tonga')
INSERT INTO "USPSCountries"("ID","Abbrev","Name")
	VALUES (192,'TT','Trinidad and Tobago')
INSERT INTO "USPSCountries"("ID","Abbrev","Name")
	VALUES (194,'TN','Tunisia')
INSERT INTO "USPSCountries"("ID","Abbrev","Name")
	VALUES (195,'TR','Turkey')
INSERT INTO "USPSCountries"("ID","Abbrev","Name")
	VALUES (197,'TC','Turks and Caicos Islands')
INSERT INTO "USPSCountries"("ID","Abbrev","Name")
	VALUES (198,'TV','Tuvalu')
INSERT INTO "USPSCountries"("ID","Abbrev","Name")
	VALUES (199,'UG','Uganda')
INSERT INTO "USPSCountries"("ID","Abbrev","Name")
	VALUES (200,'UA','Ukraine')
INSERT INTO "USPSCountries"("ID","Abbrev","Name")
	VALUES (201,'AE','United Arab Emirates')
INSERT INTO "USPSCountries"("ID","Abbrev","Name")
	VALUES (202,'US','United States')
INSERT INTO "USPSCountries"("ID","Abbrev","Name")
	VALUES (203,'UY','Uruguay')
INSERT INTO "USPSCountries"("ID","Abbrev","Name")
	VALUES (204,'UZ','Uzbekistan')
INSERT INTO "USPSCountries"("ID","Abbrev","Name")
	VALUES (205,'VU','Vanuatu')
INSERT INTO "USPSCountries"("ID","Abbrev","Name")
	VALUES (207,'VE','Venezuela')
INSERT INTO "USPSCountries"("ID","Abbrev","Name")
	VALUES (208,'VN','Vietnam')
INSERT INTO "USPSCountries"("ID","Abbrev","Name")
	VALUES (209,'WF','Wallis and Futuna Islands')
INSERT INTO "USPSCountries"("ID","Abbrev","Name")
	VALUES (210,'WS','Western Samoa')
INSERT INTO "USPSCountries"("ID","Abbrev","Name")
	VALUES (212,'CD','Congo, Democratic Republic of the')
INSERT INTO "USPSCountries"("ID","Abbrev","Name")
	VALUES (213,'ZM','Zambia')
INSERT INTO "USPSCountries"("ID","Abbrev","Name")
	VALUES (214,'ZW','Zimbabwe')
INSERT INTO "USPSCountries"("ID","Abbrev","Name")
	VALUES (215,'AS','US Possession')
INSERT INTO "USPSCountries"("ID","Abbrev","Name")
	VALUES (216,'KH','Cambodia')
INSERT INTO "USPSCountries"("ID","Abbrev","Name")
	VALUES (217,'BL','Netherlands Antilles')
INSERT INTO "USPSCountries"("ID","Abbrev","Name")
	VALUES (218,'CE','Spain')
INSERT INTO "USPSCountries"("ID","Abbrev","Name")
	VALUES (219,'NN','Great Britain and Northern Ireland')
INSERT INTO "USPSCountries"("ID","Abbrev","Name")
	VALUES (220,'CK','New Zealand')
INSERT INTO "USPSCountries"("ID","Abbrev","Name")
	VALUES (221,'CB','Netherlands Antilles')
INSERT INTO "USPSCountries"("ID","Abbrev","Name")
	VALUES (222,'EN','Great Britain and Northern Ireland')
INSERT INTO "USPSCountries"("ID","Abbrev","Name")
	VALUES (223,'GU','US Possession')
INSERT INTO "USPSCountries"("ID","Abbrev","Name")
	VALUES (224,'KO','US Possession')
INSERT INTO "USPSCountries"("ID","Abbrev","Name")
	VALUES (225,'MH','US Possession')
INSERT INTO "USPSCountries"("ID","Abbrev","Name")
	VALUES (226,'MC','France')
INSERT INTO "USPSCountries"("ID","Abbrev","Name")
	VALUES (227,'MM','Burma')
INSERT INTO "USPSCountries"("ID","Abbrev","Name")
	VALUES (228,'NF','Australia')
INSERT INTO "USPSCountries"("ID","Abbrev","Name")
	VALUES (229,'NB','Great Britain and Northern Ireland')
INSERT INTO "USPSCountries"("ID","Abbrev","Name")
	VALUES (230,'MP','US Possession')
INSERT INTO "USPSCountries"("ID","Abbrev","Name")
	VALUES (231,'PW','US Possession')
INSERT INTO "USPSCountries"("ID","Abbrev","Name")
	VALUES (232,'PO','US Possession')
INSERT INTO "USPSCountries"("ID","Abbrev","Name")
	VALUES (234,'IE','Ireland')
INSERT INTO "USPSCountries"("ID","Abbrev","Name")
	VALUES (235,'RT','US Possession')
INSERT INTO "USPSCountries"("ID","Abbrev","Name")
	VALUES (236,'SS','Netherlands Antilles')
INSERT INTO "USPSCountries"("ID","Abbrev","Name")
	VALUES (237,'SP','US Possession')
INSERT INTO "USPSCountries"("ID","Abbrev","Name")
	VALUES (238,'SF','Great Britain and Northern Ireland')
INSERT INTO "USPSCountries"("ID","Abbrev","Name")
	VALUES (239,'NT','Guadeloupe')
INSERT INTO "USPSCountries"("ID","Abbrev","Name")
	VALUES (240,'SW','St. Christopher and Nevis')
INSERT INTO "USPSCountries"("ID","Abbrev","Name")
	VALUES (241,'SX','US Possession')
INSERT INTO "USPSCountries"("ID","Abbrev","Name")
	VALUES (242,'EU','Netherlands Antilles')
INSERT INTO "USPSCountries"("ID","Abbrev","Name")
	VALUES (243,'UV','US Possession')
INSERT INTO "USPSCountries"("ID","Abbrev","Name")
	VALUES (244,'LC','St. Lucia')
INSERT INTO "USPSCountries"("ID","Abbrev","Name")
	VALUES (245,'MB','Netherlands Antilles')
INSERT INTO "USPSCountries"("ID","Abbrev","Name")
	VALUES (246,'TB','Guadeloupe')
INSERT INTO "USPSCountries"("ID","Abbrev","Name")
	VALUES (247,'VL','US Possession')
INSERT INTO "USPSCountries"("ID","Abbrev","Name")
	VALUES (248,'KR','Korea, Republic of (South Korea)')
INSERT INTO "USPSCountries"("ID","Abbrev","Name")
	VALUES (249,'TA','French Polynesia')
INSERT INTO "USPSCountries"("ID","Abbrev","Name")
	VALUES (250,'TU','US Possession')
INSERT INTO "USPSCountries"("ID","Abbrev","Name")
	VALUES (252,'VI','US Possession')
INSERT INTO "USPSCountries"("ID","Abbrev","Name")
	VALUES (253,'WK','US Possession')
INSERT INTO "USPSCountries"("ID","Abbrev","Name")
	VALUES (254,'WL','Great Britain and Northern Ireland')
INSERT INTO "USPSCountries"("ID","Abbrev","Name")
	VALUES (255,'YA','US Possession')
INSERT INTO "USPSCountries"("ID","Abbrev","Name")
	VALUES (256,'BA','Bosnia-Herzegovina')
INSERT INTO "USPSCountries"("ID","Abbrev","Name")
	VALUES (257,'GB','Great Britain and Northern Ireland')


INSERT INTO "USPSMethods"("Name","Used","Code","Type","Priority")
	VALUES ('Priority Mail w/Dlvr. Conf.',1,'Priority Mail','Domestic',1)
INSERT INTO "USPSMethods"("Name","Used","Code","Type","Priority")
	VALUES ('Parcel Post w/Dlvr. Conf.',1,'Parcel Post','Domestic',2)
INSERT INTO "USPSMethods"("Name","Used","Code","Type","Priority")
	VALUES ('Express Mail',1,'Express Mail PO','Domestic',3)
INSERT INTO "USPSMethods"("Name","Used","Code","Type","Priority")
	VALUES ('Express Mail PO',1,'Express Mail PO to Addressee','Domestic',4)
INSERT INTO "USPSMethods"("Name","Used","Code","Type","Priority")
	VALUES ('Express Mail PO',1,'Express Mail PO to PO','Domestic',5)
INSERT INTO "USPSMethods"("Name","Used","Code","Type","Priority")
	VALUES ('First Class',1,'First-Class Mail','Domestic',6)
INSERT INTO "USPSMethods"("Name","Used","Code","Type","Priority")
	VALUES ('First Class Parcel',1,'First-Class Mail Parcel','Domestic',7)
INSERT INTO "USPSMethods"("Name","Used","Code","Type","Priority")
	VALUES ('First Class Flat',0,'First-Class Mail Flat','Domestic',8)
INSERT INTO "USPSMethods"("Name","Used","Code","Type","Priority")
	VALUES ('Priority Mail Flat-Rate Box',0,'Priority Mail Flat-Rate Box','Domestic',9)
INSERT INTO "USPSMethods"("Name","Used","Code","Type","Priority")
	VALUES ('Bound Printed Matter',0,'Bound Printed Matter','Domestic',99)
INSERT INTO "USPSMethods"("Name","Used","Code","Type","Priority")
	VALUES ('Media Mail',0,'Media Mail','Domestic',99)
INSERT INTO "USPSMethods"("Name","Used","Code","Type","Priority")
	VALUES ('Library Mail',0,'Library Mail','Domestic',99)	
INSERT INTO "USPSMethods"("Name","Used","Code","Type","Priority")
	VALUES ('Global Express Guaranteed',1,'Global Express Guaranteed','International',99)
INSERT INTO "USPSMethods"("Name","Used","Code","Type","Priority")
	VALUES ('Express Mail Intl.',1,'Express Mail International (EMS)','International',99)
INSERT INTO "USPSMethods"("Name","Used","Code","Type","Priority")
	VALUES ('Express Mail Int Flat Rate Env',0,'Express Mail International (EMS) Flat Rate Envelope','International',99)
INSERT INTO "USPSMethods"("Name","Used","Code","Type","Priority")
	VALUES ('Priority Mail Intl.',1,'Priority Mail International','International',99)
INSERT INTO "USPSMethods"("Name","Used","Code","Type","Priority")
	VALUES ('Priority Mail Intl Flat Rate Env',0,'Priority Mail International Flat Rate Envelope','International',99)
INSERT INTO "USPSMethods"("Name","Used","Code","Type","Priority")
	VALUES ('Priority Mail Intl Flat Rate Box',0,'Priority Mail International Flat Rate Box','International',99)
INSERT INTO "USPSMethods"("Name","Used","Code","Type","Priority")
	VALUES ('First-Class Mail Intl',1,'First-Class Mail International','International',99)

	
COMMIT


