-- ----------------------------------------------------------------------
-- SQL data bulk transfer script generated by the MySQL Migration Toolkit
-- ----------------------------------------------------------------------

-- Disable foreign key checks
SET @OLD_FOREIGN_KEY_CHECKS=@@FOREIGN_KEY_CHECKS, FOREIGN_KEY_CHECKS=0;

INSERT INTO `AccessKeys`(`AccessKey_ID`, `Name`, `Keyring`, `System`)
VALUES (1, 'Log In Required', 'System', 1),
  (2, 'Members Only', NULL, 0);

INSERT INTO `CatCore`(`CatCore_ID`, `Catcore_Name`, `PassParams`, `Template`, `Category`, `Products`, `Features`, `Page`)
VALUES (0, 'category header only', 'noline=1,notitle=1', 'category/catcore_catheader_only.cfm', 1, 0, 0, 0),
  (1, 'sub-categories only', 'noline=1,notitle=1', 'category/dsp_subcats.cfm', 1, 0, 0, 0),
  (2, 'home page', 'topcats, searchform,new,onsale,hot,notsold,ProdofDay,listing,notitle,columns=x', 'catcores/catcore_home.cfm', 0, 0, 0, 1),
  (3, 'highlights (new & on sale)', 'new=1,onsale=1,notsold=1,notitle=1,columns=x', 'catcores/catcore_highlight.cfm', 1, 0, 0, 1),
  (4, 'contact us email form', 'noline=1,EmailTo=email@address.com, BoxTitle=Title,Subject=Email Subject Line', 'email/catcore_contactus.cfm', 1, 0, 0, 1),
  (5, 'search form', 'noline=1,notitle=1', 'search/dsp_search_form.cfm', 1, 0, 0, 1),
  (6, 'search results page', 'noline=1,notitle=1', 'search/act_search.cfm', 0, 0, 0, 1),
  (7, 'products department home', 'noline=1,notitle=1', 'catcores/catcore_products_home.cfm', 1, 1, 0, 0),
  (8, 'products', 'listing=vertical|short, displaycount=x, productcols=x,searchheader=1,searchheader=form,alpha=1,notitle=1', 'product/catcore_products.cfm', 1, 1, 0, 0),
  (9, 'features', 'noline=1,notitle=1,searchform=1, displaycount=x', 'feature/catcore_features.cfm', 1, 1, 1, 0),
  (11, 'items on sale', 'noline=1,notitle=1', 'catcores/dsp_sale.cfm', 1, 0, 0, 1),
  (12, 'features + products', 'noline=1,notitle=1,listing=short|vertical', 'catcores/catcore_features_products.cfm', 1, 1, 1, 0),
  (13, 'account directory', 'noline=1,notitle=1,displaycount,accountcols,sort,order,type1', 'users/account/catcore_accounts.cfm', 1, 0, 0, 1),
  (14, 'Site Map', 'noline=1,alpha=1,notitle=1', 'catcores/dsp_sitemap.cfm', 0, 0, 0, 1),
  (15, 'Contact Us with file attachment', 'noline=1,EmailTo=email@address.com, BoxTitle=Title,Subject=Email Subject Line', 'email/catcore_contactus_attachment.cfm', 1, 0, 0, 1);

INSERT INTO `CCProcess`(`ID`, `CCServer`, `Transtype`, `Username`, `Password`, `Setting1`, `Setting2`, `Setting3`)
VALUES (1, NULL, 'Sale', NULL, NULL, NULL, NULL, NULL);

INSERT INTO `Colors`(`Color_ID`, `Bgcolor`, `Bgimage`, `MainTitle`, `MainText`, `MainLink`, `MainVLink`, `BoxHBgcolor`, `BoxHText`, `BoxTBgcolor`, `BoxTText`, `InputHBgcolor`, `InputHText`, `InputTBgcolor`, `InputTText`, `OutputHBgcolor`, `OutputHText`, `OutputTBgcolor`, `OutputTText`, `OutputTAltcolor`, `OutputTHighlight`, `LineColor`, `HotImage`, `SaleImage`, `NewImage`, `MainLineImage`, `MinorLineImage`, `Palette_Name`, `FormReq`, `LayoutFile`, `FormReqOB`, `PassParam`)
VALUES (1, '', '', '666699', '333333', '666699', '666699', '999999', 'ffffff', 'DBDBDB', '000000', '8696b6', 'ffffff', 'ffffff', '000000', 'acaba9', 'ffffff', 'ffffcc', '242215', 'FAF287', 'C2C8CE', 'dddddd', 'hot.jpg', 'sale.gif', 'new.gif', 'HR', 'HR', 'CFWebstore Basic', 'ff3300', NULL, 'ff3300', '');

INSERT INTO `Countries`(`ID`, `Abbrev`, `Name`, `AllowUPS`, `Shipping`, `AddShipAmount`)
VALUES (2, 'AL', 'Albania', 1, 0, 0.0),
  (3, 'DZ', 'Algeria', 1, 0, 0.0),
  (4, 'AD', 'Andorra', 1, 0, 0.0),
  (6, 'AI', 'Anguilla', 1, 0, 0.0),
  (7, 'AG', 'Antigua and Barbuda', 1, 0, 0.0),
  (8, 'AR', 'Argentina', 1, 0, 0.0),
  (10, 'AW', 'Aruba', 1, 0, 0.0),
  (11, 'AU', 'Australia', 1, 0, 0.0),
  (12, 'AT', 'Austria', 1, 0, 0.0),
  (15, 'BS', 'Bahamas', 1, 0, 0.0),
  (16, 'BH', 'Bahrain', 1, 0, 0.0),
  (17, 'BD', 'Bangladesh', 1, 0, 0.0),
  (18, 'BB', 'Barbados', 1, 0, 0.0),
  (19, 'BY', 'Belarus', 1, 0, 0.0),
  (20, 'BE', 'Belgium', 1, 0, 0.0),
  (21, 'BZ', 'Belize', 1, 0, 0.0),
  (22, 'BJ', 'Benin', 1, 0, 0.0),
  (23, 'BM', 'Bermuda', 1, 0, 0.0),
  (25, 'BO', 'Bolivia', 1, 0, 0.0),
  (27, 'BW', 'Botswana', 1, 0, 0.0),
  (28, 'BR', 'Brazil', 1, 0, 0.0),
  (29, 'VG', 'Virgin Islands (British)', 1, 0, 0.0),
  (30, 'BN', 'Brunei', 1, 0, 0.0),
  (31, 'BG', 'Bulgaria', 1, 0, 0.0),
  (32, 'BF', 'Burkina Faso', 1, 0, 0.0),
  (34, 'BI', 'Burundi', 1, 0, 0.0),
  (35, 'CM', 'Cameroon', 1, 0, 0.0),
  (36, 'CA', 'Canada', 1, 0, 0.0),
  (37, 'CV', 'Cape Verde', 1, 0, 0.0),
  (38, 'KY', 'Cayman Islands', 1, 0, 0.0),
  (39, 'CF', 'Central African Republic', 1, 0, 0.0),
  (40, 'TD', 'Chad', 1, 0, 0.0),
  (41, 'CL', 'Chile', 1, 0, 0.0),
  (42, 'CN', 'China - People\'s Republic of', 1, 0, 0.0),
  (43, 'CO', 'Colombia', 1, 0, 0.0),
  (45, 'CG', 'Congo - Republic of', 1, 0, 0.0),
  (47, 'CR', 'Costa Rica', 1, 0, 0.0),
  (48, 'CI', 'Cote D\'Ivoire (Ivory Coast)', 1, 0, 0.0),
  (49, 'HR', 'Croatia', 1, 0, 0.0),
  (50, 'CY', 'Cyprus', 1, 0, 0.0),
  (51, 'CZ', 'Czech Republic', 1, 0, 0.0),
  (52, 'DK', 'Denmark', 1, 0, 0.0),
  (53, 'DJ', 'Djibouti', 1, 0, 0.0),
  (54, 'DM', 'Dominica', 1, 0, 0.0),
  (55, 'DO', 'Dominican Republic', 1, 0, 0.0),
  (56, 'EC', 'Ecuador', 1, 0, 0.0),
  (57, 'EG', 'Egypt', 1, 0, 0.0),
  (58, 'SV', 'El Salvador', 1, 0, 0.0),
  (59, 'GQ', 'Equatorial Guinea', 1, 0, 0.0),
  (60, 'ER', 'Eritrea', 1, 0, 0.0),
  (61, 'EE', 'Estonia', 1, 0, 0.0),
  (62, 'ET', 'Ethiopia', 1, 0, 0.0),
  (64, 'FO', 'Faroe Islands (Denmark)', 1, 0, 0.0),
  (65, 'FJ', 'Fiji', 1, 0, 0.0),
  (66, 'FI', 'Finland', 1, 0, 0.0),
  (67, 'FR', 'France', 1, 0, 0.0),
  (68, 'GF', 'French Guiana', 1, 0, 0.0),
  (69, 'PF', 'French Polynesia', 1, 0, 0.0),
  (70, 'GA', 'Gabon', 1, 0, 0.0),
  (71, 'GM', 'Gambia', 1, 0, 0.0),
  (72, 'GE', 'Georgia', 1, 0, 0.0),
  (73, 'DE', 'Germany', 1, 0, 0.0),
  (74, 'GH', 'Ghana', 1, 0, 0.0),
  (75, 'GI', 'Gibraltar', 1, 0, 0.0),
  (77, 'GR', 'Greece', 1, 0, 0.0),
  (78, 'GL', 'Greenland', 1, 0, 0.0),
  (79, 'GD', 'Grenada', 1, 0, 0.0),
  (80, 'GP', 'Guadeloupe', 1, 0, 0.0),
  (81, 'GT', 'Guatemala', 1, 0, 0.0),
  (82, 'GN', 'Guinea', 1, 0, 0.0),
  (83, 'GW', 'Guinea­Bissau', 1, 0, 0.0),
  (84, 'GY', 'Guyana', 1, 0, 0.0),
  (85, 'HT', 'Haiti', 1, 0, 0.0),
  (86, 'HN', 'Honduras', 1, 0, 0.0),
  (87, 'HK', 'Hong Kong', 1, 0, 0.0),
  (88, 'HU', 'Hungary', 1, 0, 0.0),
  (89, 'IS', 'Iceland', 1, 0, 0.0),
  (90, 'IN', 'India', 1, 0, 0.0),
  (91, 'ID', 'Indonesia', 1, 0, 0.0),
  (95, 'IL', 'Israel', 1, 0, 0.0),
  (96, 'IT', 'Italy', 1, 0, 0.0),
  (97, 'JM', 'Jamaica', 1, 0, 0.0),
  (98, 'JP', 'Japan', 1, 0, 0.0),
  (99, 'JO', 'Jordan', 1, 0, 0.0),
  (100, 'KZ', 'Kazakhstan', 1, 0, 0.0),
  (101, 'KE', 'Kenya', 1, 0, 0.0),
  (102, 'KI', 'Kiribati', 1, 0, 0.0),
  (105, 'KW', 'Kuwait', 1, 0, 0.0),
  (106, 'KG', 'Kyrgyzstan', 1, 0, 0.0),
  (107, 'LA', 'Laos', 1, 0, 0.0),
  (108, 'LV', 'Latvia', 1, 0, 0.0),
  (109, 'LB', 'Lebanon', 1, 0, 0.0),
  (110, 'LS', 'Lesotho', 1, 0, 0.0),
  (111, 'LR', 'Liberia', 1, 0, 0.0),
  (113, 'LI', 'Liechtenstein', 1, 0, 0.0),
  (114, 'LT', 'Lithuania', 1, 0, 0.0),
  (115, 'LU', 'Luxembourg', 1, 0, 0.0),
  (116, 'MO', 'Macao', 1, 0, 0.0),
  (117, 'MK', 'Macedonia', 1, 0, 0.0),
  (118, 'MG', 'Madagascar', 1, 0, 0.0),
  (120, 'MW', 'Malawi', 1, 0, 0.0),
  (121, 'MY', 'Malaysia', 1, 0, 0.0),
  (122, 'MV', 'Maldives', 1, 0, 0.0),
  (123, 'ML', 'Mali', 1, 0, 0.0),
  (124, 'MT', 'Malta', 1, 0, 0.0),
  (125, 'MQ', 'Martinique', 1, 0, 0.0),
  (126, 'MR', 'Mauritania', 1, 0, 0.0),
  (127, 'MU', 'Mauritius', 1, 0, 0.0),
  (128, 'MX', 'Mexico', 1, 0, 0.0),
  (129, 'MD', 'Moldova', 1, 0, 0.0),
  (131, 'MS', 'Montserrat', 1, 0, 0.0),
  (132, 'MA', 'Morocco', 1, 0, 0.0),
  (133, 'MZ', 'Mozambique', 1, 0, 0.0),
  (134, 'NA', 'Namibia', 1, 0, 0.0),
  (136, 'NP', 'Nepal', 1, 0, 0.0),
  (137, 'NL', 'Netherlands (Holland)', 1, 0, 0.0),
  (138, 'AN', 'Netherlands Antilles', 1, 0, 0.0),
  (139, 'NC', 'New Caledonia', 1, 0, 0.0),
  (140, 'NZ', 'New Zealand', 1, 0, 0.0),
  (141, 'NI', 'Nicaragua', 1, 0, 0.0),
  (142, 'NE', 'Niger', 1, 0, 0.0),
  (143, 'NG', 'Nigeria', 1, 0, 0.0),
  (144, 'NO', 'Norway', 1, 0, 0.0),
  (145, 'OM', 'Oman', 1, 0, 0.0),
  (146, 'PK', 'Pakistan', 1, 0, 0.0),
  (147, 'PA', 'Panama', 1, 0, 0.0),
  (148, 'PG', 'Papua New Guinea', 1, 0, 0.0),
  (149, 'PY', 'Paraguay', 1, 0, 0.0),
  (150, 'PE', 'Peru', 1, 0, 0.0),
  (151, 'PH', 'Philippines', 1, 0, 0.0),
  (153, 'PL', 'Poland', 1, 0, 0.0),
  (154, 'PT', 'Portugal', 1, 0, 0.0),
  (155, 'QA', 'Qatar', 1, 0, 0.0),
  (156, 'RE', 'Reunion', 1, 0, 0.0),
  (157, 'RO', 'Romania', 1, 0, 0.0),
  (158, 'RU', 'Russian Federation', 1, 0, 0.0),
  (159, 'RW', 'Rwanda', 1, 0, 0.0),
  (163, 'VC', 'St. Vincent and the Grenadines', 1, 0, 0.0),
  (166, 'SA', 'Saudi Arabia', 1, 0, 0.0),
  (167, 'SN', 'Senegal', 1, 0, 0.0),
  (169, 'SC', 'Seychelles', 1, 0, 0.0),
  (170, 'SL', 'Sierra Leone', 1, 0, 0.0),
  (171, 'SG', 'Singapore', 1, 0, 0.0),
  (172, 'SK', 'Slovakia', 1, 0, 0.0),
  (173, 'SI', 'Slovenia', 1, 0, 0.0),
  (174, 'SB', 'Solomon Islands', 1, 0, 0.0),
  (176, 'ZA', 'South Africa', 1, 0, 0.0),
  (177, 'ES', 'Spain', 1, 0, 0.0),
  (178, 'LK', 'Sri Lanka', 1, 0, 0.0),
  (179, 'KN', 'St. Kitts and Nevis', 1, 0, 0.0),
  (181, 'SR', 'Suriname', 1, 0, 0.0),
  (182, 'SZ', 'Swaziland', 1, 0, 0.0),
  (183, 'SE', 'Sweden', 1, 0, 0.0),
  (184, 'CH', 'Switzerland', 1, 0, 0.0),
  (185, 'SY', 'Syria', 1, 0, 0.0),
  (186, 'TW', 'Taiwan', 1, 0, 0.0),
  (187, 'TJ', 'Tajikistan', 1, 0, 0.0),
  (188, 'TZ', 'Tanzania', 1, 0, 0.0),
  (189, 'TH', 'Thailand', 1, 0, 0.0),
  (190, 'TG', 'Togo', 1, 0, 0.0),
  (191, 'TO', 'Tonga', 1, 0, 0.0),
  (192, 'TT', 'Trinidad and Tobago', 1, 0, 0.0),
  (194, 'TN', 'Tunisia', 1, 0, 0.0),
  (195, 'TR', 'Turkey', 1, 0, 0.0),
  (197, 'TC', 'Turks and Caicos Islands', 1, 0, 0.0),
  (198, 'TV', 'Tuvalu', 1, 0, 0.0),
  (199, 'UG', 'Uganda', 1, 0, 0.0),
  (200, 'UA', 'Ukraine', 1, 0, 0.0),
  (201, 'AE', 'United Arab Emirates', 1, 0, 0.0),
  (202, 'US', 'United States', 1, 1, 0.0),
  (203, 'UY', 'Uruguay', 1, 0, 0.0),
  (204, 'UZ', 'Uzbekistan', 1, 0, 0.0),
  (205, 'VU', 'Vanuatu', 1, 0, 0.0),
  (207, 'VE', 'Venezuela', 1, 0, 0.0),
  (208, 'VN', 'Vietnam', 1, 0, 0.0),
  (209, 'WF', 'Wallis and Futuna Islands', 1, 0, 0.0),
  (210, 'WS', 'Samoa', 1, 0, 0.0),
  (212, 'ZR', 'Zaire', 1, 0, 0.0),
  (213, 'ZM', 'Zambia', 1, 0, 0.0),
  (214, 'ZW', 'Zimbabwe', 1, 0, 0.0),
  (215, 'AS', 'American Samoa', 1, 0, 0.0),
  (216, 'KH', 'Cambodia', 1, 0, 0.0),
  (218, 'CE', 'Canary Islands', 1, 0, 0.0),
  (220, 'CK', 'Cook Islands', 1, 0, 0.0),
  (223, 'GU', 'Guam', 1, 0, 0.0),
  (225, 'MH', 'Marshall Islands', 1, 0, 0.0),
  (226, 'MC', 'Monaco', 1, 0, 0.0),
  (228, 'NF', 'Norfolk Island', 1, 0, 0.0),
  (230, 'MP', 'Northern Mariana Islands', 1, 0, 0.0),
  (231, 'PW', 'Palau', 1, 0, 0.0),
  (234, 'IR', 'Ireland - Republic Of', 1, 0, 0.0),
  (244, 'LC', 'St. Lucia', 1, 0, 0.0),
  (248, 'KR', 'Korea (South)', 1, 0, 0.0),
  (252, 'VI', 'Virgin Islands (U.S.)', 1, 0, 0.0),
  (256, 'BA', 'Bosnia', 1, 0, 0.0),
  (257, 'GB', 'Great Britain (UK)', 1, 0, 0.0),
  (258, 'AF', 'Afghanistan', 0, 0, 0.0),
  (259, 'AO', 'Angola', 0, 0, 0.0),
  (260, 'AZ', 'Azerbaijan', 1, 0, 0.0),
  (261, 'BT', 'Bhutan', 1, 0, 0.0),
  (262, 'EH', 'Western Sahara', 1, 0, 0.0),
  (263, 'FM', 'Micronesia', 1, 0, 0.0),
  (264, 'MN', 'Mongolia', 1, 0, 0.0),
  (266, 'SM', 'San Marino', 1, 0, 0.0),
  (267, 'SO', 'Somalia', 1, 0, 0.0),
  (268, 'TM', 'Turkmenistan', 1, 0, 0.0),
  (269, 'YE', 'Yemen', 1, 0, 0.0),
  (270, 'YU', 'Yugoslavia', 1, 0, 0.0),
  (271, 'AM', 'Armenia', 1, 0, 0.0),
  (272, 'BL', 'Bonaire', 1, 0, 0.0),
  (273, 'BV', 'Bouvet Island', 1, 0, 0.0),
  (274, 'IO', 'British Indian Ocean Terr.', 1, 0, 0.0),
  (275, 'CD', 'Channel Islands', 1, 0, 0.0),
  (276, 'CX', 'Christmas Island', 1, 0, 0.0),
  (277, 'CC', 'Cocos (Keeling) Islands', 1, 0, 0.0),
  (278, 'CB', 'Curacao', 1, 0, 0.0),
  (279, 'TP', 'East Timor', 1, 0, 0.0),
  (280, 'EN', 'England', 1, 0, 0.0),
  (281, 'FK', 'Falkland Islands', 1, 0, 0.0),
  (282, 'TF', 'French Southern Territories', 1, 0, 0.0),
  (283, 'HM', 'Heard Island', 1, 0, 0.0),
  (284, 'KO', 'Kosrae', 1, 0, 0.0),
  (285, 'YT', 'Mayotte', 1, 0, 0.0),
  (286, 'MM', 'Myanmar', 1, 0, 0.0),
  (287, 'NR', 'Nauru', 1, 0, 0.0),
  (288, 'NT', 'Neutral Zone', 1, 0, 0.0),
  (289, 'NU', 'Niue', 1, 0, 0.0),
  (290, 'NB', 'Northern Ireland', 1, 0, 0.0),
  (291, 'PN', 'Pitcairn', 1, 0, 0.0),
  (292, 'PO', 'Ponape', 1, 0, 0.0),
  (293, 'PR', 'Puerto Rico', 1, 0, 0.0),
  (294, 'RT', 'Rota', 1, 0, 0.0),
  (295, 'SS', 'Saba', 1, 0, 0.0),
  (296, 'SP', 'Saipan', 1, 0, 0.0),
  (297, 'ST', 'Sao Tome and Principe', 1, 0, 0.0),
  (298, 'SF', 'Scotland', 1, 0, 0.0),
  (299, 'GS', 'South Georgia', 1, 0, 0.0),
  (300, 'SW', 'St. Christopher', 1, 0, 0.0),
  (301, 'EU', 'St. Eustatius', 1, 0, 0.0),
  (302, 'SH', 'St. Helena', 1, 0, 0.0),
  (303, 'MB', 'St. Maarten', 1, 0, 0.0),
  (304, 'TB', 'St. Martin', 1, 0, 0.0),
  (305, 'PM', 'St. Pierre and Miquelon', 1, 0, 0.0),
  (306, 'SD', 'Sudan', 1, 0, 0.0),
  (307, 'SJ', 'Svalbard and Jan Mayen Islands', 1, 0, 0.0),
  (308, 'TI', 'Tinian', 1, 0, 0.0),
  (309, 'TK', 'Tokelau', 1, 0, 0.0),
  (310, 'TU', 'Truk', 1, 0, 0.0),
  (311, 'UM', 'US Minor Outlying Islands', 1, 0, 0.0),
  (312, 'SU', 'USSR (former)', 1, 0, 0.0),
  (313, 'VA', 'Vatican City State', 1, 0, 0.0),
  (315, 'YA', 'Yap', 1, 0, 0.0);

INSERT INTO `CreditCards`(`ID`, `CardName`, `Used`)
VALUES (2, 'Visa', 1),
  (3, 'MasterCard', 1),
  (4, 'Amex', 1),
  (5, 'Discover', 1),
  (6, 'Diner\'s Club', 0),
  (7, 'Carte Blanche', 0),
  (8, 'JCB', 0),
  (9, 'enRoute', 0);

INSERT INTO `CustomMethods`(`ID`, `Name`, `Amount`, `Used`, `Priority`, `Domestic`, `International`)
VALUES (1, 'Next Day Air', 10.0, 1, 3, 1, 0),
  (2, '2nd Day Air', 5.5, 1, 2, 1, 0),
  (35, 'Ground Shipping', 0.0, 1, 1, 1, 0),
  (36, 'Airmail', 20.0, 1, 4, 0, 1);

INSERT INTO `CustomShipSettings`(`Setting_ID`, `ShowShipTable`, `MultPerItem`, `CumulativeAmounts`, `MultMethods`, `Debug`)
VALUES (1, 1, 1, 1, 0, 0);

INSERT INTO `FedEx_Dropoff`(`FedEx_Code`, `Description`)
VALUES ('BUSINESSSERVICE CENTER', 'Business Service Center'),
  ('DROPBOX', 'Drop Box'),
  ('REGULARPICKUP', 'Regular Pickup'),
  ('REQUESTCOURIER', 'Request Courier'),
  ('STATION', 'Station');

INSERT INTO `FedEx_Packaging`(`FedEx_Code`, `Description`)
VALUES ('FEDEX10KGBOX', 'FedEx<sup>&reg;</sup> 10kb Box'),
  ('FEDEX25KGBOX', 'FedEx<sup>&reg;</sup> 25kg Box'),
  ('FEDEXBOX', 'FedEx<sup>&reg;</sup> Box'),
  ('FEDEXENVELOPE', 'FedEx<sup>&reg;</sup> Letter'),
  ('FEDEXPAK', 'FedEx<sup>&reg;</sup> Pak'),
  ('FEDEXTUBE', 'FedEx<sup>&reg;</sup> Tube'),
  ('YOURPACKAGING', 'Your Packaging');

INSERT INTO `FedEx_Settings`(`Fedex_ID`, `AccountNo`, `MeterNum`, `MaxWeight`, `UnitsofMeasure`, `Dropoff`, `Packaging`, `OrigZip`, `OrigState`, `OrigCountry`, `Debug`, `UseGround`, `UseExpress`, `Logging`)
VALUES (1, NULL, NULL, 150, 'KGS/CM', 'REGULARPICKUP', 'YOURPACKAGING', '00000', 'NY', 'US', 0, 1, 1, 0);

INSERT INTO `FedExMethods`(`ID`, `Name`, `Used`, `Shipper`, `Code`, `Priority`)
VALUES (1, 'FedEx<sup>&reg;</sup> Ground', 1, 'FDXG', 'FEDEXGROUND', 1),
  (2, 'FedEx<sup>&reg;</sup> Home Delivery', 1, 'FDXG', 'GROUNDHOMEDELIVERY', 2),
  (3, 'FedEx Priority Overnight<sup>&reg;</sup>', 1, 'FDXE', 'PRIORITYOVERNIGHT', 4),
  (4, 'FedEx 2 Day<sup>&reg;</sup>', 1, 'FDXE', 'FEDEX2DAY', 3),
  (5, 'FedEx First Overnight<sup>&reg;</sup>', 1, 'FDXE', 'FIRSTOVERNIGHT', 5),
  (6, 'FedEx Express Saver<sup>&reg;</sup>', 1, 'FDXE', 'FEDEXEXPRESSSAVER', 6),
  (7, 'FedEx Standard Overnight<sup>&reg;</sup>', 1, 'FDXE', 'STANDARDOVERNIGHT', 7),
  (8, 'FedEx International Priority<sup>&reg;</sup>', 1, 'FDXE', 'INTERNATIONALPRIORITY', 8),
  (9, 'FedEx International Economy<sup>&reg;</sup>', 1, 'FDXE', 'INTERNATIONALECONOMY', 9);

INSERT INTO `Groups`(`Group_ID`, `Name`, `Description`, `Permissions`, `Wholesale`, `Group_Code`, `TaxExempt`, `ShipExempt`)
VALUES (1, 'Administrator', 'User Permissions', 'contentkey_list^1,2;Access^7;Category^1;Feature^11;Page^1;Product^253;Shopping^1023;Users^15', 1, '', 0, 0),
  (2, 'Webmaster', 'Menus, categories, pages, site settings', 'contentkey_list^2,1;FEATURE^3;CATEGORY^1;SHOPPING^3;USERS^7;PAGE^1;Access^0', 0, NULL, 0, 0),
  (3, 'Editor', 'Manages site content', 'contentkey_list^4;FEATURE^3;CATEGORY^1;PAGE^3;USERS^2;PRODUCT^2', 1, '', 0, 0),
  (4, 'Order Manager', '', 'contentkey_list^5,4;USERS^6;SHOPPING^508', 1, '', 0, 0),
  (5, 'Shipping Department', '', 'contentkey_list^4;USERS^0;SHOPPING^272', 1, '', 0, 0),
  (6, 'Wholesale Startup', '30% off given on order', 'contentkey_list^4', 1, NULL, 0, 0),
  (7, 'Author', 'Add & edit own user\'s own features', 'FEATURE^1;USERS^2', 0, '', 0, 0);

INSERT INTO `Intershipper`(`ID`, `Password`, `Residential`, `Pickup`, `UnitsofMeasure`, `MaxWeight`, `Carriers`, `UserID`, `Classes`, `MerchantZip`, `Logging`, `Debug`)
VALUES (1, NULL, 1, 'SCD', 'LBS/IN', 150, 'ALL', NULL, 'ALL', '00000', 0, 0);

INSERT INTO `IntShipTypes`(`ID`, `Name`, `Used`, `Code`, `Priority`)
VALUES (1, 'UPS Next Day Air', 1, 'UND', 99),
  (2, 'UPS 2nd Day Air', 1, 'U2D', 99),
  (3, 'UPS Canadian Expedited Service', 0, 'UCX', 99),
  (4, 'UPS Canadian Express Service', 1, 'UCE', 99),
  (5, 'UPS 3-Day Select', 1, 'U3S', 99),
  (6, 'UPS Next Day Air Saver', 0, 'UNS', 99),
  (7, 'UPS Next Day Air Early AM', 0, 'UNA', 99),
  (8, 'UPS Ground', 1, 'UGN', 99),
  (9, 'U.S.P.S.Priority Mail', 1, 'PPM', 99),
  (10, 'U.S.P.S. Parcel Post Machine', 0, 'PGM', 99),
  (11, 'U.S.P.S.Express Mail', 0, 'PEA', 99),
  (12, 'U.S.P.S. Parcel Post Non-Machine', 0, 'PGN', 99),
  (13, 'FedEx Priority Overnight', 0, 'FPN', 5),
  (14, 'FedEx 2nd Day', 1, 'F2D', 2),
  (15, 'FedEx Express Saver', 1, 'FES', 3),
  (16, 'FedEx Ground', 1, 'FGN', 1),
  (17, 'FedEx Standard Overnight', 1, 'FSO', 6),
  (18, 'DHL Overnight', 1, 'DON', 99),
  (20, 'UPS Canadian Express Plus Service', 0, 'UCP', 99),
  (21, 'UPS Standard Canadian Service', 0, 'UCS', 99),
  (22, 'FedEx First Overnight', 1, 'FON', 4),
  (23, 'FedEx Canadian Ground', 0, 'FCG', 99),
  (24, 'FedEx Canadian International Economy', 0, 'FCE', 99),
  (25, 'FedEx Canadian International Priority', 0, 'FCP', 99),
  (27, 'FedEx Canadian International First', 0, 'FCF', 99),
  (28, 'UPS 2nd Day Air AM', 0, 'U2A', 99),
  (29, 'FedEx International Economy', 0, 'FIE', 99),
  (30, 'FedEx International First', 0, 'FIF', 99),
  (31, 'FedEx International Priority', 0, 'FIP', 99),
  (32, 'U.S.P.S.Express Mail PO', 0, 'PEO', 99),
  (33, 'U.S.P.S. Global Express Guaranteed', 1, 'PEG', 99),
  (34, 'U.S.P.S. Priority Mail Intl.', 1, 'PMI', 99),
  (35, 'U.S.P.S. First Class Mail Intl.', 1, 'PFI', 99),
  (36, 'U.S.P.S. Express Mail Intl.', 0, 'PEM', 99),
  (37, 'UPS WorldWide Expedited', 1, 'UWX', 99),
  (38, 'UPS WorldWide Express', 1, 'UWE', 99),
  (39, 'UPS WorldWide Express Plus', 0, 'UWP', 99);

INSERT INTO `Locales`(`ID`, `Name`, `CurrExchange`)
VALUES (1, 'Dutch (Belgian)', 'Netherlands'),
  (2, 'Dutch (Standard)', 'Euro'),
  (3, 'English (Australian)', 'Australia'),
  (4, 'English (Canadian)', 'Canada'),
  (5, 'English (New Zealand)', 'New Zealand'),
  (6, 'English (UK)', 'UK'),
  (7, 'English (US)', 'US'),
  (8, 'French (Belgian)', 'Belgium'),
  (9, 'French (Canadian)', 'Canada'),
  (10, 'French (Standard)', 'France'),
  (11, 'French (Swiss)', 'Switzerland'),
  (12, 'German (Austrian)', 'Austria'),
  (13, 'German (Standard)', 'Germany'),
  (14, 'German (Swiss)', 'Switzerland'),
  (15, 'Italian (Standard)', 'Italy'),
  (16, 'Italian (Swiss)', 'Switzerland'),
  (17, 'Norwegian (Bokmal)', 'Norway'),
  (18, 'Norwegian (Nynorsk)', 'Norway'),
  (19, 'Portuguese (Brazilian)', 'Portugal'),
  (20, 'Portuguese (Standard)', 'Portugal'),
  (21, 'Spanish (Mexican)', 'Mexico'),
  (22, 'Spanish (Standard)', 'Spain'),
  (23, 'Swedish', 'Sweden');

INSERT INTO `MailText`(`MailText_ID`, `MailText_Name`, `MailText_Message`, `MailText_Subject`, `MailText_Attachment`, `System`, `MailAction`)
VALUES (2, 'Email Confirmation', 'Welcome to %SiteName%.\r\nTo complete the Email Confirmation process please click on the link below:\r\n%SiteURL%index.cfm?fuseaction=users.unlock&amp;email=%Email%&amp;emaillock=%EmailLock%\r\nIf the link does not appear in your email as a clickable link, just copy and paste the complete URL into your browser\'s location bar and hit enter.\r\nYou can also complete the process by copying the following code into the Email Confirmation form.\r\nYour Code:\r\n%EmailLock%\r\nTo access the Email Confirmation form just sign in and click on \"My Account\".\r\nYou only need to confirm your email address once.\r\nSee you online!\r\n-- %SiteName%', '%SiteName% Email Confirmation Code', NULL, 1, 'EmailConfirmation'),
  (3, 'New Member Admin Notification', 'A new member has registered on %SiteName%:\r\n\r\n%MergeContent%', 'New Member Registration on  %SiteName%', NULL, 1, 'NewMemberNotice'),
  (4, 'Forgot Password', 'Your password for %SiteName% has been reset to: %MergeContent%. Your username for this account is "%Username%".<br>\r\n<br>\r\nAfter logging in at %SiteURL% you can change this temporary password by clicking on \"My Account\".<br>\r\n<br>\r\nSee you online!', 'Login Information', NULL, 1, 'ForgotPassword'),
  (5, 'Order Received Affiliate Notice', 'Here is a summary of an order received through your site! %Mergecontent%', 'Affiliate Order Received!', NULL, 1, 'OrderRecvdAffiliate'),
  (6, 'Order Received Customer Notice', 'Here is a summary of your order, thanks for shopping with us! %mergecontent%', 'Order Received!', NULL, 1, 'OrderRecvdCustomer'),
  (7, 'Gift Registry Purchase Notification', 'The following Gift Registry item was purchased: %Mergecontent%', '%SiteName% Gift Registry Purchase', NULL, 1, 'GiftRegistryPurchase'),
  (8, 'Membership Auto-Renewal Billed', NULL, NULL, NULL, 1, 'MembershipAutoRenewBilled'),
  (9, 'Membership Auto-Renewal Cancel', '<p>Your membership at %SiteName% has been cancelled as requested. Thanks for visiting!</p>', NULL, NULL, 1, 'MembershipAutoRenewCancel'),
  (10, 'Membership Renewal Reminder', 'Just a quick reminder that it is time to renew your %sitename%\r\nmembership due to expire in just a few days. You can renew your\r\nmembership at %SiteURL%. <br>\r\n<br>\r\nSee you online!', NULL, NULL, 1, 'MembershipRenewReminder'),
  (13, 'Order Shipping/Tracking Information', 'Shipping information for your order from %SiteName%<br />\r\n<br />\r\n%mergecontent%<br />\r\n<br />\r\n%Merchant%', '%SiteName% Order Shipped!', NULL, 1, 'OrderShipped'),
  (14, 'Custom Newsletter', 'Here\'s an example of a custom newsletter. Inform your customers of what is going on at %SiteName%!<br />\r\n<br />\r\n%Merchant%', '%SiteName% Newsletter', NULL, 0, 'Newsletter'),
  (15, 'Gift Certificate Purchase', '<p>Thanks for your purchase of a gift certificate from %SiteName%! Just enter the code when you are checking out to receive credits towards your purchase.</p>\r\n<p>%Mergecontent%</p>', '%SiteName% Gift Certificate Purchase', NULL, 1, 'GiftCertPurchase'),
  (16, 'New Affiliate Admin Notification', 'A new affiliate has registered on %SiteName%:\r\n<br><br>%MergeContent%', 'New Affiliate Registration on', NULL, 1, 'NewAffiliateNotice');

INSERT INTO `OrderSettings`(`ID`, `AllowInt`, `AllowOffline`, `OnlyOffline`, `OfflineMessage`, `CCProcess`, `AllowPO`, `EmailAdmin`, `EmailUser`, `EmailAffs`, `EmailDrop`, `OrderEmail`, `DropEmail`, `EmailDropWhen`, `Giftcard`, `Delivery`, `Coupons`, `Backorders`, `BaseOrderNum`, `StoreCardInfo`, `UseCVV2`, `MinTotal`, `NoGuests`, `UseBilling`, `UsePayPal`, `PayPalEmail`, `PayPalLog`, `CustomText1`, `CustomText2`, `CustomText3`, `CustomSelect1`, `CustomSelect2`, `CustomChoices1`, `CustomChoices2`, `CustomText_Req`, `CustomSelect_Req`, `AgreeTerms`, `Giftwrap`, `ShowBasket`, `SkipAddressForm`)
VALUES (1, 1, 1, 0, 'Please call us at 1-xxx-xxx-xxxx to complete your order.', 'None', 0, 1, 1, 1, 0, 'info@yoursite.com', NULL, 'Processed', 1, 1, 1, 1, 1000, 0, 0, 0, 0, 1, 0, NULL, 0, NULL, NULL, NULL, NULL, NULL, NULL, NULL, NULL, NULL, NULL, 0, 0, 0);

INSERT INTO `Pages`(`Page_ID`, `Page_URL`, `CatCore_ID`, `PassParam`, `Display`, `PageAction`, `Page_Name`, `Page_Title`, `Sm_Image`, `Lg_Image`, `Sm_Title`, `Lg_Title`, `Color_ID`, `PageText`, `System`, `Href_Attributes`, `AccessKey`, `Priority`, `Parent_ID`, `Title_Priority`, `Metadescription`, `Keywords`, `TitleTag`)
VALUES (0, 'none', 0, NULL, 1, NULL, '(Default Page Menu)', '', NULL, NULL, NULL, NULL, NULL, '', 0, NULL, 0, 0, 0, 3, NULL, NULL, NULL),
  (1, 'index.cfm', 2, 'topcats=1,onsale=1,new=1,hot=1,prodofday=1,notsold=1,listing=vertical', 1, 'home', 'home', 'Better than ever!', NULL, NULL, NULL, NULL, NULL, '<br />We&nbsp;have created this demo site to show off some of the&nbsp;incredible features of CFWebstore\'s new Fusebox Edition.&nbsp;This product is so flexible that it\'s impossible to&nbsp;demonstrate all the things it can do but&nbsp;look around&nbsp;and we\'re&nbsp;sure you\'ll agree that it is packed with incredible features! <br /><br />This page, like all the other pages in this site, is completely editable&nbsp;using&nbsp;any web browser. You have full control over the layout and content.', 1, NULL, 0, 7, 0, 0, NULL, NULL, NULL),
  (2, 'index.cfm?fuseaction=users.manager', 0, 'noline=1', 1, 'manager', 'user account', 'My Account', NULL, NULL, NULL, NULL, NULL, '', 1, NULL, 0, 3, 0, 0, '', '', ''),
  (3, 'index.cfm?fuseaction=shopping.basket', 0, 'noline=1', 1, 'basket', 'view cart', '', NULL, NULL, NULL, NULL, NULL, '<blockquote style=\"margin-right: 0px;\" dir=\"ltr\" class=\"carttext\">\r\n<p><strong>Return Policy</strong>: All Sales Final. Return of damaged goods&nbsp;will be accepted at time of<br />\r\ndelivery with 15% restocking fee.</p>\r\n<p>This bottom text area is defined in the Page Manager for the shopping cart.</p>\r\n</blockquote>\r\n<p align=\"center\"><img width=\"39\" height=\"24\" border=\"0\" src=\"images/icons/cc_mastercard.gif\" alt=\"\" />&nbsp; <img width=\"36\" height=\"24\" border=\"0\" src=\"images/icons/cc_visa.gif\" alt=\"\" />&nbsp; <img width=\"29\" height=\"24\" border=\"0\" src=\"images/icons/cc_amex.gif\" alt=\"\" />&nbsp; <img width=\"60\" height=\"24\" border=\"0\" src=\"images/icons/cc_discover.gif\" alt=\"\" /></p>', 1, NULL, 0, 1, 0, 0, '', '', 'Shopping Cart'),
  (4, 'index.cfm?fuseaction=page.search', 5, NULL, 1, 'search', 'search', 'Site Search', NULL, NULL, NULL, NULL, NULL, 'Please enter keywords to search for:', 1, NULL, 0, 6, 0, 0, NULL, NULL, NULL),
  (5, 'index.cfm?fuseaction=page.searchresults', 6, NULL, 0, 'searchResults', 'Search Results', 'Search Results', NULL, NULL, NULL, NULL, NULL, '', 1, NULL, 0, 9999, 0, 0, NULL, NULL, NULL),
  (6, 'index.cfm?fuseaction=page.new', 3, 'new=1,onsale=1', 0, 'new', 'what\'s new', 'What\'s New', NULL, NULL, NULL, NULL, NULL, '<P>This&nbsp;page displays all the new and&nbsp;sale&nbsp;categories, products and feature articles.&nbsp;Items are automatically placed on this page when you&nbsp;turn on&nbsp;the \"new\" or \"highlight\" option&nbsp;on the item\'s admin page.&nbsp; </P>\r\n<P>This What\'s New page is included as a standard Page in the Page Manager. You can also call it as a Category template to include it as a Category&nbsp;OR it can be included as part of&nbsp; the Home page. </P>\r\n<P>You have the choice of selecting only New, only Sale, or Both.</P>', 1, NULL, 0, 9999, 0, 0, NULL, NULL, NULL),
  (7, 'index.cfm?fuseaction=page.membersOnly', 0, NULL, 0, 'membersOnly', 'Members Only', 'Members Only', NULL, NULL, NULL, NULL, NULL, '<p><strong><font color=\"#ff3300\">Sorry!&nbsp; A membership is required.</font></strong></p>\r\n<p>This text displays when content is locked with an access key and the user IS logged in and does not have the key. If the user was not logged in, the user would get a PLEASE LOG IN page instead.</p>\r\n<p>You can check your membership information by clicking on the Current Memberships link on the My Accounts page or clicking <a href=\"index.cfm?fuseaction=access.memberships\">HERE</a>.</p>\r\n<p>You can edit the text of this page in the Page Manager.</p>\r\n<p>This page automatically&nbsp;lists all&nbsp;Membership Products below.</p>', 1, NULL, 0, 9999, 0, 0, '', 'members, login', 'CFWebstore Members Only Page'),
  (8, 'index.cfm?fuseaction=page.contactUs', 15, 'noline=1,BoxTitle=Email Us', 1, 'contactUs', 'contact us', 'Contact Us', NULL, NULL, NULL, NULL, NULL, '<p>Have a question? Have a comment? Please contact us!</p>\r\n&nbsp;\r\n<table width=\"75%\" cellspacing=\"0\" cellpadding=\"3\" border=\"0\">\r\n    <tbody>\r\n        <tr>\r\n            <td>Phone:</td>\r\n            <td><strong>222-555-6442</strong></td>\r\n        </tr>\r\n        <tr>\r\n            <td valign=\"top\">Mail:</td>\r\n            <td>\r\n            <p>CFWebstore<br />\r\n            Dogpatch Software<br />\r\n            222 Main Street<br />\r\n            Jonesville, MD</p>\r\n            </td>\r\n        </tr>\r\n        <tr>\r\n            <td>E-mail:</td>\r\n            <td><a href=\"mailto:info&#064;YourSite.com\">info-at-YourSite.com</a></td>\r\n        </tr>\r\n    </tbody>\r\n</table>\r\n<br />\r\nYou can also use the form below:\r\n<p>&nbsp;</p>', 1, NULL, 0, 4, 0, 0, '', '', ''),
  (9, 'index.cfm?fuseaction=page.sitemap', 14, 'noline=1,alpha=1', 0, 'sitemap', 'site map', 'Site Map', NULL, NULL, NULL, NULL, NULL, '<P>The following is a list of all the Categories, Products and Feature Articles on our site. We hope it will assist you in finding what you\'re looking for.</P>', 1, NULL, 0, 5, 0, 0, NULL, NULL, NULL),
  (10, 'index.cfm?fuseaction=shopping.wishlist', 0, NULL, 1, 'wishlist', 'wishlist', 'Wishlist', NULL, NULL, NULL, NULL, NULL, '', 1, NULL, 0, 2, 0, 0, NULL, NULL, NULL),
  (16, 'index.cfm?fuseaction=page.cvv2help', 0, 'noline=1', 0, 'cvv2help', 'cvv2help', 'Your Credit Card Verification Value', NULL, '', '', '', NULL, '<P>Entering the Card Verification Value 2 (CVV2) number helps us to prevent credit card fraud and keep costs down for everyone. Since a CVV2 number is listed on your credit card but is not stored anywhere, the only way to know the correct CVV2 number for your credit card is to physically have possession of the card itself. All VISA, MasterCard and American Express cards made in America&nbsp;have a CVV2 number. </P>\r\n<P><STRONG>How to find your CVV2 Number:</STRONG></P>\r\n<P><IMG height=115 alt=\"Amex Card\" src=\"images/icons/amex_cvv2.gif\" width=157 align=left border=0><STRONG>American Express</STRONG><BR><BR>Enter the 4 digit, non-embossed number printed above your account number on the <B>face</B> of your card.</P>\r\n<P>&nbsp;</P>\r\n<P><IMG height=115 src=\"images/icons/visa_cvv2.gif\" width=157 align=left border=0><STRONG>Visa</STRONG><BR><BR>Enter the 3-digit, non-embossed number printed on the signature panel on the <B>back</B> of the card immediately following the Visa card account number.</P>\r\n<P>&nbsp;</P>\r\n<P><IMG height=115 src=\"images/icons/mastercard_cvv2.gif\" width=157 align=left border=0><STRONG>MasterCard</STRONG><BR><BR>Enter the 3-digit, non-embossed number printed on the signature panel on the <B>back</B> of the card.</P>\r\n<P>&nbsp;</P>\r\n<P><IMG height=115 src=\"images/icons/discover_cvv2.gif\" width=157 align=left border=0><STRONG>Discover</STRONG><BR><BR>Enter the 3-digit, non-embossed number printed on the signature panel on the <B>back</B> of the card.</P>', 1, '', 0, 9999, 0, 0, NULL, NULL, NULL),
  (17, 'index.cfm?fuseaction=page.receipt', 0, 'noline=1', 0, 'receipt', 'receipt', NULL, NULL, NULL, NULL, NULL, NULL, NULL, 1, NULL, 0, 9999, 0, 0, NULL, NULL, NULL),
  (18, 'index.cfm?fuseaction=shopping.tracking', 0, NULL, 0, 'tracking', 'track order', '', NULL, NULL, NULL, NULL, NULL, '', 0, NULL, 0, 4, 0, 0, NULL, NULL, NULL),
  (19, 'index.cfm?fuseaction=shopping.giftregistry', 0, NULL, 0, 'giftregistry', 'gift registry', '', NULL, NULL, NULL, NULL, NULL, '', 0, NULL, 0, 4, 0, 0, NULL, NULL, NULL),
  (20, 'index.cfm?fuseaction=page.pagenotfound', 0, NULL, 0, 'PageNotFound', 'Page Error', 'Page Not Found', NULL, NULL, NULL, NULL, NULL, '<sup>Sorry, an error was encountered in retrieving the information, or the item is no longer available.<br/><br/>Please try Searching or The Site Map for assistance.<br/><br type=\"_moz\"/></sup>', 1, NULL, 0, 9999, 0, 0, NULL, NULL, NULL),
  (21, 'index.cfm?fuseaction=page.nocookies', 0, NULL, 0, 'nocookies', 'No Cookies', 'Cookies Required', NULL, NULL, NULL, NULL, NULL, 'This site requires cookies in order to shop and to checkout. This is the safest and most secure way to conduct online business so is done for your safety and convenience. Please check your browser settings and ensure that you have set it to allow cookies.', 1, NULL, 0, 9999, 0, 0, NULL, NULL, NULL);

INSERT INTO `Permission_Groups`(`Group_ID`, `Name`)
VALUES (1, 'Access'),
  (2, 'Category'),
  (3, 'Feature'),
  (4, 'Product'),
  (5, 'Shopping'),
  (6, 'Users'),
  (7, 'Page');

INSERT INTO `Permissions`(`ID`, `Group_ID`, `Name`, `BitValue`)
VALUES (1, 1, 'Assign Permissions', 1),
  (2, 1, 'Manage Access Keys', 2),
  (3, 1, 'Manage Memberships', 4),
  (4, 2, 'Category Admin', 1),
  (5, 3, 'Feature Admin', 1),
  (6, 3, 'Feature Editor', 2),
  (7, 3, 'Feature Author', 4),
  (8, 4, 'Full Product Admin', 1),
  (9, 4, 'User Products Admin', 2),
  (10, 4, 'Discount Admin', 4),
  (11, 4, 'Promotion Admin', 8),
  (12, 5, 'Cart Admin', 1),
  (13, 5, 'Order Access', 2),
  (14, 5, 'Gift Certs Admin', 4),
  (15, 5, 'Order Approve', 8),
  (16, 5, 'Order Process', 16),
  (17, 5, 'Order Dropship', 32),
  (18, 5, 'Order Edit', 64),
  (19, 5, 'Order Reports', 128),
  (20, 6, 'Site Admin', 1),
  (21, 6, 'Admin Menu', 2),
  (22, 6, 'Group & User Admin', 4),
  (23, 6, 'User Export', 8),
  (24, 7, 'Page Admin', 1),
  (25, 4, 'Product Import', 16),
  (26, 4, 'Product Export', 32),
  (27, 4, 'Site Feeds', 128),
  (28, 5, 'Order Search', 256),
  (29, 4, 'Product Reviews', 64),
  (30, 3, 'Feature Reviews', 8),
  (31, 5, 'Gift Registry Admin', 512);

INSERT INTO `PickLists`(`Picklist_ID`, `Feature_Type`, `Acc_Rep`, `Acc_Type1`, `Acc_Descr1`, `Product_Availability`, `Shipping_Status`, `PO_Status`, `GiftRegistry_Type`, `Review_Editorial`)
VALUES (1, 'press release,article,training', 'mike,mary jo', 'distributor', NULL, 'ships immediately,on backorder', 'incomplete,backordered', 'emailed,faxed', 'wedding,christmas,birthday,baby', 'Editor,Spotlight');

INSERT INTO `Settings`(`SettingID`, `SiteName`, `SiteLogo`, `Merchant`, `HomeCountry`, `MerchantEmail`, `Webmaster`, `DefaultImages`, `FilePath`, `MimeTypes`, `MoneyUnit`, `WeightUnit`, `SizeUnit`, `InvLevel`, `ShowInStock`, `OutofStock`, `ShowRetail`, `ItemSort`, `Wishlists`, `OrderButtonText`, `OrderButtonImage`, `AllowWholesale`, `UseVerity`, `CollectionName`, `CColumns`, `PColumns`, `MaxProds`, `ProdRoot`, `CachedProds`, `FeatureRoot`, `MaxFeatures`, `Locale`, `CurrExchange`, `CurrExLabel`, `Color_ID`, `Metadescription`, `Keywords`, `Email_Server`, `Email_Port`, `Admin_New_Window`, `UseSES`, `Default_Fuseaction`, `Editor`, `ProductReviews`, `ProductReview_Approve`, `ProductReview_Flag`, `ProductReview_Add`, `ProductReview_Rate`, `ProductReviews_Page`, `FeatureReviews`, `FeatureReview_Add`, `FeatureReview_Flag`, `FeatureReview_Approve`, `GiftRegistry`)
VALUES (1, 'CFWebstore', NULL, NULL, 'US^United States', 'info@yoursite.com', 'orders@yoursite.com', 'images', NULL, 'application/x-zip-compressed,application/zip, application/msword, application/x-excel, text/plain, application/pdf, image/gif, image/jpeg, image/pjpeg, image/png, audio/mpeg', 'Dollars', 'Pounds', 'Inches', 'Mixed', 0, 1, 1, 'Name', 1, 'Add to Cart', 'addtocart.gif', 0, 0, NULL, 2, 1, 10, 0, 0, 0, 6, 'English (US)', 'None', NULL, 1, 'default site description goes here', 'default,site,description', 'mail.yoursite.net', 25, 1, 0, 'page.home', 'Default', 1, 0, 1, 2, 0, 2, 1, 2, 0, 1, 0);

INSERT INTO `ShipSettings`(`ID`, `ShipType`, `ShipBase`, `MerchantZip`, `InStorePickup`, `AllowNoShip`, `NoShipMess`, `NoShipType`, `ShipHand`, `Freeship_Min`, `Freeship_ShipIDs`, `ShowEstimator`, `ShowFreight`, `UseDropShippers`)
VALUES (1, 'Price', 0.0, '00000', 0, 1, 'We were unable to calculate shipping for your order.<BR>\r\nPlease complete your order and we will email you the exact shipping cost before final processing of your order.', 'Not Calculated', 0.0, 0, NULL, 0, 0, 0);

INSERT INTO `States`(`Abb`, `Name`)
VALUES ('AA', 'Armed Forces Americas'),
  ('AB', 'Alberta'),
  ('AE', 'Armed Forces Canada/Europe'),
  ('AK', 'Alaska'),
  ('AL', 'Alabama'),
  ('AP', 'Armed Forces Pacific'),
  ('AR', 'Arkansas'),
  ('AS', 'American Samoa'),
  ('AZ', 'Arizona'),
  ('BC', 'British Columbia'),
  ('CA', 'California'),
  ('CO', 'Colorado'),
  ('CT', 'Connecticut'),
  ('DC', 'District of Columbia'),
  ('DE', 'Delaware'),
  ('FL', 'Florida'),
  ('GA', 'Georgia'),
  ('GU', 'Guam'),
  ('HI', 'Hawaii'),
  ('IA', 'Iowa'),
  ('ID', 'Idaho'),
  ('IL', 'Illinois'),
  ('IN', 'Indiana'),
  ('KS', 'Kansas'),
  ('KY', 'Kentucky'),
  ('LA', 'Louisiana'),
  ('MA', 'Massachusetts'),
  ('MB', 'Manitoba'),
  ('MD', 'Maryland'),
  ('ME', 'Maine'),
  ('MI', 'Michigan'),
  ('MN', 'Minnesota'),
  ('MO', 'Missouri'),
  ('MS', 'Mississippi'),
  ('MT', 'Montana'),
  ('NB', 'New Brunswick'),
  ('NC', 'North Carolina'),
  ('ND', 'North Dakota'),
  ('NE', 'Nebraska'),
  ('NF', 'Newfoundland and Labrador'),
  ('NH', 'New Hampshire'),
  ('NJ', 'New Jersey'),
  ('NM', 'New Mexico'),
  ('NS', 'Nova Scotia'),
  ('NT', 'Northwest Territories'),
  ('NV', 'Nevada'),
  ('NY', 'New York'),
  ('OH', 'Ohio'),
  ('OK', 'Oklahoma'),
  ('ON', 'Ontario'),
  ('OR', 'Oregon'),
  ('PA', 'Pennsylvania'),
  ('PE', 'Prince Edward Island'),
  ('PR', 'Puerto Rico'),
  ('PW', 'Palau'),
  ('QC', 'Quebec'),
  ('RI', 'Rhode Island'),
  ('SC', 'South Carolina'),
  ('SD', 'South Dakota'),
  ('SK', 'Saskatchewan'),
  ('TN', 'Tennessee'),
  ('TX', 'Texas'),
  ('UT', 'Utah'),
  ('VA', 'Virginia'),
  ('VI', 'U.S. Virgin Islands'),
  ('VT', 'Vermont'),
  ('WA', 'Washington'),
  ('WI', 'Wisconsin'),
  ('WV', 'West Virginia'),
  ('WY', 'Wyoming'),
  ('YT', 'Yukon Territory');

INSERT INTO `TaxCodes`(`Code_ID`, `CodeName`, `DisplayName`, `CalcOrder`, `Cumulative`, `TaxAddress`, `TaxAll`, `TaxRate`, `TaxShipping`, `ShowonProds`)
VALUES (1, 'Taxes', 'Taxes', 0, 0, 'Shipping', 0, 0.0, 0, 0);

INSERT INTO `UPS_Origins`(`UPS_Code`, `Description`, `OrderBy`)
VALUES ('CA', 'Canada', 2),
  ('EU', 'European Union', 5),
  ('MX', 'Mexico', 4),
  ('OO', 'All Other Origins', 6),
  ('PR', 'Puerto Rico', 3),
  ('US', 'United States', 1);

INSERT INTO `UPS_Packaging`(`UPS_Code`, `Description`)
VALUES ('01', 'UPS Letter'),
  ('02', 'Your Package'),
  ('03', 'UPS Tube'),
  ('04', 'UPS Pak'),
  ('21', 'UPS Express Box'),
  ('24', 'UPS 25kg Box'),
  ('25', 'UPS 10Kg Box');

INSERT INTO `UPS_Pickup`(`UPS_Code`, `Description`)
VALUES ('01', 'Daily Pickup'),
  ('03', 'Customer Counter'),
  ('11', 'Suggested Retail Rates (UPS Store)');

INSERT INTO `UPS_Settings`(`UPS_ID`, `ResRates`, `Username`, `Password`, `Accesskey`, `AccountNo`, `Origin`, `MaxWeight`, `UnitsofMeasure`, `CustomerClass`, `Pickup`, `Packaging`, `OrigZip`, `OrigCity`, `OrigCountry`, `Debug`, `UseAV`, `Logging`)
VALUES (1, 1, NULL, NULL, NULL, NULL, 'US', 150, 'LBS/IN', '01', '01', '02', '00000', '', 'US', 0, 1, 0);

INSERT INTO `UPSMethods`(`ID`, `Name`, `USCode`, `EUCode`, `CACode`, `PRCode`, `MXCode`, `OOCode`, `Used`, `Priority`)
VALUES (1, 'Next Day Air<sup>&reg;</sup>', '01', '00', '00', '01', '00', '00', 1, 4),
  (2, '2nd Day Air<sup>&reg;</sup>', '02', '00', '00', '02', '00', '00', 1, 3),
  (3, 'Ground', '03', '00', '00', '03', '00', '00', 1, 1),
  (4, 'Worldwide Express<sup><small>SM</small></sup>', '07', '00', '07', '07', '00', '07', 1, 99),
  (5, 'Worldwide Expedited<sup><small>SM</small></sup>', '08', '00', '08', '08', '00', '08', 1, 99),
  (6, 'Express', '00', '07', '00', '00', '07', '00', 0, 99),
  (7, 'Expedited', '00', '08', '00', '00', '08', '00', 0, 99),
  (8, 'Standard', '11', '11', '11', '00', '00', '00', 1, 99),
  (9, '3 Day Select<sup><small>SM</small></sup>', '12', '00', '12', '00', '00', '00', 1, 2),
  (10, 'Next Day Air Saver<sup>&reg;</sup>', '13', '00', '00', '00', '00', '00', 0, 99),
  (11, 'Express Saver', '00', '65', '13', '00', '00', '00', 0, 99),
  (12, 'Next Day Air<sup>&reg;</sup> Early A.M.<sup>&reg;</sup>', '14', '00', '00', '14', '00', '00', 0, 99),
  (13, 'Express Early A.M.', '00', '00', '14', '00', '00', '00', 0, 99),
  (14, 'Worldwide Express Plus<sup><small>SM</small></sup>', '54', '54', '54', '54', '00', '54', 0, 99),
  (15, 'Express Plus', '00', '00', '00', '00', '54', '00', 0, 99),
  (16, '2nd Day Air A.M.<sup>&reg;</sup>', '59', '00', '00', '00', '00', '00', 0, 99),
  (17, 'Worldwide Saver<sup><small>SM</small></sup>', '65', '00', '65', '65', '65', '65', 1, 99),
  (18, 'Express Saver<sup><small>SM</small></sup>', '00', '65', '13', '00', '00', '00', 0, 99);

INSERT INTO `Users`(`User_ID`, `Username`, `Password`, `Email`, `EmailIsBad`, `EmailLock`, `Subscribe`, `Customer_ID`, `ShipTo`, `Group_ID`, `Account_ID`, `Affiliate_ID`, `Basket`, `Birthdate`, `CardisValid`, `CardType`, `NameonCard`, `CardNumber`, `CardExpire`, `CardZip`, `EncryptedCard`, `CurrentBalance`, `LastLogin`, `Permissions`, `AdminNotes`, `Disable`, `LoginsTotal`, `LoginsDay`, `FailedLogins`, `LastAttempt`, `Created`, `LastUpdate`)
VALUES (1, 'admin', '21232F297A57A5A743894A0E4A801FC3', 'info@yoursite.com', 0, 'verified', 1, 0, 0, 1, 0, 0, NULL, NULL, 0, NULL, NULL, NULL, NULL, NULL, NULL, 0, '2007-03-18 19:00:24', 'contentkey_list^2;Users^2;registration^63', NULL, 0, 1, 1, 0, '2007-03-18 19:00:24', NULL, '2007-02-02 13:33:31');

INSERT INTO `UserSettings`(`ID`, `UseRememberMe`, `EmailAsName`, `UseStateList`, `UseStateBox`, `RequireCounty`, `UseCountryList`, `UseResidential`, `UseGroupCode`, `UseBirthdate`, `UseTerms`, `TermsText`, `UseCCard`, `UseEmailConf`, `UseEmailNotif`, `MemberNotify`, `UseShipTo`, `UseAccounts`, `ShowAccount`, `ShowDirectory`, `ShowSubscribe`, `StrictLogins`, `MaxDailyLogins`, `MaxFailures`, `AllowAffs`, `AffPercent`, `AllowWholesale`)
VALUES (1, 1, 0, 1, 1, 0, 1, 0, 0, 0, 0, '', 0, 0, 0, 0, 1, 0, 1, 1, 1, 0, 10, 3, 1, 0.04, 0);

INSERT INTO `USPS_Settings`(`USPS_ID`, `UserID`, `Server`, `MerchantZip`, `MaxWeight`, `Logging`, `Debug`, `UseAV`)
VALUES (1, 'userid', 'http://production.shippingapis.com/ShippingAPI.dll', '00000', 50, 0, 0, 0);

INSERT INTO `USPSCountries`(`ID`, `Abbrev`, `Name`)
VALUES (2, 'AL', 'Albania'),
  (3, 'DZ', 'Algeria'),
  (4, 'AD', 'Andorra'),
  (6, 'AI', 'Anguilla'),
  (7, 'AG', 'Antigua and Barbuda'),
  (8, 'AR', 'Argentina'),
  (10, 'AW', 'Aruba'),
  (11, 'AU', 'Australia'),
  (12, 'AT', 'Austria'),
  (14, 'AP', 'Portugal'),
  (15, 'BS', 'Bahamas'),
  (16, 'BH', 'Bahrain'),
  (17, 'BD', 'Bangladesh'),
  (18, 'BB', 'Barbados'),
  (19, 'BY', 'Belarus'),
  (20, 'BE', 'Belgium'),
  (21, 'BZ', 'Belize'),
  (22, 'BJ', 'Benin'),
  (23, 'BM', 'Bermuda'),
  (25, 'BO', 'Bolivia'),
  (27, 'BW', 'Botswana'),
  (28, 'BR', 'Brazil'),
  (29, 'VG', 'British Virgin Islands'),
  (30, 'BN', 'Brunei Darussalam'),
  (31, 'BG', 'Bulgaria'),
  (32, 'BF', 'Burkina Faso'),
  (34, 'BI', 'Burundi'),
  (35, 'CM', 'Cameroon'),
  (36, 'CA', 'Canada'),
  (37, 'CV', 'Cape Verde'),
  (38, 'KY', 'Cayman Islands'),
  (39, 'CF', 'Central African Republic'),
  (40, 'TD', 'Chad'),
  (41, 'CL', 'Chile'),
  (42, 'CN', 'China'),
  (43, 'CO', 'Colombia'),
  (45, 'CG', 'Congo (Brazzaville),Republic of the'),
  (47, 'CR', 'Costa Rica'),
  (48, 'CI', 'Cote d lvoire (Ivory Coast)'),
  (49, 'HR', 'Croatia'),
  (50, 'CY', 'Cyprus'),
  (51, 'CZ', 'Czech Republic'),
  (52, 'DK', 'Denmark'),
  (53, 'DJ', 'Djibouti'),
  (54, 'DM', 'Dominica'),
  (55, 'DO', 'Dominican Republic'),
  (56, 'EC', 'Ecuador'),
  (57, 'EG', 'Egypt'),
  (58, 'SV', 'El Salvador'),
  (59, 'GQ', 'Equatorial Guinea'),
  (60, 'ER', 'Eritrea'),
  (61, 'EE', 'Estonia'),
  (62, 'ET', 'Ethiopia'),
  (64, 'FO', 'Faroe Islands'),
  (65, 'FJ', 'Fiji'),
  (66, 'FI', 'Finland'),
  (67, 'FR', 'France'),
  (68, 'GF', 'French Guiana'),
  (69, 'PF', 'French Polynesia'),
  (70, 'GA', 'Gabon'),
  (71, 'GM', 'Gambia'),
  (72, 'GE', 'Georgia, Republic of'),
  (73, 'DE', 'Germany'),
  (74, 'GH', 'Ghana'),
  (75, 'GI', 'Gibraltar'),
  (77, 'GR', 'Greece'),
  (78, 'GL', 'Greenland'),
  (79, 'GD', 'Grenada'),
  (80, 'GP', 'Guadeloupe'),
  (81, 'GT', 'Guatemala'),
  (82, 'GN', 'Guinea'),
  (83, 'GW', 'Guinea-Bissau'),
  (84, 'GY', 'Guyana'),
  (85, 'HT', 'Haiti'),
  (86, 'HN', 'Honduras'),
  (87, 'HK', 'Hong Kong'),
  (88, 'HU', 'Hungary'),
  (89, 'IS', 'Iceland'),
  (90, 'IN', 'India'),
  (91, 'ID', 'Indonesia'),
  (95, 'IL', 'Israel'),
  (96, 'IT', 'Italy'),
  (97, 'JM', 'Jamaica'),
  (98, 'JP', 'Japan'),
  (99, 'JO', 'Jordan'),
  (100, 'KZ', 'Kazakhstan'),
  (101, 'KE', 'Kenya'),
  (102, 'KI', 'Kiribati'),
  (105, 'KW', 'Kuwait'),
  (106, 'KG', 'Kyrgyzstan'),
  (107, 'LA', 'Laos'),
  (108, 'LV', 'Latvia'),
  (109, 'LB', 'Lebanon'),
  (110, 'LS', 'Lesotho'),
  (111, 'LR', 'Liberia'),
  (113, 'LI', 'Liechtenstein'),
  (114, 'LT', 'Lithuania'),
  (115, 'LU', 'Luxembourg'),
  (116, 'MO', 'Macao'),
  (117, 'MK', 'Macedonia, Republic of'),
  (118, 'MG', 'Madagascar'),
  (119, 'ME', 'Portugal'),
  (120, 'MW', 'Malawi'),
  (121, 'MY', 'Malaysia'),
  (122, 'MV', 'Maldives'),
  (123, 'ML', 'Mali'),
  (124, 'MT', 'Malta'),
  (125, 'MQ', 'Martinique'),
  (126, 'MR', 'Mauritania'),
  (127, 'MU', 'Mauritius'),
  (128, 'MX', 'Mexico'),
  (129, 'MD', 'Moldova'),
  (131, 'MS', 'Montserrat'),
  (132, 'MA', 'Morocco'),
  (133, 'MZ', 'Mozambique'),
  (134, 'NA', 'Namibia'),
  (136, 'NP', 'Nepal'),
  (137, 'NL', 'Netherlands'),
  (138, 'AN', 'Netherlands Antilles'),
  (139, 'NC', 'New Caledonia'),
  (140, 'NZ', 'New Zealand'),
  (141, 'NI', 'Nicaragua'),
  (142, 'NE', 'Niger'),
  (143, 'NG', 'Nigeria'),
  (144, 'NO', 'Norway'),
  (145, 'OM', 'Oman'),
  (146, 'PK', 'Pakistan'),
  (147, 'PA', 'Panama'),
  (148, 'PG', 'Papua New Guinea'),
  (149, 'PY', 'Paraguay'),
  (150, 'PE', 'Peru'),
  (151, 'PH', 'Philippines'),
  (153, 'PL', 'Poland'),
  (154, 'PT', 'Portugal'),
  (155, 'QA', 'Qatar'),
  (156, 'RE', 'Reunion'),
  (157, 'RO', 'Romania'),
  (158, 'RU', 'Russia'),
  (159, 'RW', 'Rwanda'),
  (163, 'VC', 'St. Vincent and the Grenadines'),
  (166, 'SA', 'Saudi Arabia'),
  (167, 'SN', 'Senegal'),
  (169, 'SC', 'Seychelles'),
  (170, 'SL', 'Sierra Leone'),
  (171, 'SG', 'Singapore'),
  (172, 'SK', 'Slovak Republic'),
  (173, 'SI', 'Slovenia'),
  (174, 'SB', 'Solomon Islands'),
  (176, 'ZA', 'South Africa'),
  (177, 'ES', 'Spain'),
  (178, 'LK', 'Sri Lanka'),
  (179, 'KN', 'St. Christopher and Nevis'),
  (181, 'SR', 'Suriname'),
  (182, 'SZ', 'Swaziland'),
  (183, 'SE', 'Sweden'),
  (184, 'CH', 'Switzerland'),
  (185, 'SY', 'Syrian Arab Republic'),
  (186, 'TW', 'Taiwan'),
  (187, 'TJ', 'Tajikistan'),
  (188, 'TZ', 'Tanzania'),
  (189, 'TH', 'Thailand'),
  (190, 'TG', 'Togo'),
  (191, 'TO', 'Tonga'),
  (192, 'TT', 'Trinidad and Tobago'),
  (194, 'TN', 'Tunisia'),
  (195, 'TR', 'Turkey'),
  (197, 'TC', 'Turks and Caicos Islands'),
  (198, 'TV', 'Tuvalu'),
  (199, 'UG', 'Uganda'),
  (200, 'UA', 'Ukraine'),
  (201, 'AE', 'United Arab Emirates'),
  (202, 'US', 'United States'),
  (203, 'UY', 'Uruguay'),
  (204, 'UZ', 'Uzbekistan'),
  (205, 'VU', 'Vanuatu'),
  (207, 'VE', 'Venezuela'),
  (208, 'VN', 'Vietnam'),
  (209, 'WF', 'Wallis and Futuna Islands'),
  (210, 'WS', 'Western Samoa'),
  (212, 'CD', 'Congo, Democratic Republic of the'),
  (213, 'ZM', 'Zambia'),
  (214, 'ZW', 'Zimbabwe'),
  (215, 'AS', 'US Possession'),
  (216, 'KH', 'Cambodia'),
  (217, 'BL', 'Netherlands Antilles'),
  (218, 'CE', 'Spain'),
  (219, 'NN', 'Great Britain and Northern Ireland'),
  (220, 'CK', 'New Zealand'),
  (221, 'CB', 'Netherlands Antilles'),
  (222, 'EN', 'Great Britain and Northern Ireland'),
  (223, 'GU', 'US Possession'),
  (224, 'KO', 'US Possession'),
  (225, 'MH', 'US Possession'),
  (226, 'MC', 'France'),
  (227, 'MM', 'Burma'),
  (228, 'NF', 'Australia'),
  (229, 'NB', 'Great Britain and Northern Ireland'),
  (230, 'MP', 'US Possession'),
  (231, 'PW', 'US Possession'),
  (232, 'PO', 'US Possession'),
  (234, 'IE', 'Ireland'),
  (235, 'RT', 'US Possession'),
  (236, 'SS', 'Netherlands Antilles'),
  (237, 'SP', 'US Possession'),
  (238, 'SF', 'Great Britain and Northern Ireland'),
  (239, 'NT', 'Guadeloupe'),
  (240, 'SW', 'St. Christopher and Nevis'),
  (241, 'SX', 'US Possession'),
  (242, 'EU', 'Netherlands Antilles'),
  (243, 'UV', 'US Possession'),
  (244, 'LC', 'St. Lucia'),
  (245, 'MB', 'Netherlands Antilles'),
  (246, 'TB', 'Guadeloupe'),
  (247, 'VL', 'US Possession'),
  (248, 'KR', 'Korea, Republic of (South Korea)'),
  (249, 'TA', 'French Polynesia'),
  (250, 'TU', 'US Possession'),
  (252, 'VI', 'US Possession'),
  (253, 'WK', 'US Possession'),
  (254, 'WL', 'Great Britain and Northern Ireland'),
  (255, 'YA', 'US Possession'),
  (256, 'BA', 'Bosnia-Herzegovina'),
  (257, 'GB', 'Great Britain and Northern Ireland');

INSERT INTO `USPSMethods`(`ID`, `Name`, `Used`, `Code`, `Type`, `Priority`)
VALUES (1, 'Priority Mail w/Dlvr. Conf.',1,'Priority Mail','Domestic',1),
(2, 'Parcel Post w/Dlvr. Conf.',1,'Parcel Post','Domestic',2),
(3, 'Express Mail',1,'Express Mail','Domestic',3),
(4, 'Express Mail PO',1,'Express Mail PO to Addressee','Domestic',4),
(5, 'Express Mail PO',1,'Express Mail PO to PO','Domestic',5),
(6, 'First Class',1,'First-Class Mail','Domestic',6),
(7, 'First Class Parcel',1,'First-Class Mail Parcel','Domestic',7),
(8, 'First Class Flat',0,'First-Class Mail Flat','Domestic',8),
(9, 'Priority Mail Flat-Rate Box',0,'Priority Mail Flat-Rate Box','Domestic',9),
(10, 'Bound Printed Matter',0,'Bound Printed Matter','Domestic',99),
(11, 'Media Mail',0,'Media Mail','Domestic',99),
(12, 'Library Mail',0,'Library Mail','Domestic',99),
(13, 'Global Express Guaranteed',1,'Global Express Guaranteed','International',99),
(14, 'Express Mail Intl.',1,'Express Mail International (EMS)','International',99),
(15, 'Express Mail Int Flat Rate Env',0,'Express Mail International (EMS) Flat Rate Envelope','International',99),
(16, 'Priority Mail Intl.',1,'Priority Mail International','International',99),
(17, 'Priority Mail Intl Flat Rate Env',0,'Priority Mail International Flat Rate Envelope','International',99),
(18, 'Priority Mail Intl Flat Rate Box',0,'Priority Mail International Flat Rate Box','International',99),
(19, 'First-Class Mail Intl',1,'First-Class Mail International','International',99);  
  


-- Re-enable foreign key checks
SET FOREIGN_KEY_CHECKS=@OLD_FOREIGN_KEY_CHECKS;

-- End of script
