-- ----------------------------------------------------------------------
-- SQL data bulk transfer script generated by the MySQL Migration Toolkit
-- ----------------------------------------------------------------------

-- Disable foreign key checks
SET @OLD_FOREIGN_KEY_CHECKS=@@FOREIGN_KEY_CHECKS, FOREIGN_KEY_CHECKS=0;

INSERT INTO `AccessKeys`(`AccessKey_ID`, `Name`, `Keyring`, `System`)
VALUES (1, 'Log In Required', 'System', 1),
  (2, 'Members Only', NULL, 0);

INSERT INTO `Account`(`Account_ID`, `User_ID`, `Customer_ID`, `Account_Name`, `Type1`, `Description`, `Policy`, `Logo`, `Rep`, `Terms`, `LastUsed`, `Directory_Live`, `Web_URL`, `Dropship_Email`, `PO_Text`, `Map_URL`)
VALUES (2, 1, 1, 'CFWebstore', 'vendor', '', '', 'accounts/cfwebstore_logo.jpg', '', '', '2004-02-13 00:00:00', 0, NULL, 'info@yoursite.com', '', NULL),
  (5, 1, 7, 'Dogpatch Software', 'vendor', '', '', 'accounts/dogpatch_logo.gif', 'mike', '', '2007-02-16 19:27:00', 1, 'http://', 'info@vendor.com', '', ''),
  (6, 1, 1, 'Business Account', 'retailer', NULL, NULL, NULL, NULL, NULL, '2004-01-23 00:00:00', 1, NULL, NULL, NULL, 'http://www.mapquest.com/maps/map.adp?address=415%20Florida%20Ave&city=Herndon&state=VA&zipcode=20170%2d5449&country=US&title=%3cb%20class%3d%22fn%20org%22%3e415%20Florida%20Ave%3c%2fb%3e%3cbr%20%2f%3e%20%3cspan%20style%3d%22display%3ainline%3bmargin%2dbottom%3a0px%3b%22%20class%3d%22locality%22%3eHerndon%3c%2fspan%3e%2c%20%3cspan%20style%3d%22display%3ainline%3bmargin%2dbottom%3a0px%3b%22%20class%3d%22region%22%3eVA%3c%2fspan%3e%20%3cspan%20style%3d%22display%3ainline%3bmargin%2dbottom%3a0px%3b%22%20class%3d%22postal%2dcode%22%3e20170%2d5449%3c%2fspan%3e%2c%20%20%3cspan%20style%3d%22display%3ainline%3bmargin%2dbottom%3a0px%3b%22%20class%3d%22country%2dname%22%3eUS%3c%2fspan%3e%3c%2fspan%3e&cid=lfmaplink2&name=&dtype=s'),
  (9, 1, 1, 'SONY', 'manufacturer', '', '', 'accounts/sony.jpg', '', '', '2004-02-01 00:00:00', 1, NULL, '', '', NULL),
  (12, 30, 33, 'my Account', 'retailer', 'adas', 'aas', '', 'mike', '', '2004-02-13 00:00:00', 0, NULL, NULL, NULL, NULL),
  (13, 21, 44, 'My Account', 'retailer', 'My editor software business', NULL, '', 'mike', '', '2007-02-01 13:29:19', 1, 'http://', '', '', NULL),
  (14, 36, 52, 'Sample Account', 'retailer', '', '', NULL, 'mike', '', '2007-02-24 18:59:35', 0, 'http://', NULL, NULL, '');

INSERT INTO `Affiliates`(`Affiliate_ID`, `AffCode`, `AffPercent`, `Aff_Site`)
VALUES (1, 93614, 0.04, ''),
  (4, 12222, 0.04, NULL),
  (5, 78672, 0.04, NULL),
  (8, 32079, 0.04, 'www.dogpatchphoto.com'),
  (9, 10695, 0.04, 'www.cfwebstore.com');

INSERT INTO `CardData`(`ID`, `Customer_ID`, `CardType`, `NameonCard`, `CardNumber`, `Expires`, `EncryptedCard`)
VALUES (10, 27, 'VISA', 'Mary Jo Sminkey', '4111111111111111', '01/05', NULL),
  (12, 1, 'VISA', 'Mary Jo Sminkey', '4111111111111111', '01/05', NULL),
  (13, 1, 'VISA', 'Mary Jo Sminkey', '4111111111111111', '01/06', NULL),
  (14, 1, 'VISA', 'Mary Jo Sminkey', '4111111111111111', '01/07', NULL),
  (15, 28, 'VISA', 'Mary Jo Sminkey', '4111111111111111', '01/09', NULL),
  (16, 28, 'VISA', 'Mary Jo Sminkey', 'XXXXXXXXXXXX1111', '01/05', NULL),
  (17, 27, 'Visa', 'Mary Jo Sminkey', 'XXXXXXXXXXXX1111', '01/07', NULL),
  (19, 27, 'Visa', 'Mary Jo Sminkey', 'XXXXXXXXXXXX1111', '01/07', NULL),
  (26, 27, 'Visa', 'Mary Jo Sminkey', 'XXXXXXXXXXXX1111', '4/2010', NULL),
  (27, 27, 'Visa', 'Mary Jo Sminkey', 'XXXXXXXXXXXX1111', '4/2010', '8707J0625CBEB890AEB6AE6488869A5088B29C665E9CAC64704040441'),
  (29, 27, 'Visa', 'Mary Jo Sminkey', 'XXXXXXXXXXXX1111', '4/2010', '8707J0625CBEB890AEB6AE6488869A5088B29C665E9CAC64704040441');

INSERT INTO `CatCore`(`CatCore_ID`, `Catcore_Name`, `PassParams`, `Template`, `Category`, `Products`, `Features`, `Page`)
VALUES (0, 'category header only', 'noline=1,notitle=1', 'category/catcore_catheader_only.cfm', 1, 0, 0, 0),
  (1, 'sub-categories only', 'noline=1,notitle=1', 'category/dsp_subcats.cfm', 1, 0, 0, 0),
  (2, 'home page', 'topcats, searchform,new,onsale,hot,notsold,ProdofDay,listing,notitle,columns=x', 'catcores/catcore_home.cfm', 0, 0, 0, 1),
  (3, 'highlights (new & on sale)', 'new=1,onsale=1,notsold=1,notitle=1,columns=x', 'catcores/catcore_highlight.cfm', 1, 0, 0, 1),
  (4, 'contact us email form', 'noline=1,EmailTo=email@address.com, BoxTitle=Title,Subject=Email Subject Line', 'email/catcore_contactus.cfm', 1, 0, 0, 1),
  (5, 'search form', 'noline=1,notitle=1', 'search/dsp_search_form.cfm', 1, 0, 0, 1),
  (6, 'search results page', 'noline=1,notitle=1', 'search/act_search.cfm', 0, 0, 0, 1),
  (7, 'products department home', 'noline=1,notitle=1', 'catcores/catcore_products_home.cfm', 1, 1, 0, 0),
  (8, 'products', 'listing=vertical|short, displaycount=x, productcols=x,searchheader=1,searchheader=form,alpha=1,notitle=1', 'product/catcore_products.cfm', 1, 1, 0, 0),
  (9, 'features', 'noline=1,notitle=1,searchform=1, displaycount=x', 'feature/catcore_features.cfm', 1, 1, 1, 0),
  (11, 'items on sale', 'noline=1,notitle=1', 'catcores/dsp_sale.cfm', 1, 0, 0, 1),
  (12, 'features + products', 'noline=1,notitle=1,listing=short|vertical', 'catcores/catcore_features_products.cfm', 1, 1, 1, 0),
  (13, 'account directory', 'noline=1,notitle=1,displaycount,accountcols,sort,order,type1', 'users/account/catcore_accounts.cfm', 1, 0, 0, 1),
  (14, 'Site Map', 'noline=1,alpha=1,notitle=1', 'catcores/dsp_sitemap.cfm', 0, 0, 0, 1),
  (15, 'Contact Us with file attachment', 'noline=1,EmailTo=email@address.com, BoxTitle=Title,Subject=Email Subject Line', 'email/catcore_contactus_attachment.cfm', 1, 0, 0, 1);

INSERT INTO `Categories`(`Category_ID`, `Parent_ID`, `CatCore_ID`, `Name`, `Short_Desc`, `Long_Desc`, `Sm_Image`, `Lg_Image`, `Sm_Title`, `Lg_Title`, `PassParam`, `AccessKey`, `CColumns`, `PColumns`, `Display`, `ProdFirst`, `Priority`, `Highlight`, `ParentIDs`, `ParentNames`, `Sale`, `DateAdded`, `Color_ID`, `Metadescription`, `Keywords`, `TitleTag`)
VALUES (1, 0, 9, 'Magazine', '<p>We know your web site has more than just products so we\'ve included a complete publishing engine! Create online newsletters, product reviews or your own web-zine.</p>', '<p>This category has an HTML title and heading image which floats left of the title.</p>\r\n<p>This category demonstrates how a category can hold both sub-categories and feature articles to publish online.</p>\r\n<p>Note that this category has sub-categories listed first in two columns followed by articles. If sub-categories are listed last, they appear just like the articles (without the border). Putting Sub-Cats below allows you to use a category as a type of article... a multi-page large group of features or perhaps a columnist with a current and old columns.</p>', 'news.jpg', '', 'title_Magazine.gif', '', 'searchform=1', 0, 2, 1, 1, 1, 2, 1, '', '', 0, '2002-08-04 14:10:30', NULL, '', '', ''),
  (2, 0, 9, 'Members Only', '<p>With our powerfull member management system you can create and sell memberships which allow users to access to your site\'s content or special discounts and promotions.</p>', '<h4><font color=\"#ff9900\">You\'re IN!</font></h4>\r\n<p><font size=\"2\" face=\"Courier New\">This page has been locked using the &quot;Member\'s Only&quot; access key. If you are viewing this page then you have the access key!</font></p>\r\n<p><font size=\"2\" face=\"Courier New\">Access Keys can be assigned to Groups and individual Users. When you log in, all&nbsp;the access keys&nbsp;that your group has&nbsp;are added the your individual access keys. </font></p>\r\n<p><font size=\"2\" face=\"Courier New\">Access Keys can also be sold (or more accurately &quot;rented&quot;) with Memberships. A membership Product can be created that gives the purchaser an access key for a specific period of time.</font></p>', 'key.jpg', '', 'title_Members_Only.gif', '', 'noline=1', 2, NULL, NULL, 1, 1, 3, 0, '', '', 0, '2002-07-31 12:16:41', NULL, '', '', ''),
  (3, 0, 13, 'Store Locator', '<p>We have great features for stores with wholesale customers too like this automated directory that lists the retail stores that carry YOUR products!</p>', '<p>The following is a list of locations that carry our products.</p>', 'phone.jpg', '', '', '', 'noline=1,type1=retailer', 0, NULL, NULL, 1, 1, 4, 0, '', '', 0, '2003-04-04 15:34:34', NULL, '', '', ''),
  (4, 0, 7, 'Product Catalog', '<p>Selling <span style=\"font-weight: bold;\">your products </span>has never been so easy! Check out our advanced catalog system that will help your customers to easily browse and find the product they want to buy.</p>', '<p><span style=\"font-family: Courier New;\">The <img width=\"58\" height=\"71\" border=\"0\" align=\"right\" src=\"http://www.cfwebstore.com/cfwebstorefb/images/cool.gif\" alt=\"\" />categories and pages can easily have custom layouts like this one! You can change the <span style=\"color: rgb(204, 51, 204);\">colors</span>, <span style=\"font-style: italic;\">background images</span>, <span style=\"font-family: Comic Sans MS;\">page layouts </span>-- just about everything!</span></p>\r\n<p><span style=\"font-family: Courier New;\">&nbsp;&nbsp;&nbsp;&nbsp; This category is an example of what you might want on a Department Home Page. In addition to listing the sub-categories you&nbsp;can include&nbsp;a product search box, a product of the day, or list of new, on sale, and highlighted products.&nbsp;Fusebox methodology makes custom layouts a snap! You can even include <a href=\"index.cfm?fuseaction=category.display&amp;category_id=11\">links </a>to other pages on your site in your descriptions. </span></p>\r\n<p><span style=\"font-family: Courier New;\">&nbsp;&nbsp;&nbsp;&nbsp; Check out our product pages below!</span></p>', 'sold.jpg', '', '', '', '', 0, 1, NULL, 1, 1, 1, 0, '', '', 0, '2003-04-04 15:36:19', 2, 'Another category metatag description sample.', 'another,category,metatag', 'CFWebstore Product Catalog home page - Products, articles, software'),
  (5, 0, 9, 'About Us', 'CFWebstore has been perfected over years of experience and hundreds of stores. No other store this powerful is as easy to customize.', '<P>Lots of Company information can go here. </P>', '', '', '', '', '', 0, 1, 1, 1, 1, 5, 0, '', '', 0, '2003-04-04 16:31:12', NULL, '', '', NULL),
  (6, 1, 9, 'Subcat Press Releases', '<p>An example of a sub-category.</p>', '<p>Here are press releases. This is the main body text of the category.</p>', '', '', '', '', '', 0, NULL, NULL, 1, 0, 9999, 0, '1', 'Magazine', 0, '2003-08-30 23:44:51', NULL, '', '', ''),
  (7, 1, 9, 'Archived Articles', '<p>Another sample sub-category.</p>', '<p>A common use of articles is for a periodic &quot;column&quot;. This program has an easy way to automatically print the entire contents of the current article then automatically &quot;archive&quot; the older ones as demonstrated below.</p>', '', '', '', '', '', 0, NULL, NULL, 1, 1, 9999, 0, '1', 'Magazine', 0, '2003-08-30 23:46:44', NULL, '', '', ''),
  (8, 6, 9, 'Regular Columnist', 'This is a sub-category looking like an article.', 'This demonstrates how a cateogry can be used for a regular column.', NULL, NULL, NULL, NULL, NULL, 0, NULL, NULL, 1, 0, 9999, 0, '1,6', 'Magazine:Subcat Press Releases', 0, '2003-08-31 00:04:58', NULL, NULL, NULL, NULL),
  (9, 5, 4, 'Contact Us', 'Here\'s an example of how the mail form can be attached to a category page in case you don\'t want to have it as a \"page\".', '<P>The company information page is usually included in the page menu, as it is in our demo store. However, you can include the automated mail form in a category page as well.</P>', NULL, NULL, NULL, NULL, 'noline=1', 0, NULL, NULL, 1, 0, 9999, 0, '5', 'About Us', 0, '2003-08-31 00:30:32', NULL, NULL, NULL, NULL),
  (10, 4, 8, 'Products Listed in Standard Layout', '<p>Our standard catalog layout.</p>', '<p>This catalog page shows our standard&nbsp;style&nbsp;product listings. This page also includes a sample of an optional &quot;search header&quot; that&nbsp;allow filtering and sorting of products in the category. Search headers can be very easily customized to include any searchable or sortable product field.</p><p>This category also shows a variety of option and orderbox layout methods. You can display products with or without the option box, with HTML buttons or image buttons, horizontally or vertically, etc.</p>', '1.gif', '', '', '', 'alpha=1', 0, NULL, 1, 1, 1, 1, 0, '4', 'Product Catalog', 0, '2003-08-31 00:36:18', NULL, '', '', ''),
  (11, 0, 0, 'Documentation', '<p>Check out all the features of CFWebstore and see why we\'re the favorite product of Cold Fusion developers everywhere!</p>', '<p>This is a list of some of the more important functions organized by site circuit. It provides a good overview of how the site is structured and helps explain the available functionality.</p>\r\n<p><u><strong>HOME</strong></u><br />\r\nThe site\'s root (default) circuit</p>\r\n<ul>\r\n    <li><strong>Welcome</strong> (default) - <a href=\"index.cfm\">index.cfm</a><br />\r\n    The&nbsp;site\'s home page.</li>\r\n    <li><strong>Admin</strong> - <a href=\"index.cfm?fuseaction=home.admin\">index.cfm?fuseaction=home.admin</a><br />\r\n    The main administration menu for the site. This menu can also be accessed automatically with the url <a href=\"http://www.sitename.com/admin\">www.sitename.com/admin</a>. All the individual circuits admin menu options (listed in&nbsp;the various section below) are&nbsp;compiled in this single&nbsp;menu along with the following overall site definition pages:<br />\r\n    <ul>\r\n        <li><strong>Color Palettes</strong> - <a href=\"index.cfm?fuseaction=home.admin&amp;colors=list\">index.cfm?fuseaction=home.admin&amp;colors=list</a>Multiple color palettes can be defined for the site. A default color palette is set for the site overall and for individual categories, pages, etc. individually. This is also where you define different layout pages to use</li>\r\n        <li><strong>Category &amp; Page Templates</strong> - <a href=\"index.cfm?fuseaction=home.admin&amp;catcore=list\">index.cfm?fuseaction=home.admin&amp;catcore=list</a><br />\r\n        Used for adding new site templates.</li>\r\n        <li><strong>Site Settings</strong> - <a href=\"index.cfm?fuseaction=home.admin&amp;settings=edit\">index.cfm?fuseaction=home.admin&amp;settings=edit</a><br />\r\n        Site definition and display variables.</li>\r\n        <li><strong>Pick Lists</strong>- <a href=\"index.cfm?fuseaction=home.admin&amp;picklists=edit\">index.cfm?fuseaction=home.admin&amp;picklists=edit</a>Pick lists set the choices for various pull-down lists used in the site, defining things like \'feature types\'.</li>\r\n    </ul>\r\n    </li>\r\n</ul>\r\n<p><strong><u> </u></strong></p>\r\n<p><strong><u><br />\r\nACCESS</u></strong><br />\r\nAccess refers to the functions that control the locking and access to site content. Categories and Features can be &quot;locked&quot; with an Access Key and only logged in members who possess the key will gain access to the content.</p>\r\n<ul dir=\"ltr\">\r\n    <li>\r\n    <div><strong>Memberships</strong> - <a href=\"index.cfm?fuseaction=access.memberships\">index.cfm?fuseaction=access.memberships</a><br />\r\n    The list of your (the currently logged in user)&nbsp;memberships. A link to memberships is included on the My Account page.</div>\r\n    </li>\r\n    <li>\r\n    <div><strong>File Downloads </strong>- <a href=\"index.cfm?fuseaction=access.memberships\">index.cfm?fuseaction=access.download</a><br />\r\n    The list of your (the currently logged in user)&nbsp;files ready for download. This feature is used to fulfill purchases of downloadable software. A link to&nbsp;file downloads&nbsp;is included on the My Account page.</div>\r\n    </li>\r\n    <li>\r\n    <div><strong>Test</strong> - <a href=\"index.cfm?fuseaction=access.test\">index.cfm?fuseaction=access.test</a><br />\r\n    A debugging tool to view the values of your (the currently logged in user) access keys.&nbsp;</div>\r\n    </li>\r\n    <li>\r\n    <div><strong>Secure</strong> - Called as a custom tag within templates to secure access to site functionality and content.</div>\r\n    </li>\r\n    <li><strong>Admin</strong> - <a href=\"index.cfm?fuseaction=access.admin\">index.cfm?fuseaction=access.admin</a><br />\r\n    A menu of the Content Access functions listed below.<br />\r\n    <ul>\r\n        <li><strong>Access Keys List</strong> -&nbsp; <a href=\"index.cfm?fuseaction=access.admin&amp;accessKey=list\">index.cfm?fuseaction=access.admin&amp;accessKey=list</a>An administrator list of all access keys. Access Keys are created to &quot;lock&quot; site content. Keys are given to groups or individual users OR they can be &quot;sold&quot; in the form of a membership. Only users who possess a key can access the content locked with that key.</li>\r\n        <li><strong>Membership List</strong> - <a href=\"index.cfm?fuseaction=access.admin&amp;membership=list\">index.cfm?fuseaction=access.admin&amp;membership=list</a>An administrator listing of all memberships. Memberships are usually purchased by users for access to site content.</li>\r\n    </ul>\r\n    </li>\r\n</ul>\r\n<p dir=\"ltr\"><br />\r\n<strong><u>CATEGORY</u></strong><br />\r\nCategories provide a hierarchal structure to the site. A Category consists of a header section followed by a listing of content such as sub-categories or Products or Features. In fact,&nbsp;Sub-Categories, Features and Products can all be listed on a single Category page.</p>\r\n<ul>\r\n    <li>\r\n    <div><strong>Display Category</strong>&nbsp;- index.cfm?fuseaction=category.display&amp;category_id=*<br />\r\n    Displays the detail page of the requested category.</div>\r\n    </li>\r\n    <li>\r\n    <div><strong>Top Categories Menu</strong> - <a href=\"index.cfm?fuseaction=category.topcatmenu\">index.cfm?fuseaction=category.topcatmenu</a>Called as a custom tag on the layout page to insert a menu of top categories. Can be oriented horizontally or vertically using images or forced to text only.</div>\r\n    </li>\r\n    <li>\r\n    <div><strong>Sub-Category Menu</strong> - <a href=\"index.cfm?fuseaction=category.subcatmenu\">index.cfm?fuseaction=category.subcatmenu</a>Called as a custom tag on the layout page to inset a menu of the child categories of the currently displayed&nbsp;category.</div>\r\n    </li>\r\n    <li>\r\n    <div><strong>Related Categories List</strong> - index.cfm?fuseaction=category.related...<br />\r\n    Called as a custom tag on detail pages. It will list out all the categories that a product is listed in on the bottom of the product page and the categories that a feature is listed in on the feature page.</div>\r\n    </li>\r\n    <li>\r\n    <div><strong>Admin</strong> -&nbsp;<a href=\"index.cfm?fuseaction=category.admin\">index.cfm?fuseaction=category.admin</a>Displays a menu of the Category administrative functions listed below.</div>\r\n    <ul>\r\n        <li>\r\n        <div><strong>Categories List</strong>&nbsp;- <a href=\"index.cfm?fuseaction=category.admin&amp;category=list\">index.cfm?fuseaction=category.admin&amp;category=list</a>Administrative list of site categories. Allows&nbsp;the adding, editing and deleting of Categories.&nbsp;</div>\r\n        </li>\r\n    </ul>\r\n    </li>\r\n</ul>\r\n<p dir=\"ltr\"><strong><u>FEATURE</u></strong><br />\r\nBy Feature we mean&nbsp; &quot;Feature Articles&quot; or text content pages. Features can be assigned to Categories just like Products or be linked to a Product.</p>\r\n<ul dir=\"ltr\">\r\n    <li>\r\n    <div><strong>Feature List</strong> - <a href=\"index.cfm?fuseaction=feature.list\">index.cfm?fuseaction=feature.list</a>Features are usually listed in one or more Category. However, this link can be called directly or&nbsp;as a Custom Tag on template pages to produce a list of Features. This page also provides the results for Feature Searches.</div>\r\n    </li>\r\n    <li>\r\n    <div><strong>Feature Search</strong> - <a href=\"index.cfm?fuseaction=feature.search\">index.cfm?fuseaction=feature.search</a><br />\r\n    Provides a search form to search Features.</div>\r\n    </li>\r\n    <li>\r\n    <div><strong>Display Feature</strong> - index.cfm?fuseaction=feature.display&amp;feature_id=*<br />\r\n    Displays the detail page of the requested Feature.</div>\r\n    </li>\r\n    <li>\r\n    <div><strong>Related Features List</strong> - <a href=\"index.cfm?fuseaction=feature.related\">index.cfm?fuseaction=feature.related</a>Called as a custom tag. On the Product detail page, this custom tag inserts a list of the Product\'s related Features.</div>\r\n    </li>\r\n    <li>\r\n    <div align=\"left\"><strong>Admin</strong> - <a href=\"index.cfm?fuseaction=feature.admin\">index.cfm?fuseaction=feature.admin</a><br />\r\n    Displays a menu of the Feature administrative functions listed below:</div>\r\n    <ul>\r\n        <li>\r\n        <div align=\"left\"><strong>Features List</strong>&nbsp;- <a href=\"index.cfm?fuseaction=feature.admin&amp;feature=list\">index.cfm?fuseaction=feature.admin&amp;feature=list</a>Administrative list of Features. Allows the adding, editing and deleting of Features.</div>\r\n        </li>\r\n    </ul>\r\n    </li>\r\n</ul>\r\n<p align=\"left\"><strong><u>PAGE</u></strong><br />\r\nSite Pages provide editing and menu for the Shopping Cart, My Account, Search, Contact Us, Home&nbsp;and other &quot;non-content&quot; functions of the site.</p>\r\n<ul>\r\n    <li>\r\n    <div align=\"left\"><strong>Page Menu</strong> - <a href=\"index.cfm?fuseaction=page.menu\">index.cfm?fuseaction=page.menu</a>Called as a custom tag on the layout template to insert a horizontal or vertical list of available site pages.</div>\r\n    </li>\r\n    <li>\r\n    <div align=\"left\"><strong>Display Page</strong> - index.cfm?fuseaction=page.display&amp;page_id=*<br />\r\n    Displays the requested page.</div>\r\n    </li>\r\n    <li>\r\n    <div align=\"left\"><strong>Admin</strong> - <a href=\"index.cfm?fuseaction=page.admin\">index.cfm?fuseaction=page.admin</a><br />\r\n    Displays a menu of Page administrative functions listed below:</div>\r\n    <ul>\r\n        <li>\r\n        <div align=\"left\"><strong>Pages List</strong>&nbsp;- <a href=\"index.cfm?fuseaction=page.admin&amp;do=list\">index.cfm?fuseaction=page.admin&amp;do=list</a></div>\r\n        </li>\r\n    </ul>\r\n    </li>\r\n</ul>\r\n<p align=\"left\"><br />\r\n<strong><u>PRODUCT</u></strong><br />\r\nGoods and services for sale on the site.</p>\r\n<ul>\r\n    <li>\r\n    <div align=\"left\"><strong>Product List</strong> - <a href=\"index.cfm?fuseaction=product.list\">index.cfm?fuseaction=product.list</a><br />\r\n    Products are usually listed in one or more Category and located&nbsp;by the browsing of Categories.&nbsp;However, this link can be called directly or&nbsp;as a Custom Tag on template pages to produce a list of Products.&nbsp;This page also provides the results for&nbsp;Product Searches.</div>\r\n    </li>\r\n    <li><strong>Product Search</strong> - <a href=\"index.cfm?fuseaction=product.search\">index.cfm?fuseaction=product.search</a>Provides a search form to search Products.</li>\r\n    <li><strong>Display Product </strong>- index.cfm?fuseaction=product.display&amp;product_id=*<br />\r\n    Displays the detail page of the requested product.</li>\r\n    <li><strong>Related Products List</strong> - <a href=\"index.cfm?fuseaction=product.related\">index.cfm?fuseaction=product.related</a><br />\r\n    Called as a custom tag. This is used on the Product and Feature&nbsp;detail pages and Shopping Cart&nbsp;to list related products.</li>\r\n    <li><strong>Product of the Day</strong>&nbsp; - <a href=\"index.cfm?fuseaction=product.productofday\">index.cfm?fuseaction=product.productofday</a><br />\r\n    Usually called as a custom tag to insert the Product of the Day.</li>\r\n    <li><strong>Product Teaser</strong> - <a href=\"index.cfm?fuseaction=product.tease\">index.cfm?fuseaction=product.tease</a>Called as a custom tag to insert a highlight box of products such as products on sale in a particular site category, etc.</li>\r\n    <li>\r\n    <div align=\"left\"><strong>Admin</strong> - <a href=\"index.cfm?fuseaction=product.admin\">index.cfm?fuseaction=product.admin</a><br />\r\n    Displays a menu of the Product administrative functions listed below:</div>\r\n    <ul>\r\n        <li>\r\n        <div align=\"left\"><strong>Products List </strong>- <a href=\"index.cfm?fuseaction=product.admin&amp;do=list\">index.cfm?fuseaction=product.admin&amp;do=list</a>Lists the site\'s products and allows for adding, editing and deleting.</div>\r\n        </li>\r\n        <li>\r\n        <div align=\"left\"><strong>Product Standard Options -</strong>&nbsp;<a href=\"index.cfm?fuseaction=product.admin&amp;stdoption=list\">index.cfm?fuseaction=product.admin&amp;stdoption=list</a>Create and edit standard options that can easily be applied to products.</div>\r\n        </li>\r\n        <li>\r\n        <div align=\"left\"><strong>Product Standard Addons-</strong>&nbsp;<a href=\"index.cfm?fuseaction=product.admin&amp;stdaddon=list\">index.cfm?fuseaction=product.admin&amp;stdaddon=list</a>Create and edit standard products addons that can easily be applied to products.</div>\r\n        </li>\r\n        <li>\r\n        <div align=\"left\"><strong>Custom Product Fields</strong> - <a href=\"index.cfm?fuseaction=product.admin&amp;fields=edit\">index.cfm?fuseaction=product.admin&amp;fields=edit</a>Add unique information fields to the products in your store.</div>\r\n        </li>\r\n    </ul>\r\n    </li>\r\n</ul>\r\n<p align=\"left\"><strong><u>SHOPPING</u></strong><br />\r\nStore shopping cart and check-out functionality.</p>\r\n<ul>\r\n    <li>\r\n    <div align=\"left\"><strong>Basket - </strong><a href=\"index.cfm?fuseaction=shopping.basket\">index.cfm?fuseaction=shopping.basket</a><br />\r\n    Displays the content of the shopping cart.</div>\r\n    </li>\r\n    <li>\r\n    <div align=\"left\"><strong>Wishlist- </strong><a href=\"index.cfm?fuseaction=shopping.wishlist\">index.cfm?fuseaction=shopping.wishlist</a><br />\r\n    View, edit and add to the wishlist.</div>\r\n    </li>\r\n    <li>\r\n    <div align=\"left\"><strong>Quick Order</strong> - <a href=\"index.cfm?fuseaction=shopping.quickorder\">index.cfm?fuseaction=shopping.quickorder</a>Provides a form where multiple products can be added to the shopping cart at once.</div>\r\n    </li>\r\n    <li>\r\n    <div align=\"left\"><strong>Order</strong> - index.cfm?fuseaction=shopping.order...<br />\r\n    This link provides a way to insert a product into the shopping cart from an HTML form.</div>\r\n    </li>\r\n    <li>\r\n    <div align=\"left\"><strong>Basket Info</strong> - <a href=\"index.cfm?fuseaction=shopping.basketstats\">index.cfm?fuseaction=shopping.basketstats</a>A custom tag you can use to output a short summary of the basket totals.</div>\r\n    </li>\r\n    <li>\r\n    <div align=\"left\"><strong>Order History</strong> - <a href=\"index.cfm?fuseaction=shopping.history\">index.cfm?fuseaction=shopping.history</a><br />\r\n    Lists the user\'s order history and allows users to track the status of their order. A link to Order History is provided on the My Account page.</div>\r\n    </li>\r\n    <li>\r\n    <div align=\"left\"><strong>Admin</strong> - <a href=\"index.cfm?fuseaction=shopping.admin\">index.cfm?fuseaction=shopping.admin</a><br />\r\n    Displays a menu of the Shopping administrative functions listed below:</div>\r\n    <ul>\r\n        <li>\r\n        <div align=\"left\"><strong>Orders</strong> - <a href=\"index.cfm?fuseaction=shopping.admin&amp;order=pending\">index.cfm?fuseaction=shopping.admin&amp;order=pending</a>A listing of new orders</div>\r\n        </li>\r\n        <li>\r\n        <div align=\"left\"><strong>Order Reports</strong>&nbsp; - <a href=\"index.cfm?fuseaction=shopping.admin&amp;order=reports\">index.cfm?fuseaction=shopping.admin&amp;order=reports</a>A variety of order reports available.</div>\r\n        </li>\r\n        <li>\r\n        <div align=\"left\"><strong>Discounts</strong> - <a href=\"index.cfm?fuseaction=shopping.admin&amp;discounts=list\">index.cfm?fuseaction=shopping.admin&amp;discounts=list</a>Create discounts that can be applied to products and categories.</div>\r\n        </li>\r\n        <li>\r\n        <div align=\"left\"><strong>Gift Certificates</strong> - <a href=\"index.cfm?fuseaction=shopping.admin&amp;certificate=list\">index.cfm?fuseaction=shopping.admin&amp;certificate=list</a><br />\r\n        Create gift certificates.</div>\r\n        </li>\r\n        <li>\r\n        <div align=\"left\"><strong>Shopping Cart Settings</strong> - <a href=\"index.cfm?fuseaction=shopping.admin&amp;cart=edit\">index.cfm?fuseaction=shopping.admin&amp;cart=edit</a>Define the shopping cart settings for the store.</div>\r\n        </li>\r\n        <li>\r\n        <div align=\"left\"><strong>Shipping</strong> - <a href=\"index.cfm?fuseaction=shopping.admin&amp;shipping=settings\">index.cfm?fuseaction=shopping.admin&amp;shipping=settings</a><br />\r\n        Define the shipping options available in the store.</div>\r\n        </li>\r\n        <li>\r\n        <div align=\"left\"><strong>Taxes</strong> - <a href=\"index.cfm?fuseaction=shopping.admin&amp;taxes=codes\">index.cfm?fuseaction=shopping.admin&amp;taxes=codes</a>Define the tax codes and rates for the store.</div>\r\n        </li>\r\n        <li>\r\n        <div align=\"left\"><strong>Payments</strong> - <a href=\"index.cfm?fuseaction=shopping.admin&amp;payment=cards\">index.cfm?fuseaction=shopping.admin&amp;payment=cards</a><br />\r\n        Define the payment types available for the store.</div>\r\n        </li>\r\n    </ul>\r\n    </li>\r\n</ul>\r\n<p align=\"left\"><u><strong>USERS</strong></u><br />\r\nStore customers and accounts.</p>\r\n<ul>\r\n    <li>\r\n    <div align=\"left\"><strong>Login</strong> - <a href=\"index.cfm?fuseaction=users.login\">index.cfm?fuseaction=users.login</a>Presents a log-in form.</div>\r\n    </li>\r\n    <li>\r\n    <div align=\"left\"><strong>Logout</strong> - <a href=\"index.cfm?fuseaction=users.logout\">index.cfm?fuseaction=users.logout</a><br />\r\n    Used as a link to log a user out. Provided as a link on the My Account page.</div>\r\n    </li>\r\n    <li>\r\n    <div align=\"left\"><strong>Password Help</strong> - <a href=\"index.cfm?fuseaction=users.forgot\">index.cfm?fuseaction=users.forgot</a>Provides a form where users can enter the email address they registered with and have their username and password emailed to them. This link is provided on the login form.</div>\r\n    </li>\r\n    <li>\r\n    <div align=\"left\"><strong>Login Box</strong> - <a href=\"index.cfm?fuseaction=users.loginbox\">index.cfm?fuseaction=users.loginbox</a>This is a custom tag that inserts a persistent login/logout box on the site layout.</div>\r\n    </li>\r\n    <li>\r\n    <div align=\"left\"><strong>User Manager</strong> - <a href=\"index.cfm?fuseaction=users.manager\">index.cfm?fuseaction=users.manager</a><br />\r\n    The My Account page which provides a user with all their user information and allows them to check their orders, update their information and create affiliate accounts.</div>\r\n    </li>\r\n    <li>\r\n    <div align=\"left\"><strong>Address Book</strong> - <a href=\"index.cfm?fuseaction=users.addressbook\">index.cfm?fuseaction=users.addressbook</a>Users can create multiple addresses. The address book lists all the users\' addresses and allow the user to define which address will be used as the default shipping, billing and account address.</div>\r\n    </li>\r\n    <li>\r\n    <div align=\"left\"><strong>Email Edit</strong> - <a href=\"index.cfm?fuseaction=users.email\">index.cfm?fuseaction=users.email</a>A form to allow users to update their email address. Provided as a link on the My Account page.</div>\r\n    </li>\r\n    <li>\r\n    <div align=\"left\"><strong>Password Edit</strong> - <a href=\"index.cfm?fuseaction=users.password\">index.cfm?fuseaction=users.password</a>A form to allow users to update their password. Provided as a link on the My Account page.</div>\r\n    </li>\r\n    <li>\r\n    <div align=\"left\"><strong>Subscribe</strong> - <a href=\"index.cfm?fuseaction=users.subscribe\">index.cfm?fuseaction=users.subscribe</a><br />\r\n    This link toggles on and off the &quot;subscribe&quot; setting of the current user. It is provided as a link on the My Account page.</div>\r\n    </li>\r\n    <li>\r\n    <div align=\"left\"><strong>User Registration</strong><br />\r\n    There are&nbsp;3 different user registration forms available depending on the type of store. The REGISTER&nbsp;type (<a href=\"index.cfm?fuseaction=users.register\">users.register</a>)&nbsp;is the standard registration process&nbsp;of creaing a login, adding billing and shipping information and optional account&nbsp;information.&nbsp;The MEMBER registration (<a href=\"index.cfm?fuseaction=users.member\">users.member</a>) is used for membership sites that don\'t require shipping&nbsp;address information and provides all the registration information on a single page.&nbsp;The ACCOUNT registration (<a href=\"index.cfm?fuseaction=users.account\">users.account</a>)&nbsp;provides a single sign-up page for users opening up an Account.</div>\r\n    </li>\r\n    <li>\r\n    <div align=\"left\"><strong>Verify Email Address</strong>&nbsp;&nbsp;- <a href=\"index.cfm?fuseaction=users.unlock\">index.cfm?fuseaction=users.unlock</a> The user registration process can be set to automatically verify a user\'s email address. Used primarily for membership sites. An automated &quot;unlock key&quot; is emailed to a user and the user must enter the key into this form to complete the registration process.</div>\r\n    </li>\r\n    <li>\r\n    <div align=\"left\"><strong>Directory</strong> - <a href=\"index.cfm?fuseaction=users.directory\">index.cfm?fuseaction=users.directory</a>Provides a listing of Accounts. Intended for stores who want to list retail locations where their products are available.</div>\r\n    </li>\r\n    <li>\r\n    <div align=\"left\"><strong>Kill</strong> -&nbsp; <a href=\"index.cfm?fuseaction=users.kill\">index.cfm?fuseaction=users.kill</a>A&nbsp;useful command when developing and testing the shopping cart. Users.kill will REALLY log you out completely and delete the store cookies.</div>\r\n    </li>\r\n    <li>\r\n    <div align=\"left\"><strong>Admin</strong> - <a href=\"index.cfm?fuseaction=users.admin\">index.cfm?fuseaction=users.admin</a>Displays a menu of the User administrative functions listed below:</div>\r\n    <ul>\r\n        <li>\r\n        <div align=\"left\"><strong>Settings</strong>- <a href=\"index.cfm?fuseaction=users.admin&amp;settings=edit\">index.cfm?fuseaction=users.admin&amp;settings=edit</a>Controls all the store settings related to how you wish to handle users and accounts in your store.</div>\r\n        </li>\r\n        <li>\r\n        <div align=\"left\"><strong>Users </strong>- <a href=\"index.cfm?fuseaction=users.admin&amp;user=list\">index.cfm?fuseaction=users.admin&amp;user=list</a><br />\r\n        Login information for site users.</div>\r\n        </li>\r\n        <li>\r\n        <div align=\"left\"><strong>Groups </strong>- <a href=\"index.cfm?fuseaction=users.admin&amp;group=list\">index.cfm?fuseaction=users.admin&amp;group=list</a>Define groups that users can be placed in. Groups can be assigned discounts, site permissions and access keys.</div>\r\n        </li>\r\n        <li>\r\n        <div align=\"left\"><strong>Addresss </strong>- <a href=\"index.cfm?fuseaction=users.admin&amp;customer=list\">index.cfm?fuseaction=users.admin&amp;customer=list</a>Users\' billing, shipping and other addresses.</div>\r\n        </li>\r\n        <li>\r\n        <div align=\"left\"><strong>Accounts </strong>- <a href=\"index.cfm?fuseaction=users.admin&amp;account=list\">index.cfm?fuseaction=users.admin&amp;account=list</a>Business account information. Accounts were intended for stores that sell wholesale.</div>\r\n        </li>\r\n        <li>\r\n        <div align=\"left\"><strong>Send Email </strong>- <a href=\"index.cfm?fuseaction=users.admin&amp;email=select\">index.cfm?fuseaction=users.admin&amp;email=select</a>Send an email to subscribed users, affiliates or selected group.</div>\r\n        </li>\r\n        <li>\r\n        <div align=\"left\"><strong>Download Users </strong>- <a href=\"index.cfm?fuseaction=users.admin&amp;download=user_cust\">index.cfm?fuseaction=users.admin&amp;download=user_cust</a>Download all user information to an Excel file.</div>\r\n        </li>\r\n    </ul>\r\n    </li>\r\n</ul>\r\n<p align=\"left\"><u><strong>AFFILIATE<br />\r\n</strong></u>Affiliate functionality allows users to sign up as a store Affiliate and earn commission on sales that come from users who are referred by them from their web site.</p>\r\n<ul>\r\n    <li>\r\n    <div align=\"left\"><strong>Register</strong>&nbsp; - <a href=\"index.cfm?fuseaction=shopping.affiliate&amp;do=register\">index.cfm?fuseaction=shopping.affiliate&amp;do=register</a><br />\r\n    Enrolls the user in the Affiliate program by assigning an Affiliate ID. A link to the Affiliate Registration is provided on the My Account page.</div>\r\n    </li>\r\n    <li>\r\n    <div align=\"left\"><strong>Affiliate Links</strong> - <a href=\"index.cfm?fuseaction=shopping.affiliate&amp;do=links\">index.cfm?fuseaction=shopping.affiliate&amp;do=links</a><br />\r\n    An instruction page on how to create a referring link to place on anther web site.&nbsp;</div>\r\n    </li>\r\n    <li>\r\n    <div align=\"left\"><strong>Affiliate Report</strong> - <a href=\"index.cfm?fuseaction=shopping.affiliate&amp;do=report\">index.cfm?fuseaction=shopping.affiliate&amp;do=report</a><br />\r\n    A list of affiliate sales.</div>\r\n    </li>\r\n</ul>\r\n<p align=\"left\"><strong><u>SITE SEARCH</u></strong><br />\r\nSite-wide search functionality is provided as a standard site Page and can be listed in the Page menu. Search results will include categories, features, and products.</p>\r\n<p align=\"left\"><br />\r\n<strong><u>EMAIL FUNCTIONS</u></strong><br />\r\nThe site&nbsp;provides the following email functions:</p>\r\n<ul dir=\"ltr\">\r\n    <li>\r\n    <div><strong>Contact Us Form</strong>&nbsp;- A &quot;contact us&quot; email form is included as a standard Page and as a catcore file that can be assigned to a category. The form allows users to enter a message that is automatically emailed to the site editor.</div>\r\n    </li>\r\n    <li>\r\n    <div><strong>Tell A Friend</strong> and <strong>Email the Editor</strong> pop-up window -&nbsp;A link to the email/index.cfm page can be used on template pages to pop-up a window&nbsp;to&nbsp;either send an email to a friend or to the editor. See details on the page.&nbsp;This link is used at the bottom of the Feature page to &quot;email page&quot;.</div>\r\n    </li>\r\n</ul>\r\n<p dir=\"ltr\"><strong><u>ERRORS</u></strong><br />\r\nA customizable default error handling page is included that will allow the user to email the error information to the site editor.</p>\r\n<p dir=\"ltr\"><br />\r\n<strong><u>SITE SET-UP</u></strong><br />\r\nTo set the site up you simply need to do the following:</p>\r\n<ul dir=\"ltr\">\r\n    <li>\r\n    <div>Set up your datasource on the server pointing to the database file in the database directory.</div>\r\n    </li>\r\n    <li>\r\n    <div>Update the database/database.cfm page with the name of your datasource.</div>\r\n    </li>\r\n    <li>\r\n    <div>Log into the store with the default Administrator username&nbsp;and password&nbsp;(&quot;admin&quot; for both) and go to Site Settings in the Admin menu. Update the site\'s url and other information.&nbsp;</div>\r\n    </li>\r\n</ul>\r\n<p><strong><u>CUSTOM TAGS<br />\r\n</u></strong>The site uses a few custom tags worthy of mentioning. These tags are referenced relationally and do NOT need to be &quot;installed&quot;.</p>\r\n<ul dir=\"ltr\">\r\n    <li>\r\n    <div><strong>FCKeditor</strong> - The site uses the FCKeditor on the administrative pages. The documentation is included in the Custom Tags folder.</div>\r\n    </li>\r\n    <li>\r\n    <div><strong>CF_aVarTree</strong> Versioin 1.61 - This custom tag prints out all the appliation, client, cookie, request, session and URL variables for debugging purposes. The sample default layout includes the tag at the bottom of the template. Appending &quot;&amp;debug=1&quot; to any url will activate the tag IF you are logged on with Administrator privileges.</div>\r\n    </li>\r\n    <li>\r\n    <div><strong>QForms</strong> - The site uses QForms to produce javascript form field error processing. The full Qforms information and documentation will be found in the Includes directory.</div>\r\n    </li>\r\n</ul>', '', '', '', '', 'noline=1', 0, NULL, NULL, 1, 1, 6, 0, '', '', 0, '2003-08-31 09:52:32', NULL, '', '', ''),
  (12, 4, 3, 'Store Specials', '<p>All the items on sale. New and Sale item lists can be presented as a category as well.<br />\r\n<img alt=\"\" src=\"images/wow.gif\" /></p>', '<p>We know that it\'s important to promote new and sale items so we give you many ways to list them. The home page of the store has an option to list them. They are also included on the What\'s New page that can be placed in the Page Menu. You also have the choice of&nbsp;including new and sale products on&nbsp;a category page like this one!</p>', '5.gif', '', '', '', 'onsale=1', 0, NULL, NULL, 1, 0, 5, 0, '4', 'Product Catalog', 0, '2003-09-02 19:32:07', NULL, '', '', ''),
  (13, 4, 8, 'Products Listed in Vertical Layout', '<p>An example of products listed using the vertical layout option.</p>', '<p>This product category uses the &quot;vertical&quot; style to list its products where the image is above the product name and description instead of to the left. There is no order box on these listings. You have to click on the image to go to the product\'s detail page and place your&nbsp;order there.</p>', '2.gif', '', '', '', 'listing=vertical', 0, NULL, 2, 1, 1, 2, 0, '4', 'Product Catalog', 0, '2003-09-05 18:54:24', NULL, '', '', ''),
  (14, 4, 8, 'Software Download Products', '<p>Our store handles downloadable products as well!</p>', '<p>CFWebstore can sell downloadable products like software as well.&nbsp;Customers gain instant access to their software&nbsp;by simply logging on and going to their &quot;My Account&quot; page. Software download access expires after a certain numbers of days and/or a specific number of downloads. It\'s your choice!</p>', '3.gif', '', '', '', 'searchheader=form', 0, NULL, NULL, 1, 0, 3, 0, '4', 'Product Catalog', 0, '2003-09-06 09:28:30', NULL, '', '', ''),
  (15, 4, 8, 'Membership Products', '<p>Sell memberships to access protected content on your site.</p>', '<p>Users can get instant access to your site content by purchasing memberships. Our automated membership system allows you to sell different levels of access for any number of days.</p>', '4.gif', '', '', '', 'search_header=1', 0, NULL, 2, 1, 0, 4, 0, '4', 'Product Catalog', 0, '2003-09-06 09:29:48', NULL, '', '', ''),
  (16, 0, 0, 'Login Accounts', '<p>The sample store has a number of login accounts for you to see how you can control administrative access for different user groups.</p>', '<p>We\'ve set up a number of sample accounts for you to see how the new access features in CFWebstore work. Use the following username/password pairs to test the described group:</p>\r\n<ul>\r\n    <li><strong>admin/admin</strong> - Administrator with access to all admin areas</li>\r\n    <li><strong>author/author</strong> - Authors can create and edit only their own features and cannot approve features for publication on the site</li>\r\n    <li><strong>editor/editor</strong> - Editors have access to all features and can approve features</li>\r\n    <li><strong>webmaster/webmaster</strong> - Access to do general site design and setup but no access to orders</li>\r\n    <li><strong>orders/orders</strong> - Full access to the orders section only</li>\r\n    <li><strong>shipper/shipper</strong> - Access only to In Process orders, can fill orders and send shipping information</li>\r\n</ul>', '', '', '', '', '', 0, NULL, NULL, 1, 1, 9999, 0, '', '', 0, '2004-01-26 20:04:42', NULL, '', '', '');

INSERT INTO `CCProcess`(`ID`, `CCServer`, `Transtype`, `Username`, `Password`, `Setting1`, `Setting2`, `Setting3`)
VALUES (1, 'https://api.sandbox.paypal.com/2.0/', 'Sale', 'maryjo_api1.dogpatchphoto.com', 'EA4QJXRBTPB97GM4', 'A64.BjlZ5dcA4uFtCRNXWAYDslG9A6mn4lvUwOBbf1S4kBuz35qzRdsO', NULL, NULL);

INSERT INTO `Certificates`(`Cert_ID`, `Cert_Code`, `Cust_Name`, `CertAmount`, `InitialAmount`, `StartDate`, `EndDate`, `Valid`, `Order_No`)
VALUES (1, '27BBHW9DTR8B24E9E7M6', 'aadf', 10.0, 10.0, '2003-07-18 00:00:00', '2003-08-29 00:00:00', 1, 10),
  (2, 'D598288RV937NLLKL762', NULL, 0.0, 20.0, NULL, NULL, 0, NULL),
  (9, '4DWAU4T82Y262H77QEHI', 'amy grant', 500.0, 500.0, NULL, NULL, 1, NULL),
  (10, 'W4T8QD89HB8Q3YIWPJ96', 'adas', 66.0, 66.0, NULL, NULL, 1, NULL),
  (11, 'JZ33945U8SD3262685Z9', 'asdfasd', 44.0, 44.0, NULL, NULL, 1, NULL),
  (12, '4TX6Q2E9Q83C6362G67M', 'asdfasd', 44.0, 44.0, NULL, NULL, 1, NULL),
  (13, 'SXC5CZ4974MWGJ858969', 'asdfasd', 44.0, 44.0, NULL, NULL, 1, NULL),
  (15, 'M59BRI282SRZ47N69538', 'adfa', 44.0, 44.0, NULL, NULL, 1, NULL),
  (17, 'VRZ8LFDY5855H88', 'test', 25.0, 25.0, NULL, NULL, 1, NULL),
  (18, 'JFZNFZP2V8P83FY', 'Mary Jo', 1500.0, 1500.0, '2006-10-26 00:00:00', '2007-10-01 00:00:00', 1, NULL),
  (19, 'DM5DKVYMZJ8YECM', 'John Smith', 100.0, 100.0, '2007-01-01 00:00:00', '2008-01-01 00:00:00', 1, NULL),
  (20, 'LR25JLHWK5JEHN6', 'Mary Jo Sminkey', 20.0, 20.0, '2007-01-09 00:00:00', '2008-01-09 00:00:00', 0, NULL),
  (21, '8AL4DPM9S5WGQDW', 'Mary Jo Sminkey', 20.0, 20.0, '2007-01-09 00:00:00', '2008-01-09 00:00:00', 0, NULL),
  (22, 'QJLWNPPXD542WKY', 'Mary Jo Sminkey', 30.0, 30.0, '2007-01-09 00:00:00', '2008-01-09 00:00:00', 1, NULL),
  (23, 'WCU6TSHDW9J2L5P', 'Mary Jo Sminkey', 30.0, 30.0, '2007-01-09 00:00:00', '2008-01-09 00:00:00', 1, NULL),
  (24, 'H4BB625JYAAVTHM', 'Mary Jo Sminkey', 20.0, 20.0, '2007-01-09 00:00:00', '2008-01-09 00:00:00', 1, NULL),
  (25, 'TTMMB5A5J899J7K', 'Mary Jo Sminkey', 20.0, 20.0, '2007-01-09 00:00:00', '2008-01-09 00:00:00', 1, NULL),
  (26, '66XH6C6GSP7SMLT', 'Mary Jo Sminkey', 50.0, 50.0, '2007-01-09 00:00:00', '2008-01-09 00:00:00', 1, NULL),
  (27, 'CMQ98J2YH25YR6E', 'Mary Jo Sminkey', 50.0, 50.0, '2007-01-09 00:00:00', '2008-01-09 00:00:00', 1, NULL),
  (28, '3ABVMEBL8MZQWVL', 'Mary Jo Sminkey', 0.0, 0.0, '2007-03-08 00:00:00', '2008-03-07 00:00:00', 0, 130),
  (29, 'YYE4X3Q3BXPXC6Q', 'Mary Jo Sminkey', 0.0, 0.0, '2007-03-08 00:00:00', '2008-03-07 00:00:00', 0, 130),
  (30, 'PZBUX2GRN4N8BJ5', 'Mary Jo Sminkey', 0.0, 0.0, '2007-03-15 00:00:00', '2008-03-14 00:00:00', 1, 132);

INSERT INTO `Colors`(`Color_ID`, `Bgcolor`, `Bgimage`, `MainTitle`, `MainText`, `MainLink`, `MainVLink`, `BoxHBgcolor`, `BoxHText`, `BoxTBgcolor`, `BoxTText`, `InputHBgcolor`, `InputHText`, `InputTBgcolor`, `InputTText`, `OutputHBgcolor`, `OutputHText`, `OutputTBgcolor`, `OutputTText`, `OutputTAltcolor`, `OutputTHighlight`, `LineColor`, `HotImage`, `SaleImage`, `NewImage`, `MainLineImage`, `MinorLineImage`, `Palette_Name`, `FormReq`, `LayoutFile`, `FormReqOB`, `PassParam`)
VALUES (1, '', '', '666699', '333333', '666699', '666699', '999999', 'ffffff', 'DBDBDB', '000000', '8696b6', 'ffffff', 'ffffff', '000000', 'acaba9', 'ffffff', 'ffffcc', '242215', 'FAF287', 'C2C8CE', 'dddddd', 'hot.jpg', 'sale.gif', 'new.gif', 'HR', 'HR', 'CFWebstore Basic', 'ff3300', NULL, 'ff3300', ''),
  (2, '', 'strip19.gif', '666699', '333333', '666699', '666699', 'bcc7c7', '663333', 'ffffff', '000000', '999999', 'ffffff', 'ffffcc', '000000', 'acaba9', 'ffffff', 'ffffcc', '242215', 'FAF287', 'C2C8CE', 'dddddd', '', 'sale.gif', 'new.gif', 'lg_line.gif', 'HR', 'Product Catalog Department', '33ff66', 'lay_alt.cfm', '', ''),
  (3, '', '', '666699', '333333', '666699', '666699', '999999', 'ffffff', 'DBDBDB', '000000', '8696b6', 'ffffff', 'ffffff', '000000', 'acaba9', 'ffffff', 'ffffcc', '242215', 'FAF287', 'C2C8CE', 'dddddd', 'hot.jpg', 'sale.gif', 'new.gif', 'HR', 'HR', 'DHTML Menus', 'ff3300', 'lay_menus.cfm', 'ff3300', '');

INSERT INTO `Counties`(`County_ID`, `Code_ID`, `State`, `Name`, `TaxRate`, `TaxShip`)
VALUES (1, 1, 'VA', 'Fairfax', 0.01, 0),
  (2, 1, 'VA', 'Loudoun', 0.005, 0),
  (4, 1, 'VA', 'Prince William', 0.01, 1);

INSERT INTO `Countries`(`ID`, `Abbrev`, `Name`, `AllowUPS`, `Shipping`, `AddShipAmount`)
VALUES (2, 'AL', 'Albania', 1, 0, 0.0),
  (3, 'DZ', 'Algeria', 1, 0, 0.0),
  (4, 'AD', 'Andorra', 1, 0, 0.0),
  (6, 'AI', 'Anguilla', 1, 0, 0.0),
  (7, 'AG', 'Antigua and Barbuda', 1, 0, 0.0),
  (8, 'AR', 'Argentina', 1, 0, 0.0),
  (10, 'AW', 'Aruba', 1, 0, 0.0),
  (11, 'AU', 'Australia', 1, 0, 0.0),
  (12, 'AT', 'Austria', 1, 0, 0.0),
  (15, 'BS', 'Bahamas', 1, 0, 0.0),
  (16, 'BH', 'Bahrain', 1, 0, 0.0),
  (17, 'BD', 'Bangladesh', 1, 0, 0.0),
  (18, 'BB', 'Barbados', 1, 0, 0.0),
  (19, 'BY', 'Belarus', 1, 0, 0.0),
  (20, 'BE', 'Belgium', 1, 1, 0.0),
  (21, 'BZ', 'Belize', 1, 0, 0.0),
  (22, 'BJ', 'Benin', 1, 0, 0.0),
  (23, 'BM', 'Bermuda', 1, 0, 0.0),
  (25, 'BO', 'Bolivia', 1, 0, 0.0),
  (27, 'BW', 'Botswana', 1, 0, 0.0),
  (28, 'BR', 'Brazil', 1, 0, 0.0),
  (29, 'VG', 'Virgin Islands (British)', 1, 0, 0.0),
  (30, 'BN', 'Brunei', 1, 0, 0.0),
  (31, 'BG', 'Bulgaria', 1, 0, 0.0),
  (32, 'BF', 'Burkina Faso', 1, 0, 0.0),
  (34, 'BI', 'Burundi', 1, 0, 0.0),
  (35, 'CM', 'Cameroon', 1, 0, 0.0),
  (36, 'CA', 'Canada', 1, 1, 0.01),
  (37, 'CV', 'Cape Verde', 1, 0, 0.0),
  (38, 'KY', 'Cayman Islands', 1, 0, 0.0),
  (39, 'CF', 'Central African Republic', 1, 0, 0.0),
  (40, 'TD', 'Chad', 1, 0, 0.0),
  (41, 'CL', 'Chile', 1, 0, 0.0),
  (42, 'CN', 'China - People\'s Republic of', 1, 0, 0.0),
  (43, 'CO', 'Colombia', 1, 0, 0.0),
  (45, 'CG', 'Congo - Republic of', 1, 0, 0.0),
  (47, 'CR', 'Costa Rica', 1, 0, 0.0),
  (48, 'CI', 'Cote D\'Ivoire (Ivory Coast)', 1, 0, 0.0),
  (49, 'HR', 'Croatia', 1, 0, 0.0),
  (50, 'CY', 'Cyprus', 1, 0, 0.0),
  (51, 'CZ', 'Czech Republic', 1, 0, 0.0),
  (52, 'DK', 'Denmark', 1, 0, 0.0),
  (53, 'DJ', 'Djibouti', 1, 0, 0.0),
  (54, 'DM', 'Dominica', 1, 0, 0.0),
  (55, 'DO', 'Dominican Republic', 1, 0, 0.0),
  (56, 'EC', 'Ecuador', 1, 0, 0.0),
  (57, 'EG', 'Egypt', 1, 0, 0.0),
  (58, 'SV', 'El Salvador', 1, 0, 0.0),
  (59, 'GQ', 'Equatorial Guinea', 1, 0, 0.0),
  (60, 'ER', 'Eritrea', 1, 0, 0.0),
  (61, 'EE', 'Estonia', 1, 0, 0.0),
  (62, 'ET', 'Ethiopia', 1, 0, 0.0),
  (64, 'FO', 'Faroe Islands (Denmark)', 1, 0, 0.0),
  (65, 'FJ', 'Fiji', 1, 0, 0.0),
  (66, 'FI', 'Finland', 1, 0, 0.0),
  (67, 'FR', 'France', 1, 0, 0.0),
  (68, 'GF', 'French Guiana', 1, 0, 0.0),
  (69, 'PF', 'French Polynesia', 1, 0, 0.0),
  (70, 'GA', 'Gabon', 1, 0, 0.0),
  (71, 'GM', 'Gambia', 1, 0, 0.0),
  (72, 'GE', 'Georgia', 1, 0, 0.0),
  (73, 'DE', 'Germany', 1, 0, 0.0),
  (74, 'GH', 'Ghana', 1, 0, 0.0),
  (75, 'GI', 'Gibraltar', 1, 0, 0.0),
  (77, 'GR', 'Greece', 1, 0, 0.0),
  (78, 'GL', 'Greenland', 1, 0, 0.0),
  (79, 'GD', 'Grenada', 1, 0, 0.0),
  (80, 'GP', 'Guadeloupe', 1, 0, 0.0),
  (81, 'GT', 'Guatemala', 1, 0, 0.0),
  (82, 'GN', 'Guinea', 1, 0, 0.0),
  (83, 'GW', 'GuineaBissau', 1, 0, 0.0),
  (84, 'GY', 'Guyana', 1, 0, 0.0),
  (85, 'HT', 'Haiti', 1, 0, 0.0),
  (86, 'HN', 'Honduras', 1, 0, 0.0),
  (87, 'HK', 'Hong Kong', 1, 0, 0.0),
  (88, 'HU', 'Hungary', 1, 0, 0.0),
  (89, 'IS', 'Iceland', 1, 0, 0.0),
  (90, 'IN', 'India', 1, 0, 0.0),
  (91, 'ID', 'Indonesia', 1, 0, 0.0),
  (95, 'IL', 'Israel', 1, 0, 0.0),
  (96, 'IT', 'Italy', 1, 0, 0.0),
  (97, 'JM', 'Jamaica', 1, 0, 0.0),
  (98, 'JP', 'Japan', 1, 0, 0.0),
  (99, 'JO', 'Jordan', 1, 0, 0.0),
  (100, 'KZ', 'Kazakhstan', 1, 0, 0.0),
  (101, 'KE', 'Kenya', 1, 0, 0.0),
  (102, 'KI', 'Kiribati', 1, 0, 0.0),
  (105, 'KW', 'Kuwait', 1, 0, 0.0),
  (106, 'KG', 'Kyrgyzstan', 1, 0, 0.0),
  (107, 'LA', 'Laos', 1, 0, 0.0),
  (108, 'LV', 'Latvia', 1, 0, 0.0),
  (109, 'LB', 'Lebanon', 1, 0, 0.0),
  (110, 'LS', 'Lesotho', 1, 0, 0.0),
  (111, 'LR', 'Liberia', 1, 0, 0.0),
  (113, 'LI', 'Liechtenstein', 1, 0, 0.0),
  (114, 'LT', 'Lithuania', 1, 0, 0.0),
  (115, 'LU', 'Luxembourg', 1, 0, 0.0),
  (116, 'MO', 'Macao', 1, 0, 0.0),
  (117, 'MK', 'Macedonia', 1, 0, 0.0),
  (118, 'MG', 'Madagascar', 1, 0, 0.0),
  (120, 'MW', 'Malawi', 1, 0, 0.0),
  (121, 'MY', 'Malaysia', 1, 0, 0.0),
  (122, 'MV', 'Maldives', 1, 0, 0.0),
  (123, 'ML', 'Mali', 1, 0, 0.0),
  (124, 'MT', 'Malta', 1, 0, 0.0),
  (125, 'MQ', 'Martinique', 1, 0, 0.0),
  (126, 'MR', 'Mauritania', 1, 0, 0.0),
  (127, 'MU', 'Mauritius', 1, 0, 0.0),
  (128, 'MX', 'Mexico', 1, 0, 0.0),
  (129, 'MD', 'Moldova', 1, 0, 0.0),
  (131, 'MS', 'Montserrat', 1, 0, 0.0),
  (132, 'MA', 'Morocco', 1, 0, 0.0),
  (133, 'MZ', 'Mozambique', 1, 0, 0.0),
  (134, 'NA', 'Namibia', 1, 0, 0.0),
  (136, 'NP', 'Nepal', 1, 0, 0.0),
  (137, 'NL', 'Netherlands (Holland)', 1, 0, 0.0),
  (138, 'AN', 'Netherlands Antilles', 1, 0, 0.0),
  (139, 'NC', 'New Caledonia', 1, 0, 0.0),
  (140, 'NZ', 'New Zealand', 1, 0, 0.0),
  (141, 'NI', 'Nicaragua', 1, 0, 0.0),
  (142, 'NE', 'Niger', 1, 0, 0.0),
  (143, 'NG', 'Nigeria', 1, 0, 0.0),
  (144, 'NO', 'Norway', 1, 0, 0.0),
  (145, 'OM', 'Oman', 1, 0, 0.0),
  (146, 'PK', 'Pakistan', 1, 0, 0.0),
  (147, 'PA', 'Panama', 1, 0, 0.0),
  (148, 'PG', 'Papua New Guinea', 1, 0, 0.0),
  (149, 'PY', 'Paraguay', 1, 0, 0.0),
  (150, 'PE', 'Peru', 1, 0, 0.0),
  (151, 'PH', 'Philippines', 1, 0, 0.0),
  (153, 'PL', 'Poland', 1, 0, 0.0),
  (154, 'PT', 'Portugal', 1, 0, 0.0),
  (155, 'QA', 'Qatar', 1, 0, 0.0),
  (156, 'RE', 'Reunion', 1, 0, 0.0),
  (157, 'RO', 'Romania', 1, 0, 0.0),
  (158, 'RU', 'Russian Federation', 1, 0, 0.0),
  (159, 'RW', 'Rwanda', 1, 0, 0.0),
  (163, 'VC', 'St. Vincent and the Grenadines', 1, 0, 0.0),
  (166, 'SA', 'Saudi Arabia', 1, 0, 0.0),
  (167, 'SN', 'Senegal', 1, 0, 0.0),
  (169, 'SC', 'Seychelles', 1, 0, 0.0),
  (170, 'SL', 'Sierra Leone', 1, 0, 0.0),
  (171, 'SG', 'Singapore', 1, 0, 0.0),
  (172, 'SK', 'Slovakia', 1, 0, 0.0),
  (173, 'SI', 'Slovenia', 1, 0, 0.0),
  (174, 'SB', 'Solomon Islands', 1, 0, 0.0),
  (176, 'ZA', 'South Africa', 1, 0, 0.0),
  (177, 'ES', 'Spain', 1, 0, 0.0),
  (178, 'LK', 'Sri Lanka', 1, 0, 0.0),
  (179, 'KN', 'St. Kitts and Nevis', 1, 0, 0.0),
  (181, 'SR', 'Suriname', 1, 0, 0.0),
  (182, 'SZ', 'Swaziland', 1, 0, 0.0),
  (183, 'SE', 'Sweden', 1, 0, 0.0),
  (184, 'CH', 'Switzerland', 1, 0, 0.0),
  (185, 'SY', 'Syria', 1, 0, 0.0),
  (186, 'TW', 'Taiwan', 1, 0, 0.0),
  (187, 'TJ', 'Tajikistan', 1, 0, 0.0),
  (188, 'TZ', 'Tanzania', 1, 0, 0.0),
  (189, 'TH', 'Thailand', 1, 0, 0.0),
  (190, 'TG', 'Togo', 1, 0, 0.0),
  (191, 'TO', 'Tonga', 1, 0, 0.0),
  (192, 'TT', 'Trinidad and Tobago', 1, 0, 0.0),
  (194, 'TN', 'Tunisia', 1, 0, 0.0),
  (195, 'TR', 'Turkey', 1, 0, 0.0),
  (197, 'TC', 'Turks and Caicos Islands', 1, 0, 0.0),
  (198, 'TV', 'Tuvalu', 1, 0, 0.0),
  (199, 'UG', 'Uganda', 1, 0, 0.0),
  (200, 'UA', 'Ukraine', 1, 0, 0.0),
  (201, 'AE', 'United Arab Emirates', 1, 0, 0.0),
  (202, 'US', 'United States', 1, 1, 0.0),
  (203, 'UY', 'Uruguay', 1, 0, 0.0),
  (204, 'UZ', 'Uzbekistan', 1, 0, 0.0),
  (205, 'VU', 'Vanuatu', 1, 0, 0.0),
  (207, 'VE', 'Venezuela', 1, 0, 0.0),
  (208, 'VN', 'Vietnam', 1, 0, 0.0),
  (209, 'WF', 'Wallis and Futuna Islands', 1, 0, 0.0),
  (210, 'WS', 'Samoa', 1, 0, 0.0),
  (212, 'ZR', 'Zaire', 1, 0, 0.0),
  (213, 'ZM', 'Zambia', 1, 0, 0.0),
  (214, 'ZW', 'Zimbabwe', 1, 0, 0.0),
  (215, 'AS', 'American Samoa', 1, 0, 0.0),
  (216, 'KH', 'Cambodia', 1, 0, 0.0),
  (218, 'CE', 'Canary Islands', 1, 0, 0.0),
  (220, 'CK', 'Cook Islands', 1, 0, 0.0),
  (223, 'GU', 'Guam', 1, 0, 0.0),
  (225, 'MH', 'Marshall Islands', 1, 0, 0.0),
  (226, 'MC', 'Monaco', 1, 0, 0.0),
  (228, 'NF', 'Norfolk Island', 1, 0, 0.0),
  (230, 'MP', 'Northern Mariana Islands', 1, 0, 0.0),
  (231, 'PW', 'Palau', 1, 0, 0.0),
  (234, 'IR', 'Ireland - Republic Of', 1, 0, 0.0),
  (244, 'LC', 'St. Lucia', 1, 0, 0.0),
  (248, 'KR', 'Korea (South)', 1, 0, 0.0),
  (252, 'VI', 'Virgin Islands (U.S.)', 1, 0, 0.0),
  (256, 'BA', 'Bosnia', 1, 0, 0.0),
  (257, 'GB', 'Great Britain (UK)', 1, 0, 0.0),
  (258, 'AF', 'Afghanistan', 0, 0, 0.0),
  (259, 'AO', 'Angola', 0, 0, 0.0),
  (260, 'AZ', 'Azerbaijan', 1, 0, 0.0),
  (261, 'BT', 'Bhutan', 1, 0, 0.0),
  (262, 'EH', 'Western Sahara', 1, 0, 0.0),
  (263, 'FM', 'Micronesia', 1, 0, 0.0),
  (264, 'MN', 'Mongolia', 1, 0, 0.0),
  (266, 'SM', 'San Marino', 1, 0, 0.0),
  (267, 'SO', 'Somalia', 1, 0, 0.0),
  (268, 'TM', 'Turkmenistan', 1, 0, 0.0),
  (269, 'YE', 'Yemen', 1, 0, 0.0),
  (270, 'YU', 'Yugoslavia', 1, 0, 0.0),
  (271, 'AM', 'Armenia', 1, 0, 0.0),
  (272, 'BL', 'Bonaire', 1, 0, 0.0),
  (273, 'BV', 'Bouvet Island', 1, 0, 0.0),
  (274, 'IO', 'British Indian Ocean Terr.', 1, 0, 0.0),
  (275, 'CD', 'Channel Islands', 1, 0, 0.0),
  (276, 'CX', 'Christmas Island', 1, 0, 0.0),
  (277, 'CC', 'Cocos (Keeling) Islands', 1, 0, 0.0),
  (278, 'CB', 'Curacao', 1, 0, 0.0),
  (279, 'TP', 'East Timor', 1, 0, 0.0),
  (280, 'EN', 'England', 1, 0, 0.0),
  (281, 'FK', 'Falkland Islands', 1, 0, 0.0),
  (282, 'TF', 'French Southern Territories', 1, 0, 0.0),
  (283, 'HM', 'Heard Island', 1, 0, 0.0),
  (284, 'KO', 'Kosrae', 1, 0, 0.0),
  (285, 'YT', 'Mayotte', 1, 0, 0.0),
  (286, 'MM', 'Myanmar', 1, 0, 0.0),
  (287, 'NR', 'Nauru', 1, 0, 0.0),
  (288, 'NT', 'Neutral Zone', 1, 0, 0.0),
  (289, 'NU', 'Niue', 1, 0, 0.0),
  (290, 'NB', 'Northern Ireland', 1, 0, 0.0),
  (291, 'PN', 'Pitcairn', 1, 0, 0.0),
  (292, 'PO', 'Ponape', 1, 0, 0.0),
  (293, 'PR', 'Puerto Rico', 1, 0, 0.0),
  (294, 'RT', 'Rota', 1, 0, 0.0),
  (295, 'SS', 'Saba', 1, 0, 0.0),
  (296, 'SP', 'Saipan', 1, 0, 0.0),
  (297, 'ST', 'Sao Tome and Principe', 1, 0, 0.0),
  (298, 'SF', 'Scotland', 1, 0, 0.0),
  (299, 'GS', 'South Georgia', 1, 0, 0.0),
  (300, 'SW', 'St. Christopher', 1, 0, 0.0),
  (301, 'EU', 'St. Eustatius', 1, 0, 0.0),
  (302, 'SH', 'St. Helena', 1, 0, 0.0),
  (303, 'MB', 'St. Maarten', 1, 0, 0.0),
  (304, 'TB', 'St. Martin', 1, 0, 0.0),
  (305, 'PM', 'St. Pierre and Miquelon', 1, 0, 0.0),
  (306, 'SD', 'Sudan', 1, 0, 0.0),
  (307, 'SJ', 'Svalbard and Jan Mayen Islands', 1, 0, 0.0),
  (308, 'TI', 'Tinian', 1, 0, 0.0),
  (309, 'TK', 'Tokelau', 1, 0, 0.0),
  (310, 'TU', 'Truk', 1, 0, 0.0),
  (311, 'UM', 'US Minor Outlying Islands', 1, 0, 0.0),
  (312, 'SU', 'USSR (former)', 1, 0, 0.0),
  (313, 'VA', 'Vatican City State', 1, 0, 0.0),
  (315, 'YA', 'Yap', 1, 0, 0.0);

INSERT INTO `CountryTax`(`Tax_ID`, `Code_ID`, `Country_ID`, `TaxRate`, `TaxShip`)
VALUES (1, 1, 202, 0.015, 0),
  (3, 3, 36, 0.175, 0);

INSERT INTO `CreditCards`(`ID`, `CardName`, `Used`)
VALUES (2, 'Visa', 1),
  (3, 'MasterCard', 1),
  (4, 'Amex', 1),
  (5, 'Discover', 1),
  (6, 'Diner\'s Club', 0),
  (7, 'Carte Blanche', 0),
  (8, 'JCB', 0),
  (9, 'enRoute', 0);

INSERT INTO `Customers`(`Customer_ID`, `User_ID`, `FirstName`, `LastName`, `Company`, `Address1`, `Address2`, `City`, `County`, `State`, `State2`, `Zip`, `Country`, `Phone`, `Phone2`, `Fax`, `Email`, `Residence`, `LastUsed`)
VALUES (1, 1, 'Mary Jo', 'Sminkey', '', '415 Florida Ave', '', 'Herndon', NULL, 'VA', '', '20170', 'US^United States', '703-709-0795', '', '', 'admin@yoursite.com', 0, '2003-12-05 00:00:00'),
  (2, 12, 'asdf', 'asf', '', 'sadf', '', 'asdf', NULL, 'AL', '', '201521', 'US^United States', 'asdfasdf', '', '', 'asdf@hotmail.com', 0, '2003-12-09 00:00:00'),
  (3, 13, 'asdf', 'sadf', '', 'asdf', '', 'asdf', NULL, 'AK', '', 'asdf', 'US^United States', 'asdf', '', '', 'sadf@asdf.com', 0, '2003-12-18 00:00:00'),
  (4, 14, 'd', 'd', '', 'd', '', 'd', NULL, 'AB', '', '333333', 'US^United States', '333-333-3333', '', '', 'd@d.com', 0, '2004-01-06 00:00:00'),
  (5, 14, '3', '3', '', '3', '', '3', NULL, 'AZ', '', '33333', 'US^United States', '333-333-3333', '', '', '', 0, '2004-01-06 00:00:00'),
  (6, 1, 'd', 'd', '', 'd', '', 'd', NULL, 'IN', '', '33333', 'US^United States', '', '', '', '', 0, '2004-01-11 19:21:16'),
  (7, 0, 'Mary Jo', 'Sminkey', '', '415 Florida Ave', '', 'Herndon', NULL, 'VA', '', '20170', 'US^United States', '703-709-0795', '', '', 'admin@yoursite.com', 0, '2004-01-11 00:00:00'),
  (12, 0, 'asdfsadf', 'asdfsadf', '', 'sdfasdf', '', 'asdfsadf', NULL, 'ME', '', '21001', 'US^United States', '703-111-1111', NULL, NULL, 'mjsminkey@hotmail.com', 0, '2004-01-20 19:57:05'),
  (13, 15, 'asdf', 'asdf', '', 'sdfasdf', '', 'asdf', NULL, 'AL', '', 'sdfa', 'US^United States', 'asdfasdf', '', '', 'asdf@Asdf.com', 0, '2004-01-22 00:00:00'),
  (14, 15, 'asdffsd', 'asdf', '', 'asdf', '', 'asdf', NULL, 'AL', '', 'sadfasdf', 'US^United States', 'asdfas', '', '', '', 0, '2004-01-22 00:00:00'),
  (15, 16, 'ella', 'ella', '', 'ella', '', 'ella', NULL, 'Unlisted', '', 'ella', 'US^United States', '9999', '', '', 'ella@leeaston.com', 0, '2004-01-24 00:00:00'),
  (16, 16, 'ella', 'ella', '', 'ella', '', 'ella', NULL, 'TX', '', 'ella', 'US^United States', '9999', NULL, NULL, 'ella@leeaston.com', 0, '2004-01-24 04:27:26'),
  (17, 17, 'Lee', 'Aston', '', '11 Place Du Petit Bourg', '', 'Les Pieux', NULL, 'Unlisted', '', 'uiyuiy', 'FR^France', '', '', '', 'lee@leeaston.com', 0, '2004-01-24 00:00:00'),
  (18, 17, 'Lee', 'Aston', '', '11 Place Du Petit Bourg', '', 'Les Pieux', NULL, 'Unlisted', '', 'uiyuiy', 'FR^France', '8686868687', NULL, NULL, 'lee@leeaston.com', 0, '2004-01-24 04:44:40'),
  (19, 17, 'Lee', 'Aston', '', '11 Place Du Petit Bourg', '', 'Les Pieux', NULL, 'Unlisted', '', 'uiyuiy', 'FR^France', '68687', NULL, NULL, 'lee@leeaston.com', 0, '2004-01-24 04:51:41'),
  (20, 18, 'Shawn', 'Tester', 'St Solo', '123 Street', 'Apt 22a', 'Saskatoon', NULL, 'SK', '', 'S7K 0B4', 'CA^Canada', '123-123-1343', '', '', 'shawn@stsolo.com', 0, '2004-01-24 00:00:00'),
  (21, 18, 'Shawn', 'Shipper', 'St Solo 2', '456 22a Street', 'Building Enterance East', 'Saskatoon', NULL, 'SK', 'Alberta', 'S7K 0B5', 'CA^Canada', '123-123-1345', '', '', '', 0, '2004-01-24 00:00:00'),
  (22, 17, 'Lee', 'Aston', '', '11 Place Du Petit Bourg', '', 'Les Pieux', NULL, 'Unlisted', '', 'uiyuiy', 'FR^France', '999', NULL, NULL, 'lee@leeaston.com', 0, '2004-01-24 11:16:01'),
  (23, 17, 'Lee', 'Aston', '', '11 Place Du Petit Bourg', '', 'Les Pieux', NULL, 'Unlisted', '', 'uiyuiy', 'FR^France', 'rrr', NULL, NULL, 'lee@leeaston.com', 0, '2004-01-24 11:17:12'),
  (24, 17, 'Lee', 'Aston', '', '11 Place Du Petit Bourg', '', 'Les Pieux', NULL, 'Unlisted', '', 'uiyuiy', 'FR^France', '77887', NULL, NULL, 'lee@leeaston.com', 0, '2004-01-24 11:28:33'),
  (25, 17, 'Lee', 'Aston', '', '11 Place Du Petit Bourg', '', 'Les Pieux', NULL, 'Unlisted', '', 'uiyuiy', 'FR^France', '444', NULL, NULL, 'lee@leeaston.com', 0, '2004-01-24 11:55:19'),
  (26, 17, 'Lee', 'Aston', '', '11 Place Du Petit Bourg', '', 'Les Pieux', NULL, 'Unlisted', '', 'uiyuiy', 'FR^France', '777', NULL, NULL, 'lee@leeaston.com', 0, '2004-01-24 13:25:43'),
  (27, 1, 'Mary Jo', 'Sminkey', '', '415 Florida Ave', '', 'Herndon', 'Fairfax', 'VA', '', '20170', 'US^United States', '703-709-0795', '', '', 'maryjo@dogpatchphoto.com', 0, '2006-08-02 00:00:00'),
  (28, 1, 'Mary Jo', 'Sminkey', 'Dogpatch Software', '415 Florida Ave', '', 'Herndon', NULL, 'VA', '', '20170', 'US^United States', '703-709-0795', '', '', 'admin@yoursite.com', 0, '2004-02-04 00:00:00'),
  (32, 30, 'mike', 'frauenheim', '', '5670 Wilshire', '', 'Los Angeles', NULL, 'CA', '', '90046', 'US^United States', '222-222-2222', '', '', '2@attentionplease.com', 0, '2004-02-13 00:16:03'),
  (33, 30, '22', '22', '', '22', '', '22', NULL, 'AB', '', '22222', 'US^United States', '', '', '', '', 0, '2004-02-13 00:00:00'),
  (37, 0, '5', '5', '', '5', '', '5', NULL, 'Unlisted', '', '55555', 'US^United States', '', '', '', '', 0, '2004-02-13 01:24:06'),
  (39, 0, 'sfd', 'asdf', '', 'sdf', '', 'sdf', NULL, 'AL', '', '12123', 'BR^Brazil', '123123123123', NULL, NULL, 'aasdsdf@Asdf.com', 0, '2004-08-03 11:46:32'),
  (40, 0, 'asdf', 'asdf', '', 'asdf', '', 'asdf', NULL, 'AL', '', '12345', 'US^United States', '123123123123', NULL, NULL, 'aasdsdf@Asdf.com', 0, '2004-08-03 12:12:13'),
  (41, 1, 'Mary Jo', 'Sminkey', 'Dogpatch Software', '415 Florida Ave', '', 'Herndon', NULL, 'OK', '', '20170', 'US^United States', '703-709-0795', NULL, NULL, 'admin@yoursite.com', 0, '2006-03-09 00:00:00'),
  (42, 34, 'Mary Jo', 'Sminkey', 'Dogpatch Software', '8 Old Coach Ln', '', 'Carlisle', NULL, 'PA', 'PA', '17013', 'US^United States', '717-241-4074', '', '', 'maryjo@dogpatchphoto.com', 0, '2006-03-24 00:00:00'),
  (43, 34, 'Mary Jo', 'Sminkey', 'Dogpatch Software', '8 Old Coach Ln', '', 'Carlisle', NULL, 'PA', 'PA', '17013', 'US^United States', '717-241-4074', '', '', '', 0, '2006-03-24 00:00:00'),
  (44, 21, 'Mary Jo', 'Sminkey', 'Dogpatch Software', '8 Old Coach Ln', '', 'Carlisle', '', 'PA', 'PA', '17013', 'US^United States', '717-241-4074', NULL, NULL, 'maryjo@dogpatchphoto.com', 0, '2006-08-11 00:00:00'),
  (45, 0, 'Mary Jo', 'Sminkey', '', '415 Florida Ave', '', 'Herndon', '', 'AL', '', '20170', 'US^United States', '703-709-0795', NULL, NULL, '', 1, '2006-12-31 00:00:00'),
  (46, 1, 'Mary Jo', 'Sminkey', '', '415 Florida Ave', '', 'Herndon', '', 'BC', '', '148754', 'CA^Canada', '703-709-0795', NULL, NULL, '', 1, '2007-01-08 00:00:00'),
  (47, 1, 'Mary Jo', 'Sminkey', '', '415 Florida Ave', '', 'Herndon', '', 'VA', '', '20170', 'US^United States', '703-709-0795', NULL, NULL, 'maryjo@dogpatchphoto.com', 1, '2007-01-17 00:00:00'),
  (48, 1, 'Mary Jo', 'Sminkey', '', '415 Florida Ave', '', 'Herndon', '', 'AL', '', '20170', 'US^United States', '703-709-0795', '', '', 'admin@yoursite.com', 1, '2007-01-19 00:00:00'),
  (49, 21, 'Mary Jo', 'Sminkey', 'Dogpatch Software', '8 Old Coach Ln', '', 'Carlisle', '', 'PA', 'PA', '17013', 'US^United States', '717-241-4074', '', '', 'maryjo@dogpatchphoto.com', 0, '2007-02-15 20:49:24'),
  (52, 36, 'Firstname', 'LastName', 'Company', 'Address1', 'Address2', 'City', '', 'TX', '', '21354', 'US^United States', 'Phone', '', '', 'info@dogpatch2.org', 1, '2007-02-24 18:59:18'),
  (53, 39, 'Mary Jo', 'Sminkey', 'Dogpatch Software', '8 Old Coach Ln', '', 'Carlisle', '', 'PA', '', '17013', 'US^United States', '717-241-4074', '', '', 'maryjo@dogpatchphot2o.com', 1, '2007-03-14 19:17:10'),
  (54, 40, 'Mary Jo', 'Sminkey', 'Dogpatch Software', '8 Old Coach Ln', '', 'Carlisle', '', 'PA', '', '17013', 'US^United States', '717-241-4074', '', '', 'maryjo@dogpatch2photo.com', 1, '2007-03-14 19:22:51');

INSERT INTO `CustomMethods`(`ID`, `Name`, `Amount`, `Used`, `Priority`, `Domestic`, `International`)
VALUES (1, 'Next Day Air', 10.0, 1, 3, 1, 0),
  (2, '2nd Day Air', 5.5, 1, 2, 1, 0),
  (35, 'Ground Shipping', 0.0, 1, 1, 1, 0),
  (36, 'Airmail', 20.0, 1, 4, 0, 1);

INSERT INTO `CustomShipSettings`(`Setting_ID`, `ShowShipTable`, `MultPerItem`, `CumulativeAmounts`, `MultMethods`, `Debug`)
VALUES (1, 1, 1, 1, 0, 0);

INSERT INTO `Discount_Categories`(`ID`, `Discount_ID`, `Category_ID`)
VALUES (1, 5, 13),
  (2, 12, 15);

INSERT INTO `Discount_Groups`(`ID`, `Discount_ID`, `Group_ID`)
VALUES (3, 11, 1),
  (5, 14, 5);

INSERT INTO `Discount_Products`(`ID`, `Discount_ID`, `Product_ID`)
VALUES (1, 3, 4),
  (2, 3, 278),
  (7, 11, 12),
  (12, 14, 9),
  (13, 3, 282),
  (14, 14, 282);

INSERT INTO `Discounts`(`Discount_ID`, `Type1`, `Type2`, `Type3`, `Type4`, `Type5`, `Coup_Code`, `OneTime`, `Name`, `Display`, `Amount`, `MinOrder`, `MaxOrder`, `StartDate`, `EndDate`, `AccessKey`)
VALUES (2, 1, 1, 4, 0, 0, '123456789', 1, '$10 off your order!', '$10 off your order!', 10.0, 1.0, 999999999.0, '2004-08-01 00:00:00', NULL, 0),
  (3, 2, 2, 0, 0, 0, NULL, 0, '10% OFF!', 'ON SALE - 10% OFF!', 0.1, 1.0, 999999999.0, NULL, NULL, 0),
  (4, 1, 2, 3, 0, 0, NULL, 0, '5% off everything in the store', '5% off everything in the store!', 0.05, 1.0, 999999999.0, NULL, '2006-09-01 00:00:00', 0),
  (5, 1, 2, 1, 0, 1, NULL, 0, '10% Category Discount', '10% Category Discount', 0.1, 1.0, 999999999.0, NULL, NULL, 2),
  (11, 1, 1, 0, 0, 1, '123987123', 0, '$50 off software', '$50 off software', 50.0, 1.0, 999999999.0, '2004-08-01 00:00:00', NULL, 0),
  (12, 2, 1, 1, 1, 0, '12345678as', 0, 'Multi-category discount', 'Multi-category discount', 10.0, 50.0, 999999999.0, NULL, NULL, 0),
  (14, 1, 1, 0, 0, 1, NULL, 0, 'Buy 5, get $1 off', 'Buy 5, get $1 off', 1.0, 5.0, 999999999.0, NULL, NULL, 0),
  (15, 1, 1, 4, 1, 0, NULL, 0, '$20 off your order if you spend $200 or more', '$20 off your order if you spend $200 or more', 20.0, 200.0, 500.0, NULL, NULL, 0);

INSERT INTO `Feature_Category`(`Feature_Category_ID`, `Feature_ID`, `Category_ID`)
VALUES (273, 4, 5),
  (274, 1, 1),
  (275, 2, 1),
  (276, 14, 1),
  (277, 5, 7),
  (278, 5, 8),
  (279, 6, 7),
  (280, 6, 8),
  (281, 9, 2),
  (282, 8, 6),
  (283, 7, 7),
  (284, 7, 8);

INSERT INTO `Feature_Item`(`Feature_Item_ID`, `Feature_ID`, `Item_ID`)
VALUES (7, 2, 1),
  (9, 6, 1),
  (20, 4, 2);

INSERT INTO `Feature_Product`(`Feature_Product_ID`, `Product_ID`, `Feature_ID`)
VALUES (6, 4, 3);

INSERT INTO `FeatureReviews`(`Feature_ID`, `Review_ID`, `Parent_ID`, `User_ID`, `Anonymous`, `Anon_Name`, `Anon_Loc`, `Anon_Email`, `Editorial`, `Title`, `Comment`, `Rating`, `Recommend`, `Posted`, `Updated`, `Approved`, `NeedsCheck`)
VALUES (2, 1, 0, 1, 0, 'Mary Jo Sminkey', 'Carlisle, PA', '', '', 'Very insightful', 'I liked what the author had to say.', 4, 0, '2007-01-25 00:00:00', '2007-01-25 00:00:00', 1, 0),
  (2, 2, 1, 1, 0, 'Mary Jo Sminkey', 'Herndon, VA', '', '', 'It\'s okay', 'Not sure what the fuss is, it\'s an okay article.', 4, 0, '2007-01-25 19:11:18', '2007-01-25 19:11:18', 1, 0),
  (2, 3, 2, 1, 0, 'Mary Jo Sminkey', '', '', '', 'What??', '<p>I don\'t understand what you are talking about.</p>', 5, 0, '2007-01-31 00:00:00', '2007-01-31 00:00:00', 1, 0),
  (2, 4, 2, 1, 0, 'Mary Jo Sminkey', '', '', NULL, 'What??', 'I don\'t understand what you are talking about.', 5, 0, '2007-01-31 00:00:00', '2007-01-31 00:00:00', 0, 0);

INSERT INTO `Features`(`Feature_ID`, `User_ID`, `Feature_Type`, `Name`, `Author`, `Copyright`, `Display`, `Approved`, `Start`, `Expire`, `Priority`, `AccessKey`, `Highlight`, `Display_Title`, `Reviewable`, `Sm_Title`, `Sm_Image`, `Short_Desc`, `Lg_Title`, `Lg_Image`, `Long_Desc`, `PassParam`, `Color_ID`, `Created`, `Metadescription`, `Keywords`, `TitleTag`)
VALUES (1, 1, '', 'This is a sample article', 'Michael Frauenheim', 'AttentionPlease.com', 1, 1, NULL, NULL, 1, 0, 1, 1, 0, '', '', '<p>This is a simple article.</p>', '', '', '<p>This text is not meant to be read. It is for demonstration purposes only. Please stop reading this. This text is not meant to be read. It is for demonstration purposes only. Please stop reading this.</p>\r\n<p>This text is not meant to be read. It is for demonstration purposes only. Please stop reading this. This text is not meant to be read. It is for demonstration purposes only. Please stop reading this. This text is not meant to be read. It is for demonstration purposes only. Please stop reading this. This text is not meant to be read. It is for demonstration purposes only. Please stop reading this. This text is not meant to be read. It is for demonstration purposes only. Please stop reading this.</p>\r\n<p>This text is not meant to be read. It is for demonstration purposes only. Please stop reading this. This text is not meant to be read. It is for demonstration purposes only. Please stop reading this.</p>\r\n<p>This text is not meant to be read. It is for demonstration purposes only. Please stop reading this.</p>', '', NULL, '2003-09-30 00:00:00', '', '', ''),
  (2, 1, '', 'Another Article', 'Author\'s Name', 'copyright holder', 1, 1, '2004-07-04 00:00:00', NULL, 2, 0, 0, 1, 1, '', '', '<p>This is teaser text for the article. In addition, this can have a text title and photo.</p>', '', '', '<p>This text is not meant to be read. It is for demonstration purposes only. Please stop reading this. This text is not meant to be read. It is for demonstration purposes only. Please stop reading this. This text is not meant to be read. It is for demonstration purposes only. Please stop reading this. This text is not meant to be read. It is for demonstration purposes only. Please stop reading this. This text is not meant to be read. It is for demonstration purposes only. Please stop reading this. This text is not meant to be read. It is for demonstration purposes only. Please stop reading this. This text is not meant to be read. It is for demonstration purposes only. Please stop reading this. This text is not meant to be read. It is for demonstration purposes only. Please stop reading this. This text is not meant to be read. It is for demonstration purposes only. Please stop reading this. This text is not meant to be read. It is for demonstration purposes only. Please stop reading this. This text is not meant to be read. It is for demonstration purposes only. Please stop reading this. This text is not meant to be read. It is for demonstration purposes only. Please stop reading this. This text is not meant to be read. It is for demonstration purposes only. Please stop reading this. This text is not meant to be read. It is for demonstration purposes only. Please stop reading this. This text is not meant to be read. It is for demonstration purposes only. Please stop reading this. This text is not meant to be read. It is for demonstration purposes only. Please stop reading this. This text is not meant to be read. It is for demonstration purposes only. Please stop reading this.</p>', '', NULL, NULL, 'Another Article metatag description sample.', 'Another,article,matatag,description,sample', ''),
  (3, 1, '', 'Instructions for product', '', '', 1, 1, NULL, NULL, 9999, 0, 0, 1, 0, '', '', '<p>The package insert instructions that come with the product is reprinted here for easy reference.</p>', '', '', '<p>This feature article is linked from a product. It contains all the package insert instructions. Including this type of information on your web site can help your customers find the information that they need and lead to fewer customer service calls.</p>\r\n<p>This feature article is linked from a product. It contains all the package insert instructions. Including this type of information on your web site can help your customers find the information that they need and lead to fewer customer service calls.</p>\r\n<p>This feature article is linked from a product. It contains all the package insert instructions. Including this type of information on your web site can help your customers find the information that they need and lead to fewer customer service calls.</p>', '', NULL, NULL, '', '', ''),
  (4, 1, '', 'Employment Opportunities', '', '', 1, 1, NULL, NULL, 1, 0, 0, 1, 0, '', '', '<p>We\'re expanding fast and looking for commission sales representatives. Please email your resume.</p>', '', '', '<p>We\'re expanding fast and looking for commission sales representatives. Please email your resume.</p>', '', NULL, NULL, '', '', ''),
  (5, 1, 'article', 'Current Month\'s Column', 'Columnist', '', 1, 1, NULL, NULL, 9999, 0, 0, 0, 0, '', '', '', '', '', '<p>This is the current month\'s column. You are reading the detail page, NOT the TEASER.</p>\r\n<p>&nbsp;It has the &quot;Display Title&quot; setting set to &quot;OFF&quot;. This removes the hyperlink that would normally take you to the article\'s detail page.</p>\r\n<p>Also, if there is not &quot;teaser text&quot; defined, then the main text is automatically printed. So... this is the main text of the current article. When a new article is posted, we\'ll simply add some teaser text and turn on the &quot;display title&quot; and it will appear as below.</p>\r\n<p>&nbsp;</p>', '', NULL, NULL, '', '', ''),
  (6, 1, '', 'Last Months Article', '', '', 1, 1, NULL, NULL, 9999, 0, 0, 1, 0, '', '', '<p>This is teaser text for last month\'s topic.</p>', '', 'features/sample.pdf', '<p>Topic topic topic, topic topic. Topic topic topic, topic topic. Topic topic topic, topic topic. Topic topic topic, topic topic. Topic topic topic, topic topic. Topic topic topic, topic topic. Topic topic topic, topic topic. Topic topic topic, topic topic. Topic topic topic, topic topic. Topic topic topic, topic topic. Topic topic topic, topic topic. Topic topic topic, topic topic. Topic topic topic, topic topic.</p>\r\n<p>Topic topic topic, topic topic. Topic topic topic, topic topic. Topic topic topic, topic topic.</p>\r\n<p>Topic topic topic, topic topic. Topic topic topic, topic topic. Topic topic topic, topic topic. Topic topic topic, topic topic. Topic topic topic, topic topic. Topic topic topic, topic topic.</p>', '', NULL, NULL, '', '', ''),
  (7, 1, '', 'The article from before that', '', '', 1, 1, NULL, NULL, 9999, 0, 0, 1, 0, '', '', '<p>Sample of an even older article.</p>', '', '', '<p>Sample of an even older article. Sample of an even older article. Sample of an even older article. Sample of an even older article. Sample of an even older article. Sample of an even older article. Sample of an even older article. Sample of an even older article. Sample of an even older article. Sample of an even older article. Sample of an even older article. Sample of an even older article.</p>', '', NULL, NULL, '', '', ''),
  (8, 1, '', 'Product Review', '', '', 1, 1, NULL, NULL, 9999, 0, 0, 1, 0, '', '', '<p>This is a product review\'s teaser text. This article is linked to products.</p>', '', '', '<p>Review review review review review. Review review review review review. Review review review review review. Review review review review review. Review review review review review. Review review review review review. Review review review review review. Review review review review review. Review review review review review. Review review review review review. Review review review review review. Review review review review review. Review review review review review. Review review review review review. Review review review review review. Review review review review review. Review review review review review. Review review review review review. Review review review review review. Review review review review review.&nbsp;</p>\r\n<p>Review review review review review. Review review review review review. Review review review review review. Review review review review review. Review review review review review. Review review review review review. Review review review review review. Review review review review review.</p>\r\n<p>Review review review review review.</p>', '', NULL, NULL, '', '', ''),
  (9, 1, 'article', 'Members Only Article', '', '', 1, 1, NULL, NULL, 9999, 2, 0, 1, 0, '', '', '<p>This article is in the Member\'s Only area.</p>', '', '', '<p>Member\'s only articles do not appear in the site map.</p>', '', NULL, NULL, '', '', ''),
  (14, 20, 'article', 'Test Article by Author user', 'Author user', '', 1, 1, NULL, NULL, 3, 0, 0, 1, 0, '', '', '<p>A test of the author user and group</p>', '', '', '', '', NULL, '2004-01-25 00:00:00', '', '', '');

INSERT INTO `FedEx_Dropoff`(`FedEx_Code`, `Description`)
VALUES ('BUSINESSSERVICE CENTER', 'Business Service Center'),
  ('DROPBOX', 'Drop Box'),
  ('REGULARPICKUP', 'Regular Pickup'),
  ('REQUESTCOURIER', 'Request Courier'),
  ('STATION', 'Station');

INSERT INTO `FedEx_Packaging`(`FedEx_Code`, `Description`)
VALUES ('FEDEX10KGBOX', 'FedEx<sup>&reg;</sup> 10kb Box'),
  ('FEDEX25KGBOX', 'FedEx<sup>&reg;</sup> 25kg Box'),
  ('FEDEXBOX', 'FedEx<sup>&reg;</sup> Box'),
  ('FEDEXENVELOPE', 'FedEx<sup>&reg;</sup> Letter'),
  ('FEDEXPAK', 'FedEx<sup>&reg;</sup> Pak'),
  ('FEDEXTUBE', 'FedEx<sup>&reg;</sup> Tube'),
  ('YOURPACKAGING', 'Your Packaging');

INSERT INTO `FedEx_Settings`(`Fedex_ID`, `AccountNo`, `MeterNum`, `MaxWeight`, `UnitsofMeasure`, `Dropoff`, `Packaging`, `OrigZip`, `OrigState`, `OrigCountry`, `Debug`, `UseGround`, `UseExpress`, `Logging`)
VALUES (1, NULL, NULL, 150, 'KGS/CM', 'REGULARPICKUP', 'YOURPACKAGING', '11747', 'NY', 'US', 0, 1, 1, 0);

INSERT INTO `FedExMethods`(`ID`, `Name`, `Used`, `Shipper`, `Code`, `Priority`)
VALUES (1, 'FedEx<sup>&reg;</sup> Ground', 1, 'FDXG', 'FEDEXGROUND', 1),
  (2, 'FedEx<sup>&reg;</sup> Home Delivery', 1, 'FDXG', 'GROUNDHOMEDELIVERY', 2),
  (3, 'FedEx Priority Overnight<sup>&reg;</sup>', 1, 'FDXE', 'PRIORITYOVERNIGHT', 4),
  (4, 'FedEx 2 Day<sup>&reg;</sup>', 1, 'FDXE', 'FEDEX2DAY', 3),
  (5, 'FedEx First Overnight<sup>&reg;</sup>', 1, 'FDXE', 'FIRSTOVERNIGHT', 5),
  (6, 'FedEx Express Saver<sup>&reg;</sup>', 1, 'FDXE', 'FEDEXEXPRESSSAVER', 6),
  (7, 'FedEx Standard Overnight<sup>&reg;</sup>', 1, 'FDXE', 'STANDARDOVERNIGHT', 7),
  (8, 'FedEx International Priority<sup>&reg;</sup>', 1, 'FDXE', 'INTERNATIONALPRIORITY', 8),
  (9, 'FedEx International Economy<sup>&reg;</sup>', 1, 'FDXE', 'INTERNATIONALECONOMY', 9);

INSERT INTO `GiftItems`(`GiftRegistry_ID`, `GiftItem_ID`, `Product_ID`, `Options`, `Addons`, `AddonMultP`, `AddonNonMultP`, `AddonMultW`, `AddonNonMultW`, `OptPrice`, `OptWeight`, `OptQuant`, `OptChoice`, `OptionID_List`, `ChoiceID_List`, `SKU`, `Price`, `Weight`, `Quantity_Requested`, `Quantity_Purchased`, `DateAdded`)
VALUES (2, 1, 9, NULL, NULL, 0.0, 0.0, 0.0, 0.0, 0.0, 0.0, 0, 0, NULL, NULL, '5366', 12.0, 1.0, 3, 0, '2006-11-16 21:07:25'),
  (2, 2, 8, 'size:Medium,  size:Large, Color:Red/Black', NULL, 0.0, 0.0, 0.0, 0.0, 0.0, 0.0, 18, 2, NULL, NULL, '20030902', 18.95, 0.3, 1, 0, '2006-11-14 18:45:02'),
  (2, 3, 8, 'size:Medium,  size:Medium, Color:White/Green', NULL, 0.0, 0.0, 0.0, 0.0, 0.0, 0.0, 0, 0, NULL, NULL, '20030902', 18.95, 0.3, 1, 0, '2006-11-14 18:49:45'),
  (1, 7, 8, 'size-Medium,Color-Red/Black,size-Small', NULL, 0.0, 0.0, 0.0, 0.0, 0.0, 0.0, 0, 0, NULL, NULL, '20030902', 18.95, 0.3, 1, 0, '2006-09-25 17:37:13'),
  (1, 9, 9, NULL, 'plus pencils: yes<br>', 0.0, 0.0, 0.0, 0.0, 0.0, 0.0, 0, 0, NULL, NULL, '5366', 12.0, 1.0, 2, 0, '2006-11-14 18:35:47'),
  (1, 12, 279, 'size:Medium', 'Start Date: 12/03/2006<br>', 0.0, 0.0, 0.0, 0.0, 0.0, 0.0, 0, 0, NULL, NULL, NULL, 50.0, 0.0, 1, 0, '2006-12-07 02:20:53'),
  (1, 13, 4, 'size:Small, Choose One::green', NULL, 0.0, 0.0, 0.0, 0.0, 0.0, 0.0, 0, 0, NULL, NULL, '890546-000042', 79.95, 0.75, 1, 0, '2006-12-29 18:59:48'),
  (1, 14, 295, 'Amount:$40 Gift Certificate', NULL, 0.0, 0.0, 0.0, 0.0, 0.0, 0.0, 0, 0, NULL, NULL, NULL, 40.0, 0.0, 1, 0, '2007-02-24 14:40:36'),
  (1, 15, 299, NULL, NULL, 0.0, 0.0, 0.0, 0.0, 0.0, 0.0, 0, 0, NULL, NULL, NULL, 0.0, 0.0, 1, 0, '2007-02-24 14:41:17'),
  (1, 16, 299, NULL, NULL, 0.0, 0.0, 0.0, 0.0, 0.0, 0.0, 0, 0, NULL, NULL, NULL, 0.0, 0.0, 1, 0, '2007-02-24 15:19:36'),
  (1, 17, 4, 'size:2X Large', NULL, 0.0, 0.0, 0.0, 0.0, 2.0, 0.0, 0, 0, NULL, NULL, '890546-000042', 79.95, 0.75, 1, 0, '2007-02-24 15:19:36'),
  (1, 18, 4, 'size:Medium', NULL, 0.0, 0.0, 0.0, 0.0, 0.0, 0.0, 0, 0, NULL, NULL, '890546-000042', 79.95, 0.75, 1, 0, '2007-02-25 15:37:14');

INSERT INTO `GiftRegistry`(`GiftRegistry_ID`, `User_ID`, `Registrant`, `OtherName`, `GiftRegistry_Type`, `Event_Date`, `Event_Name`, `Event_Descr`, `Private`, `Order_Notification`, `Live`, `Approved`, `City`, `State`, `Created`, `Expire`)
VALUES (1, 1, 'Mary Jo Sminkey', '', 'wedding', '2006-10-01 00:00:00', 'My Wedding', '', 0, 0, 1, 0, 'Herndon', 'VA', '2006-09-25 00:00:00', '2007-10-01 00:00:00'),
  (2, 21, 'Mark Sminkey', '', 'birthday', '2007-03-03 00:00:00', 'My birthday', '', 0, 0, 1, 0, 'Carlisle', 'PA', '2006-11-14 00:00:00', '2008-03-02 00:00:00');

INSERT INTO `Giftwrap`(`Giftwrap_ID`, `Name`, `Short_Desc`, `Sm_Image`, `Price`, `Weight`, `Priority`, `Display`)
VALUES (1, 'Christmas Paper', '', 'products/giftwrap_holly.jpg', 2.0, 0, 9999, 1),
  (2, 'Leopard Paper', '', 'products/giftwrap_leopard.jpg', 2.0, 0, 9999, 1);

INSERT INTO `Groups`(`Group_ID`, `Name`, `Description`, `Permissions`, `Wholesale`, `Group_Code`, `TaxExempt`, `ShipExempt`)
VALUES (1, 'Administrator', 'User Permissions', 'contentkey_list^1,2;Access^7;Category^1;Feature^11;Page^1;Product^253;Shopping^1023;Users^15', 1, '', 0, 0),
  (2, 'Webmaster', 'Menus, categories, pages, site settings', 'contentkey_list^2,1;FEATURE^3;CATEGORY^1;SHOPPING^3;USERS^7;PAGE^1;Access^0', 0, NULL, 0, 0),
  (3, 'Editor', 'Manages site content', 'contentkey_list^4;FEATURE^3;CATEGORY^1;PAGE^3;USERS^2;PRODUCT^2', 1, '', 0, 0),
  (4, 'Order Manager', '', 'contentkey_list^5,4;USERS^6;SHOPPING^508', 1, '', 0, 0),
  (5, 'Shipping Department', '', 'contentkey_list^4;USERS^0;SHOPPING^272', 1, '', 0, 0),
  (6, 'Wholesale Startup', '30% off given on order', 'contentkey_list^4', 1, NULL, 0, 0),
  (7, 'Author', 'Add & edit own user\'s own features', 'FEATURE^1;USERS^2', 0, '', 0, 0);

INSERT INTO `Intershipper`(`ID`, `Password`, `Residential`, `Pickup`, `UnitsofMeasure`, `MaxWeight`, `Carriers`, `UserID`, `Classes`, `MerchantZip`, `Logging`, `Debug`)
VALUES (1, NULL, 1, 'SCD', 'LBS/IN', 50, 'ALL', NULL, 'ALL', '90068', 0, 0);

INSERT INTO `IntShipTypes`(`ID`, `Name`, `Used`, `Code`, `Priority`)
VALUES (1, 'UPS Next Day Air', 1, 'UND', 99),
  (2, 'UPS 2nd Day Air', 1, 'U2D', 99),
  (3, 'UPS Canadian Expedited Service', 0, 'UCX', 99),
  (4, 'UPS Canadian Express Service', 1, 'UCE', 99),
  (5, 'UPS 3-Day Select', 1, 'U3S', 99),
  (6, 'UPS Next Day Air Saver', 0, 'UNS', 99),
  (7, 'UPS Next Day Air Early AM', 0, 'UNA', 99),
  (8, 'UPS Ground', 1, 'UGN', 99),
  (9, 'U.S.P.S.Priority Mail', 1, 'PPM', 99),
  (10, 'U.S.P.S. Parcel Post Machine', 0, 'PGM', 99),
  (11, 'U.S.P.S.Express Mail', 0, 'PEA', 99),
  (12, 'U.S.P.S. Parcel Post Non-Machine', 0, 'PGN', 99),
  (13, 'FedEx Priority Overnight', 0, 'FPN', 5),
  (14, 'FedEx 2nd Day', 1, 'F2D', 2),
  (15, 'FedEx Express Saver', 1, 'FES', 3),
  (16, 'FedEx Ground', 1, 'FGN', 1),
  (17, 'FedEx Standard Overnight', 1, 'FSO', 6),
  (18, 'DHL Overnight', 1, 'DON', 99),
  (20, 'UPS Canadian Express Plus Service', 0, 'UCP', 99),
  (21, 'UPS Standard Canadian Service', 0, 'UCS', 99),
  (22, 'FedEx First Overnight', 1, 'FON', 4),
  (23, 'FedEx Canadian Ground', 0, 'FCG', 99),
  (24, 'FedEx Canadian International Economy', 0, 'FCE', 99),
  (25, 'FedEx Canadian International Priority', 0, 'FCP', 99),
  (27, 'FedEx Canadian International First', 0, 'FCF', 99),
  (28, 'UPS 2nd Day Air AM', 0, 'U2A', 99),
  (29, 'FedEx International Economy', 0, 'FIE', 99),
  (30, 'FedEx International First', 0, 'FIF', 99),
  (31, 'FedEx International Priority', 0, 'FIP', 99),
  (32, 'U.S.P.S.Express Mail PO', 0, 'PEO', 99),
  (33, 'U.S.P.S. Global Express Guaranteed', 1, 'PEG', 99),
  (34, 'U.S.P.S. Priority Mail Intl.', 1, 'PMI', 99),
  (35, 'U.S.P.S. First Class Mail Intl.', 1, 'PFI', 99),
  (36, 'U.S.P.S. Express Mail Intl.', 0, 'PEM', 99),
  (37, 'UPS WorldWide Expedited', 1, 'UWX', 99),
  (38, 'UPS WorldWide Express', 1, 'UWE', 99),
  (39, 'UPS WorldWide Express Plus', 0, 'UWP', 99);

INSERT INTO `Locales`(`ID`, `Name`, `CurrExchange`)
VALUES (1, 'Dutch (Belgian)', 'Netherlands'),
  (2, 'Dutch (Standard)', 'Euro'),
  (3, 'English (Australian)', 'Australia'),
  (4, 'English (Canadian)', 'Canada'),
  (5, 'English (New Zealand)', 'New Zealand'),
  (6, 'English (UK)', 'UK'),
  (7, 'English (US)', 'US'),
  (8, 'French (Belgian)', 'Belgium'),
  (9, 'French (Canadian)', 'Canada'),
  (10, 'French (Standard)', 'France'),
  (11, 'French (Swiss)', 'Switzerland'),
  (12, 'German (Austrian)', 'Austria'),
  (13, 'German (Standard)', 'Germany'),
  (14, 'German (Swiss)', 'Switzerland'),
  (15, 'Italian (Standard)', 'Italy'),
  (16, 'Italian (Swiss)', 'Switzerland'),
  (17, 'Norwegian (Bokmal)', 'Norway'),
  (18, 'Norwegian (Nynorsk)', 'Norway'),
  (19, 'Portuguese (Brazilian)', 'Portugal'),
  (20, 'Portuguese (Standard)', 'Portugal'),
  (21, 'Spanish (Mexican)', 'Mexico'),
  (22, 'Spanish (Standard)', 'Spain'),
  (23, 'Swedish', 'Sweden');

INSERT INTO `LocalTax`(`Local_ID`, `Code_ID`, `ZipCode`, `Tax`, `EndZip`, `TaxShip`)
VALUES (1, 1, '20170', 0.02, '20175', 0),
  (3, 1, '20176', 0.01, NULL, 0),
  (4, 1, '20718', 0.04, NULL, 0);

INSERT INTO `MailText`(`MailText_ID`, `MailText_Name`, `MailText_Message`, `MailText_Subject`, `MailText_Attachment`, `System`, `MailAction`)
VALUES (2, 'Email Confirmation', 'Welcome to %SiteName%.\r\nTo complete the Email Confirmation process please click on the link below:\r\n%SiteURL%index.cfm?fuseaction=users.unlock&amp;email=%Email%&amp;emaillock=%EmailLock%\r\nIf the link does not appear in your email as a clickable link, just copy and paste the complete URL into your browser\'s location bar and hit enter.\r\nYou can also complete the process by copying the following code into the Email Confirmation form.\r\nYour Code:\r\n%EmailLock%\r\nTo access the Email Confirmation form just sign in and click on \"My Account\".\r\nYou only need to confirm your email address once.\r\nSee you online!\r\n-- %SiteName%', '%SiteName% Email Confirmation Code', NULL, 1, 'EmailConfirmation'),
  (3, 'New Member Admin Notification', 'A new member has registered on %SiteName%:\r\n\r\n%MergeContent%', 'New Member Registration on  %SiteName%', NULL, 1, 'NewMemberNotice'),
  (4, 'Forgot Password', 'Your password for %SiteName% has been reset to: %MergeContent%. Your username for this account is "%Username%".<br>\r\n<br>\r\nAfter logging in at %SiteURL% you can change this temporary password by clicking on \"My Account\".<br>\r\n<br>\r\nSee you online!', 'Login Information', NULL, 1, 'ForgotPassword'),
  (5, 'Order Received Affiliate Notice', 'Here is a summary of an order received through your site! %Mergecontent%', 'Affiliate Order Received!', NULL, 1, 'OrderRecvdAffiliate'),
  (6, 'Order Received Customer Notice', 'Here is a summary of your order, thanks for shopping with us! %mergecontent%', 'Order Received!', NULL, 1, 'OrderRecvdCustomer'),
  (7, 'Gift Registry Purchase Notification', 'The following Gift Registry item was purchased: %Mergecontent%', '%SiteName% Gift Registry Purchase', NULL, 1, 'GiftRegistryPurchase'),
  (8, 'Membership Auto-Renewal Billed', NULL, NULL, NULL, 1, 'MembershipAutoRenewBilled'),
  (9, 'Membership Auto-Renewal Cancel', '<p>Your membership at %SiteName% has been cancelled as requested. Thanks for visiting!</p>', NULL, NULL, 1, 'MembershipAutoRenewCancel'),
  (10, 'Membership Renewal Reminder', 'Just a quick reminder that it is time to renew your %sitename%\r\nmembership due to expire in just a few days. You can renew your\r\nmembership at %SiteURL%. <br>\r\n<br>\r\nSee you online!', NULL, NULL, 1, 'MembershipRenewReminder'),
  (13, 'Order Shipping/Tracking Information', 'Shipping information for your order from %SiteName%<br />\r\n<br />\r\n%mergecontent%<br />\r\n<br />\r\n%Merchant%', '%SiteName% Order Shipped!', NULL, 1, 'OrderShipped'),
  (14, 'Custom Newsletter', 'Here\'s an example of a custom newsletter. Inform your customers of what is going on at %SiteName%!<br />\r\n<br />\r\n%Merchant%', '%SiteName% Newsletter', NULL, 0, 'Newsletter'),
  (15, 'Gift Certificate Purchase', '<p>Thanks for your purchase of a gift certificate from %SiteName%! Just enter the code when you are checking out to receive credits towards your purchase.</p>\r\n<p>%Mergecontent%</p>', '%SiteName% Gift Certificate Purchase', NULL, 1, 'GiftCertPurchase'),
  (16, 'New Affiliate Admin Notification', 'A new affiliate has registered on %SiteName%:\r\n<br><br>%MergeContent%', 'New Affiliate Registration on', NULL, 1, 'NewAffiliateNotice');

INSERT INTO `Memberships`(`Membership_ID`, `User_ID`, `Order_ID`, `Product_ID`, `Membership_Type`, `AccessKey_ID`, `Start`, `Time_Count`, `Access_Count`, `Expire`, `Valid`, `Date_Ordered`, `Access_Used`, `Recur`, `Recur_Product_ID`, `Suspend_Begin_Date`, `Next_Membership_ID`)
VALUES (1, 1, 114, 7, 'membership', '2', '2003-10-10 00:00:00', 7, 0, '2003-10-17 00:00:00', 1, '2003-08-31 00:00:00', 0, 0, NULL, NULL, NULL),
  (2, 1, 0, 7, 'promo', '2', '2003-08-28 00:00:00', 0, 0, '2003-10-09 00:00:00', 1, '2003-08-27 00:00:00', 0, 0, NULL, NULL, NULL),
  (10, 1, NULL, 12, 'download', '1', '2003-12-01 00:00:00', 5, 3, '2003-12-06 00:00:00', 1, '2003-12-01 00:00:00', 1, 0, NULL, NULL, NULL),
  (11, 1, 13, 12, 'download', '0', '2003-12-07 00:00:00', 2, 5, '2007-12-31 00:00:00', 1, '2004-01-08 00:00:00', 2, 0, 0, NULL, NULL),
  (14, 1, 24, 12, 'download', '0', '2003-12-10 00:00:00', 2, 5, '2003-12-12 00:00:00', 0, '2004-01-11 00:00:00', 0, 0, 0, NULL, NULL),
  (15, 1, 44, 7, 'membership', '2', '2003-10-18 00:00:00', 7, 0, '2003-10-25 00:00:00', 0, '2004-01-25 00:00:00', 0, 0, 0, NULL, NULL),
  (16, 1, 54, 12, 'download', '0', '2003-12-13 00:00:00', 0, 5, '2003-12-13 00:00:00', 1, '2004-02-06 00:00:00', 0, 0, NULL, NULL, NULL),
  (17, 1, 55, 12, 'download', '0', '2004-02-06 00:00:00', 0, 5, '2004-03-06 00:00:00', 1, '2004-02-06 00:00:00', 5, 0, NULL, NULL, NULL),
  (18, 1, 56, 11, 'membership', '2', '2004-05-09 00:00:00', 60, 0, '2004-07-08 00:00:00', 0, '2004-02-07 00:00:00', 0, 0, NULL, NULL, NULL),
  (21, 1, NULL, 12, 'promo', '0', '2004-02-07 00:00:00', NULL, 5, '2004-02-28 00:00:00', 1, '2004-02-07 00:00:00', 2, 0, NULL, NULL, NULL),
  (22, 1, NULL, NULL, 'promo', '2', '2004-02-01 00:00:00', 29, NULL, '2004-02-29 00:00:00', 1, '2004-02-07 00:00:00', 0, 0, NULL, NULL, NULL),
  (25, 1, 72, 12, 'download', '0', '2004-08-23 00:00:00', 30, 5, '2004-09-22 00:00:00', 0, '2004-08-23 00:00:00', 0, 0, NULL, NULL, NULL),
  (26, 1, 78, 11, 'membership', '2', '2005-12-20 00:00:00', 60, 0, '2006-02-18 00:00:00', 0, '2005-12-20 00:00:00', 0, 0, NULL, NULL, NULL),
  (27, 21, 84, 283, 'download', '0', '2006-08-11 00:00:00', 20, 3, '2006-08-19 00:00:00', 1, '2006-08-11 00:00:00', 2, 0, NULL, NULL, NULL),
  (28, 1, 85, 7, 'membership', '2', '2006-08-14 00:00:00', 7, 0, NULL, 1, '2006-08-14 00:00:00', 0, 0, NULL, NULL, NULL),
  (29, 1, 85, 12, 'download', '0', '2006-08-14 00:00:00', 30, 5, '2006-09-13 00:00:00', 0, '2006-08-14 00:00:00', 0, 0, NULL, NULL, NULL),
  (30, 1, 88, 7, 'membership', '2', '2006-09-21 00:00:00', 7, 0, '2006-09-28 00:00:00', 1, '2006-09-21 00:00:00', 0, 0, NULL, NULL, NULL),
  (31, 1, NULL, 283, 'download', '0', '2006-12-21 00:00:00', 365, 5, '2007-12-31 00:00:00', 1, '2006-12-21 00:00:00', 5, 0, 0, NULL, NULL),
  (32, 21, 117, 299, 'membership', '2', '2007-02-15 20:52:42', 3, 0, '2007-02-18 20:52:42', 1, '2007-02-15 20:52:42', 0, 1, 11, NULL, 0),
  (33, 1, 119, 299, 'membership', '2', '2007-02-26 00:00:00', 3, 0, '2007-03-01 00:00:00', 1, '2007-02-26 13:01:25', 0, 0, 11, NULL, 0),
  (34, 1, 125, 11, 'membership', '2', '2007-03-02 00:00:00', 60, 0, '2007-05-01 00:00:00', 0, '2007-02-26 17:43:20', 0, 1, 0, NULL, 0);

INSERT INTO `Order_Items`(`Order_No`, `Item_ID`, `Product_ID`, `Options`, `Addons`, `AddonMultP`, `AddonNonMultP`, `Price`, `Quantity`, `OptPrice`, `SKU`, `OptQuant`, `OptChoice`, `OptionID_List`, `ChoiceID_List`, `DiscAmount`, `Disc_Code`, `PromoAmount`, `PromoQuant`, `Promo_Code`, `Name`, `Dropship_Account_ID`, `Dropship_Qty`, `Dropship_SKU`, `Dropship_Cost`, `Dropship_Note`)
VALUES (92, 1, 9, '', '', 0.0, 0.0, 12.0, 2, 0.0, '5366', 0, 0, NULL, NULL, 1.2, '', 0.0, 0, '', 'CFWebstore Cup', 5, 2, '', 0.0, NULL),
  (108, 1, 295, 'Choose One::$30 Gift Certificate', '', 0.0, 0.0, 30.0, 2, 0.0, NULL, 0, 0, NULL, NULL, 0.0, '', 0.0, 0, '', 'CFWebstore Gift Certificate', NULL, 0, '', 0.0, NULL),
  (112, 1, 280, NULL, NULL, 0.0, 0.0, 10.0, 1, 0.0, NULL, 0, 0, NULL, NULL, 0.0, '', 0.0, 0, '', 'FedEx Test Product', NULL, 0, '', 0.0, ''),
  (118, 1, 278, 'size:Small, Color:Blue', NULL, 0.0, 0.0, 79.95, 1, 0.0, '890546-000042', 0, 0, NULL, NULL, 8.0, '', 0.0, 0, '', 'Copy of Four Product Kit', 2, 1, 'A12345', 0.0, NULL),
  (123, 1, 11, NULL, NULL, 0.0, 0.0, 40.0, 1, 0.0, NULL, 0, 0, NULL, NULL, 0.0, NULL, 0.0, 0, NULL, '60 Day Membership', NULL, 0, NULL, 0.0, NULL),
  (124, 1, 11, NULL, NULL, 0.0, 0.0, 40.0, 1, 0.0, NULL, 0, 0, NULL, NULL, 0.0, NULL, 0.0, 0, NULL, '60 Day Membership', NULL, 0, NULL, 0.0, NULL),
  (125, 1, 11, NULL, NULL, 0.0, 0.0, 40.0, 1, 0.0, NULL, 0, 0, NULL, NULL, 0.0, NULL, 0.0, 0, NULL, '60 Day Membership', NULL, 0, NULL, 0.0, NULL),
  (112, 2, 4, 'size:Medium', '', 0.0, 0.0, 75.95, 1, 4.0, '890546-000042', 0, 0, NULL, NULL, 8.0, '', 0.0, 0, '', 'Four Product Kit', 2, 1, 'A12345', 70.0, ''),
  (118, 2, 278, 'size:Small, Color:Yellow', NULL, 0.0, 0.0, 79.95, 1, 0.0, '890546-000042', 0, 0, NULL, NULL, 8.0, '', 0.0, 0, '', 'Copy of Four Product Kit', 2, 1, 'A12345', 0.0, NULL),
  (112, 3, 8, 'Color:Yellow, Color:Yellow, Size:Medium', NULL, 0.0, 0.0, 18.95, 1, 2.0, 'etttyyt6', 18, 4, NULL, NULL, 0.0, NULL, 0.0, 0, NULL, 'Baseball Jersey', NULL, 0, NULL, 0.0, NULL),
  (118, 3, 275, NULL, NULL, 0.0, 0.0, 227.25, 1, 0.0, 'CDXM800', 0, 0, NULL, NULL, 0.0, '', 0.0, 0, '', 'CDX-M800 CD Receiver', 5, 1, NULL, 80.0, NULL),
  (112, 4, 12, NULL, NULL, 0.0, 0.0, 300.0, 1, 0.0, 'cfwsfb5-01', 0, 0, NULL, NULL, 0.0, NULL, 0.0, 0, NULL, 'Software Product', NULL, 0, NULL, 0.0, NULL),
  (118, 4, 280, NULL, NULL, 0.0, 0.0, 10.0, 6, 0.0, NULL, 0, 0, NULL, NULL, 0.0, '', 20.0, 2, '', 'FedEx Test Product', NULL, 0, NULL, 0.0, NULL),
  (5, 6, 4, ' ', ' ', 0.0, 0.0, 79.95, 1, 0.0, '890546-000042', 0, 0, NULL, NULL, 0.1, NULL, 0.0, NULL, NULL, 'Four Product Kit', 2, 1, '123456', 10.0, 'note'),
  (6, 7, 4, ' ', ' ', 0.0, 0.0, 79.95, 1, 0.0, '890546-000042', 0, 0, NULL, NULL, 0.1, NULL, 0.0, NULL, NULL, 'Four Product Kit', NULL, 0, NULL, NULL, NULL),
  (7, 8, 4, ' ', ' ', 0.0, 0.0, 79.95, 1, 0.0, '890546-000042', 0, 0, NULL, NULL, 0.1, NULL, 0.0, NULL, NULL, 'Four Product Kit', NULL, 0, NULL, NULL, NULL),
  (11, 12, 9, ' ', ' ', 0.0, 0.0, 12.0, 1, 0.0, '5366', 0, 0, NULL, NULL, 0.05, NULL, 0.0, NULL, NULL, 'CFWebstore Cup', NULL, 0, '', 0.0, ''),
  (11, 13, 280, NULL, NULL, 0.0, 0.0, 10.0, 1, 0.0, NULL, 0, 0, NULL, NULL, 0.0, NULL, 0.0, 0, NULL, 'FedEx Test Product', NULL, 0, NULL, 0.0, NULL),
  (12, 13, 4, 'size-Extra Large', ' ', 0.0, 0.0, 79.95, 1, 0.0, '890546-000041', 0, 0, NULL, NULL, 7.995, NULL, 0.0, NULL, NULL, 'Four Product Kit', NULL, 0, NULL, NULL, NULL),
  (12, 14, 4, 'size-2X Large: +$3.00', ' ', 0.0, 0.0, 82.95, 1, 0.0, '890546-000042', 0, 0, NULL, NULL, 8.295, NULL, 0.0, NULL, NULL, 'Four Product Kit', NULL, 0, NULL, NULL, NULL),
  (13, 15, 12, ' ', ' ', 0.0, 0.0, 300.0, 1, 0.0, 'cfwsfb5-01', 0, 0, NULL, NULL, 15.0, NULL, 0.0, NULL, NULL, 'Software Product', 5, 0, 'sdfsf', 200.0, ''),
  (14, 16, 11, ' ', ' ', 0.0, 0.0, 50.0, 1, 0.0, '0', 0, 0, NULL, NULL, 2.5, NULL, 0.0, NULL, NULL, '60 Day Membership', NULL, 0, '', 0.0, ''),
  (15, 17, 4, 'size-2X Large: +$3.00', ' ', 0.0, 0.0, 82.95, 1, 0.0, '890546-000042', 0, 0, NULL, NULL, 8.295, NULL, 0.0, NULL, NULL, 'Four Product Kit', NULL, 0, '', 0.0, ''),
  (15, 18, 13, 'Yellow', ' ', 0.0, 0.0, 44.95, 1, 0.0, '890546-000066', 0, 0, NULL, NULL, 2.2475, NULL, 0.0, NULL, NULL, 'Pump Cap Bottle', NULL, 0, '', 0.0, ''),
  (16, 19, 4, 'size-Extra Large', ' ', 0.0, 0.0, 79.95, 3, 0.0, '890546-000042', 0, 0, NULL, NULL, 7.995, NULL, 0.0, NULL, NULL, 'Four Product Kit', 2, 2, '', 55.0, ''),
  (16, 20, 4, 'size-2X Large: +$3.00', ' ', 0.0, 0.0, 82.95, 4, 0.0, '890546-000042', 0, 0, NULL, NULL, 8.295, NULL, 0.0, NULL, NULL, 'Four Product Kit', NULL, 0, '', 0.0, ''),
  (16, 21, 8, 'size-Extra Large', ' ', 0.0, 0.0, 18.95, 1, 0.0, '20030902', 0, 0, NULL, NULL, 0.9475, NULL, 0.0, NULL, NULL, 'Baseball Jersey', NULL, 0, '', 0.0, ''),
  (16, 22, 8, 'size-2X Large: +$3.00', ' ', 0.0, 0.0, 21.95, 1, 0.0, '20030902', 0, 0, NULL, NULL, 1.0975, NULL, 0.0, NULL, NULL, 'Baseball Jersey', NULL, 0, '', 0.0, ''),
  (16, 23, 9, ' ', 'plus pencils: yes<br>', 1.0, 0.0, 12.0, 1, 0.0, '5366', 0, 0, NULL, NULL, 0.6, NULL, 0.0, NULL, NULL, 'CFWebstore Cup', NULL, 0, '', 0.0, ''),
  (16, 24, 9, ' ', ' ', 0.0, 0.0, 12.0, 1, 0.0, '5366', 0, 0, NULL, NULL, 0.6, NULL, 0.0, NULL, NULL, 'CFWebstore Cup', NULL, 0, '', 0.0, ''),
  (16, 25, 13, 'Yellow', ' ', 0.0, 0.0, 44.95, 1, 0.0, '890546-000066', 0, 0, NULL, NULL, 2.2475, NULL, 0.0, NULL, NULL, 'Pump Cap Bottle', 5, 1, '123', 10.0, 'send now'),
  (17, 26, 9, ' ', 'plus pencils: yes<br>', 1.0, 0.0, 12.0, 1, 0.0, '5366', 0, 0, NULL, NULL, 0.6, NULL, 0.0, NULL, NULL, 'CFWebstore Cup', NULL, 0, '5366', 5.0, ''),
  (17, 27, 9, ' ', 'not multiply + $2: yes<br>plus pencils: yes<br>', 1.0, 2.0, 12.0, 3, 0.0, '5366', 0, 0, NULL, NULL, 0.6, NULL, 0.0, NULL, NULL, 'CFWebstore Cup', 2, 2, '5366', 9.0, 'ship overnight'),
  (17, 28, 9, ' ', ' ', 0.0, 0.0, 12.0, 1, 0.0, '5366', 0, 0, NULL, NULL, 0.6, NULL, 0.0, NULL, NULL, 'CFWebstore Cup', NULL, 0, '', 0.0, ''),
  (18, 29, 11, ' ', ' ', 0.0, 0.0, 50.0, 1, 0.0, '0', 0, 0, NULL, NULL, 2.5, NULL, 0.0, NULL, NULL, '60 Day Membership', 0, 0, NULL, 0.0, NULL),
  (19, 30, 4, 'size-Extra Large', ' ', 0.0, 0.0, 79.95, 1, 0.0, '890546-000042', 0, 0, NULL, NULL, 7.995, NULL, 0.0, NULL, NULL, 'Four Product Kit', 2, 1, '', 15.0, ''),
  (20, 31, 9, ' ', ' ', 0.0, 0.0, 12.0, 1, 0.0, '5366', 0, 0, NULL, NULL, 0.6, NULL, 0.0, NULL, NULL, 'CFWebstore Cup', NULL, 0, '', 0.0, ''),
  (21, 32, 9, ' ', 'plus pencils: yes<br>', 1.0, 0.0, 12.0, 1, 0.0, '5366', 0, 0, NULL, NULL, 0.6, NULL, 0.0, NULL, NULL, 'CFWebstore Cup', 0, 0, NULL, 0.0, NULL),
  (22, 33, 9, ' ', 'not multiply + $2: yes<br>', 0.0, 2.0, 12.0, 1, 0.0, '5366', 0, 0, NULL, NULL, 0.6, NULL, 0.0, NULL, NULL, 'CFWebstore Cup', 2, 1, '2341234123', 12.0, ''),
  (23, 34, 9, ' ', 'not multiply + $2: yes<br>', 0.0, 2.0, 12.0, 1, 0.0, '5366', 0, 0, NULL, NULL, 0.6, NULL, 0.0, NULL, NULL, 'CFWebstore Cup', 0, 0, NULL, 0.0, NULL),
  (24, 35, 12, ' ', ' ', 0.0, 0.0, 300.0, 1, 0.0, 'cfwsfb5-01', 0, 0, NULL, NULL, 15.0, NULL, 0.0, NULL, NULL, 'Software Product', 2, 1, 'asdf', 50.0, ''),
  (25, 36, 8, 'size-Large', ' ', 0.0, 0.0, 18.95, 1, 0.0, '20030902', 0, 0, NULL, NULL, 0.9475, NULL, 0.0, NULL, NULL, 'Baseball Jersey', 0, 0, NULL, 0.0, NULL),
  (26, 37, 4, 'size-Medium', ' ', 0.0, 0.0, 79.95, 1, 0.0, '890546-000042', 0, 0, NULL, NULL, 7.995, NULL, 0.0, NULL, NULL, 'Four Product Kit', 2, 1, '', 0.0, ''),
  (27, 38, 4, 'size-Medium', ' ', 0.0, 0.0, 79.95, 1, 0.0, '890546-000042', 0, 0, NULL, NULL, 7.995, NULL, 0.0, NULL, NULL, 'Four Product Kit', NULL, 0, '', 0.0, ''),
  (27, 39, 9, ' ', 'not multiply + $2: yes<br>', 0.0, 2.0, 12.0, 1, 0.0, '5366', 0, 0, NULL, NULL, 0.6, NULL, 0.0, NULL, NULL, 'CFWebstore Cup', NULL, 0, '', 0.0, ''),
  (28, 40, 4, ' ', ' ', 0.0, 0.0, 79.95, 1, 0.0, '890546-000042', 0, 0, NULL, NULL, 7.995, NULL, 0.0, NULL, NULL, 'Four Product Kit', 0, 0, NULL, 0.0, NULL),
  (28, 41, 13, 'Green', ' ', 0.0, 0.0, 44.95, 1, 0.0, '890546-000066', 0, 0, NULL, NULL, 2.2475, NULL, 0.0, NULL, NULL, 'Pump Cap Bottle', 0, 0, NULL, 0.0, NULL),
  (29, 42, 4, 'size-Large', ' ', 0.0, 0.0, 79.95, 1, 0.0, '890546-000042', 0, 0, NULL, NULL, 7.995, NULL, 0.0, NULL, NULL, 'Four Product Kit', 0, 0, NULL, 0.0, NULL),
  (30, 43, 4, 'size-Small', ' ', 0.0, 0.0, 79.95, 1, 0.0, '890546-000042', 0, 0, NULL, NULL, 7.995, NULL, 0.0, NULL, NULL, 'Four Product Kit', 0, 0, NULL, 0.0, NULL),
  (31, 44, 4, 'size-Small', ' ', 0.0, 0.0, 79.95, 1, 0.0, '890546-000042', 0, 0, NULL, NULL, 7.995, NULL, 0.0, NULL, NULL, 'Four Product Kit', NULL, 0, NULL, 0.0, NULL),
  (31, 45, 8, 'size-Large', ' ', 0.0, 0.0, 18.95, 1, 0.0, '20030902', 0, 0, NULL, NULL, 0.9475, NULL, 0.0, NULL, NULL, 'Baseball Jersey', NULL, 0, NULL, 0.0, NULL),
  (32, 46, 4, 'size-Medium', ' ', 0.0, 0.0, 79.95, 1, 0.0, '890546-000042', 0, 0, NULL, NULL, 7.995, NULL, 0.0, NULL, NULL, 'Four Product Kit', NULL, 0, NULL, 0.0, NULL),
  (32, 47, 8, 'size-Medium', ' ', 0.0, 0.0, 18.95, 1, 0.0, '20030902', 0, 0, NULL, NULL, 0.9475, NULL, 0.0, NULL, NULL, 'Baseball Jersey', NULL, 0, NULL, 0.0, NULL),
  (33, 48, 4, 'size-Large', ' ', 0.0, 0.0, 79.95, 1, 0.0, '890546-000042', 0, 0, NULL, NULL, 7.995, NULL, 0.0, NULL, NULL, 'Four Product Kit', NULL, 0, NULL, 0.0, NULL),
  (33, 49, 8, 'size-Large', ' ', 0.0, 0.0, 18.95, 1, 0.0, '20030902', 0, 0, NULL, NULL, 0.9475, NULL, 0.0, NULL, NULL, 'Baseball Jersey', NULL, 0, NULL, 0.0, NULL),
  (33, 50, 9, ' ', ' ', 0.0, 0.0, 12.0, 1, 0.0, '5366', 0, 0, NULL, NULL, 0.6, NULL, 0.0, NULL, NULL, 'CFWebstore Cup', 5, 1, NULL, 0.0, NULL),
  (34, 51, 275, ' ', ' ', 0.0, 0.0, 227.25, 1, 0.0, 'CDXM800', 0, 0, NULL, NULL, 11.3625, NULL, 0.0, NULL, NULL, 'CDX-M800 CD Receiver', 5, 1, NULL, 80.0, NULL),
  (35, 52, 4, 'size-Small', ' ', 0.0, 0.0, 79.95, 1, 0.0, '890546-000042', 0, 0, NULL, NULL, 7.995, NULL, 0.0, NULL, NULL, 'Four Product Kit', 2, 1, NULL, 0.0, NULL),
  (36, 53, 275, ' ', ' ', 0.0, 0.0, 227.25, 1, 0.0, 'CDXM800', 0, 0, NULL, NULL, 11.3625, NULL, 0.0, NULL, NULL, 'CDX-M800 CD Receiver', 5, 1, NULL, 80.0, NULL),
  (36, 54, 8, 'size-Medium', ' ', 0.0, 0.0, 18.95, 1, 0.0, '20030902', 0, 0, NULL, NULL, 0.9475, NULL, 0.0, NULL, NULL, 'Baseball Jersey', NULL, 0, NULL, 0.0, NULL),
  (37, 55, 8, 'size-Small', ' ', 0.0, 0.0, 18.95, 1, 0.0, '20030902', 0, 0, NULL, NULL, 0.9475, NULL, 0.0, NULL, NULL, 'Baseball Jersey', 2, 1, 'asdf', 12.0, ''),
  (37, 56, 275, ' ', ' ', 0.0, 0.0, 227.25, 1, 0.0, 'CDXM800', 0, 0, NULL, NULL, 11.3625, NULL, 0.0, NULL, NULL, 'CDX-M800 CD Receiver', 5, 1, '', 80.0, ''),
  (38, 57, 4, 'size-Large', ' ', 0.0, 0.0, 79.95, 2, 0.0, '890546-000042', 0, 0, NULL, NULL, 7.995, NULL, 0.0, NULL, NULL, 'Four Product Kit', 2, 2, NULL, 0.0, NULL),
  (38, 58, 9, ' ', 'Monogram: uouoiu<br>', 0.0, 0.0, 12.0, 1, 0.0, '5366', 0, 0, NULL, NULL, 0.6, NULL, 0.0, NULL, NULL, 'CFWebstore Cup', 5, 1, NULL, 0.0, NULL),
  (38, 59, 8, 'size-Medium', ' ', 0.0, 0.0, 18.95, 1, 0.0, '20030902', 0, 0, NULL, NULL, 0.9475, NULL, 0.0, NULL, NULL, 'Baseball Jersey', NULL, 0, NULL, 0.0, NULL),
  (38, 60, 4, 'size-Small', ' ', 0.0, 0.0, 79.95, 1, 0.0, '890546-000042', 0, 0, NULL, NULL, 7.995, NULL, 0.0, NULL, NULL, 'Four Product Kit', 2, 1, NULL, 0.0, NULL),
  (39, 61, 275, ' ', ' ', 0.0, 0.0, 227.25, 1, 0.0, 'CDXM800', 0, 0, NULL, NULL, 11.3625, NULL, 0.0, NULL, NULL, 'CDX-M800 CD Receiver', 5, 1, NULL, 80.0, NULL),
  (40, 62, 4, 'size-Medium', ' ', 0.0, 0.0, 79.95, 1, 0.0, '890546-000042', 0, 0, NULL, NULL, 7.995, NULL, 0.0, NULL, NULL, 'Four Product Kit', 2, 1, NULL, 0.0, NULL),
  (41, 63, 4, 'size-Medium', ' ', 0.0, 0.0, 79.95, 1, 0.0, '890546-000042', 0, 0, NULL, NULL, 7.995, NULL, 0.0, NULL, NULL, 'Four Product Kit', 2, 1, NULL, 0.0, NULL),
  (41, 64, 275, ' ', ' ', 0.0, 0.0, 227.25, 1, 0.0, 'CDXM800', 0, 0, NULL, NULL, 11.3625, NULL, 0.0, NULL, NULL, 'CDX-M800 CD Receiver', 5, 1, NULL, 80.0, NULL),
  (42, 65, 275, ' ', ' ', 0.0, 0.0, 227.25, 1, 0.0, 'CDXM800', 0, 0, NULL, NULL, 11.3625, NULL, 0.0, NULL, NULL, 'CDX-M800 CD Receiver', 5, 1, NULL, 80.0, NULL),
  (43, 66, 4, 'size-Large', ' ', 0.0, 0.0, 79.95, 1, 0.0, '890546-000042', 0, 0, NULL, NULL, 0.1, NULL, 0.0, NULL, NULL, 'Four Product Kit', 2, 1, NULL, 0.0, NULL),
  (43, 67, 9, ' ', 'Monogram: CFWebstore<br>', 0.0, 0.0, 12.0, 1, 0.0, '5366', 0, 0, NULL, NULL, 0.05, NULL, 0.0, NULL, NULL, 'CFWebstore Cup', 5, 1, NULL, 0.0, NULL),
  (44, 68, 7, ' ', ' ', 0.0, 0.0, 10.0, 1, 0.0, '0', 0, 0, NULL, NULL, 0.05, NULL, 0.0, NULL, NULL, '7 Day Membership', NULL, 0, NULL, 0.0, NULL),
  (44, 69, 9, ' ', 'Monogram: CFWebstore<br>', 0.0, 0.0, 12.0, 1, 0.0, '5366', 0, 0, NULL, NULL, 0.05, NULL, 0.0, NULL, NULL, 'CFWebstore Cup', 5, 1, NULL, 0.0, NULL),
  (45, 70, 4, 'size-Medium', ' ', 0.0, 0.0, 79.95, 1, 0.0, '890546-000042', 0, 0, NULL, NULL, 0.1, NULL, 0.0, NULL, NULL, 'Four Product Kit', 2, 1, NULL, 0.0, NULL),
  (45, 71, 9, ' ', 'Monogram: CFWebstore<br>', 0.0, 0.0, 12.0, 1, 0.0, '5366', 0, 0, NULL, NULL, 0.05, NULL, 0.0, NULL, NULL, 'CFWebstore Cup', 5, 1, NULL, 0.0, NULL),
  (46, 72, 4, 'size-Small', ' ', 0.0, 0.0, 79.95, 1, 0.0, '890546-000042', 0, 0, NULL, NULL, 7.995, NULL, 0.0, NULL, NULL, 'Four Product Kit', 2, 1, NULL, 0.0, NULL),
  (46, 73, 275, ' ', ' ', 0.0, 0.0, 227.25, 1, 0.0, 'CDXM800', 0, 0, NULL, NULL, 11.3625, NULL, 0.0, NULL, NULL, 'CDX-M800 CD Receiver', 5, 1, NULL, 80.0, NULL),
  (49, 75, 4, 'size-Medium', ' ', 0.0, 0.0, 79.95, 1, 0.0, '890546-000042', 0, 0, NULL, NULL, 0.1, NULL, 0.0, NULL, NULL, 'Four Product Kit', 2, 1, 'A12345', 0.0, NULL),
  (50, 76, 9, ' ', ' ', 0.0, 0.0, 12.0, 1, 0.0, '5366', 0, 0, NULL, NULL, 0.6, NULL, 0.0, NULL, NULL, 'CFWebstore Cup', 5, 1, '', 0.0, NULL),
  (50, 77, 13, 'Green', ' ', 0.0, 0.0, 44.95, 1, 0.0, '890546-000066', 0, 0, NULL, NULL, 2.25, NULL, 0.0, NULL, NULL, 'Pump Cap Bottle', NULL, 0, '', 0.0, NULL),
  (51, 78, 4, 'size-Medium', ' ', 0.0, 0.0, 79.95, 1, 0.0, '890546-000042', 0, 0, NULL, NULL, 8.0, NULL, 0.0, NULL, NULL, 'Four Product Kit', 2, 1, 'A12345', 0.0, NULL),
  (52, 79, 4, 'size-Large', ' ', 0.0, 0.0, 79.95, 1, 0.0, '890546-000042', 0, 0, NULL, NULL, 8.0, NULL, 0.0, NULL, NULL, 'Four Product Kit', 2, 1, 'A12345', 0.0, NULL),
  (53, 80, 8, 'size-Medium,Color-White/Green', ' ', 0.0, 0.0, 18.95, 1, 0.0, '20030902', 0, 0, NULL, NULL, 0.05, NULL, 0.0, NULL, NULL, 'Baseball Jersey', NULL, 0, '', 0.0, NULL),
  (54, 81, 12, ' ', ' ', 0.0, 0.0, 300.0, 1, 0.0, 'cfwsfb5-01', 0, 0, NULL, NULL, 15.0, NULL, 0.0, NULL, NULL, 'Software Product', NULL, 0, '', 0.0, NULL),
  (54, 82, 275, ' ', ' ', 0.0, 0.0, 227.25, 1, 0.0, 'CDXM800', 0, 0, NULL, NULL, 11.36, NULL, 0.0, NULL, NULL, 'CDX-M800 CD Receiver', 5, 1, '', 80.0, NULL),
  (55, 83, 12, ' ', ' ', 0.0, 0.0, 300.0, 1, 0.0, 'cfwsfb5-01', 0, 0, NULL, NULL, 15.0, NULL, 0.0, NULL, NULL, 'Software Product', NULL, 0, '', 0.0, NULL),
  (56, 84, 11, ' ', ' ', 0.0, 0.0, 50.0, 1, 0.0, '0', 0, 0, NULL, NULL, 0.05, NULL, 0.0, NULL, NULL, '60 Day Membership', 2, 1, '', 40.0, ''),
  (57, 85, 7, ' ', ' ', 0.0, 0.0, 10.0, 1, 0.0, '0', 0, 0, NULL, NULL, 0.5, NULL, 0.0, NULL, NULL, '7 Day Membership', NULL, 0, '', 0.0, NULL),
  (58, 86, 8, 'size-Small,Color-Blue/Tan', ' ', 0.0, 0.0, 18.95, 1, 0.0, '20030902', 0, 0, NULL, NULL, 0.05, NULL, 0.0, NULL, NULL, 'Baseball Jersey', NULL, 0, '', 0.0, NULL),
  (59, 87, 4, 'size-Large', ' ', 0.0, 0.0, 79.95, 1, 0.0, '890546-000042', 0, 0, NULL, NULL, 8.0, NULL, 0.0, NULL, NULL, 'Four Product Kit', 2, 1, 'A12345', 0.0, ''),
  (67, 95, 8, 'size-Medium,Color-White/Green,size-Small', ' ', 0.0, 0.0, 18.95, 1, 0.0, '20030902', 18, 1, NULL, NULL, 0.95, NULL, 0.0, NULL, NULL, 'Baseball Jersey', NULL, 0, '', 0.0, NULL),
  (67, 96, 9, ' ', ' ', 0.0, 0.0, 12.0, 10, 0.0, '5366', 0, 0, NULL, NULL, 0.6, NULL, 0.0, NULL, NULL, 'CFWebstore Cup', 5, 10, '', 0.0, NULL),
  (68, 97, 9, ' ', ' ', 0.0, 0.0, 12.0, 1, 0.0, '5366', 0, 0, NULL, NULL, 1.2, NULL, 0.0, NULL, NULL, 'CFWebstore Cup', 5, 1, '', 0.0, NULL),
  (69, 98, 4, 'size-Medium,green', ' ', 0.0, 0.0, 79.95, 1, 0.0, '890546-000042', 0, 0, NULL, NULL, 0.1, NULL, 0.0, NULL, NULL, 'Four Product Kit', 2, 1, 'A12345', 0.0, NULL),
  (70, 99, 4, 'size-Extra Large,red', ' ', 0.0, 0.0, 79.95, 1, 0.0, '890546-000042', 0, 0, NULL, NULL, 8.0, NULL, 0.0, NULL, NULL, 'Four Product Kit', 2, 1, 'A12345', 0.0, NULL),
  (70, 100, 4, 'size-Medium,blue', ' ', 0.0, 0.0, 79.95, 1, 0.0, '890546-000042', 0, 0, NULL, NULL, 8.0, NULL, 0.0, NULL, NULL, 'Four Product Kit', 2, 1, 'A12345', 0.0, NULL),
  (70, 101, 9, ' ', ' ', 0.0, 0.0, 12.0, 1, 0.0, '5366', 0, 0, NULL, NULL, 1.2, NULL, 0.0, NULL, NULL, 'CFWebstore Cup', 5, 1, '', 0.0, NULL),
  (70, 102, 8, 'size-Medium,Color-Red/Black,size-Medium', ' ', 0.0, 0.0, 18.95, 1, 0.0, '20030902', 18, 2, NULL, NULL, 1.9, NULL, 0.0, NULL, NULL, 'Baseball Jersey', NULL, 0, '', 0.0, NULL),
  (71, 103, 4, 'size-Small,green', ' ', 0.0, 0.0, 79.95, 1, 0.0, '890546-000042', 0, 0, NULL, NULL, 8.0, NULL, 0.0, NULL, NULL, 'Four Product Kit', 2, 1, 'A12345', 0.0, NULL),
  (71, 104, 9, ' ', ' ', 0.0, 0.0, 12.0, 1, 0.0, '5366', 0, 0, NULL, NULL, 1.2, NULL, 0.0, NULL, NULL, 'CFWebstore Cup', 5, 1, '', 0.0, NULL),
  (72, 105, 13, 'Green', ' ', 0.0, 0.0, 44.95, 1, 0.0, '890546-000066', 0, 0, NULL, NULL, 0.0, NULL, 0.0, NULL, NULL, 'Pump Cap Bottle', NULL, 0, '', 0.0, NULL),
  (72, 106, 12, ' ', ' ', 0.0, 0.0, 300.0, 1, 0.0, 'cfwsfb5-01', 0, 0, NULL, NULL, 5.0, NULL, 0.0, NULL, NULL, 'Software Product', NULL, 0, '', 0.0, NULL),
  (73, 107, 9, ' ', ' ', 0.0, 0.0, 12.0, 1, 0.0, '5366', 0, 0, NULL, NULL, 1.2, NULL, 0.0, NULL, NULL, 'CFWebstore Cup', 5, 1, '', 0.0, NULL),
  (73, 108, 8, 'size-Small,Color-Red/Black,size-Large', ' ', 0.0, 0.0, 18.95, 1, 0.0, '20030902', 18, 3, NULL, NULL, 1.9, NULL, 0.0, NULL, NULL, 'Baseball Jersey', NULL, 0, '', 0.0, NULL),
  (74, 109, 9, ' ', ' ', 0.0, 0.0, 12.0, 1, 0.0, '5366', 0, 0, NULL, NULL, 1.2, NULL, 0.0, NULL, NULL, 'CFWebstore Cup', 5, 1, '', 0.0, NULL),
  (75, 110, 8, 'size-Small,Color-Red/Black,size-Small', ' ', 0.0, 0.0, 18.95, 1, 0.0, '20030902', 18, 1, NULL, NULL, 1.9, NULL, 0.0, NULL, NULL, 'Baseball Jersey', NULL, 0, '', 0.0, NULL),
  (77, 111, 9, ' ', ' ', 0.0, 0.0, 12.0, 1, 0.0, '5366', 0, 0, NULL, NULL, 1.2, NULL, 0.0, NULL, NULL, 'CFWebstore Cup', 5, 1, '', 0.0, NULL),
  (77, 112, 4, 'size-Large,green', ' ', 0.0, 0.0, 79.95, 1, 0.0, '890546-000042', 0, 0, NULL, NULL, 8.0, NULL, 0.0, NULL, NULL, 'Four Product Kit', 2, 1, 'A12345', 0.0, NULL),
  (78, 113, 4, 'size-Small,green', ' ', 0.0, 0.0, 79.95, 2, 0.0, '890546-000042', 0, 0, NULL, NULL, 8.0, NULL, 0.0, NULL, NULL, 'Four Product Kit', 2, 2, 'A12345', 0.0, NULL),
  (78, 114, 11, ' ', NULL, 0.0, 0.0, 50.0, 2, 0.0, '0', 0, 0, NULL, NULL, 2.5, NULL, 0.0, NULL, NULL, '60 Day Membership', NULL, 0, '', 0.0, NULL),
  (79, 115, 8, 'size-Medium,Color-Red/Black,size-Medium', ' ', 0.0, 0.0, 18.95, 1, 0.0, '20030902', 18, 2, NULL, NULL, 1.9, NULL, 0.0, NULL, NULL, 'Baseball Jersey', NULL, 0, '', 0.0, NULL),
  (80, 116, 2811, ' ', 'Additional pounds: 21<br>', 0.0, 0.0, 10.0, 2, 0.0, '0', 0, 0, NULL, NULL, 0.5, NULL, 0.0, NULL, NULL, 'UPS Test Product - Oversized', NULL, 0, '', 0.0, NULL),
  (81, 117, 9, ' ', ' ', 0.0, 0.0, 12.0, 1, 0.0, '5366', 0, 0, NULL, NULL, 1.2, NULL, 0.0, NULL, NULL, 'CFWebstore Cup', 5, 1, '', 0.0, NULL),
  (81, 118, 4, 'size-Medium,green', ' ', 0.0, 0.0, 79.95, 1, 0.0, '890546-000042', 0, 0, NULL, NULL, 8.0, NULL, 0.0, NULL, NULL, 'Four Product Kit', 2, 1, 'A12345', 0.0, NULL),
  (81, 119, 8, 'size-Medium,Color-Red/Black,size-Large', ' ', 0.0, 0.0, 18.95, 2, 0.0, '20030902', 18, 3, NULL, NULL, 1.9, NULL, 0.0, NULL, NULL, 'Baseball Jersey', NULL, 0, '', 0.0, NULL),
  (82, 120, 8, 'size-Small,Color-Red/Black,size-Small', ' ', 0.0, 0.0, 18.95, 1, 0.0, '20030902', 18, 1, NULL, NULL, 1.9, NULL, 0.0, NULL, NULL, 'Baseball Jersey', NULL, 0, '', 0.0, NULL),
  (83, 121, 8, 'size-Small,Color-Red/Black,size-Medium', ' ', 0.0, 0.0, 18.95, 1, 0.0, '20030902', 18, 2, NULL, NULL, 1.9, NULL, 0.0, NULL, NULL, 'Baseball Jersey', NULL, 0, '', 0.0, NULL),
  (83, 122, 4, 'size-Medium,blue', ' ', 0.0, 0.0, 79.95, 1, 0.0, '890546-000042', 0, 0, NULL, NULL, 8.0, NULL, 0.0, NULL, NULL, 'Four Product Kit', 2, 1, 'A12345', 0.0, NULL),
  (84, 123, 283, 'Small', ' ', 0.0, 0.0, 20.0, 1, 0.0, '0', 0, 0, NULL, NULL, 2.0, NULL, 0.0, NULL, NULL, 'Copy of Editor\'s Product', NULL, 0, '', 0.0, NULL),
  (85, 124, 8, 'size-Medium,Color-Red/Black,size-Small', ' ', 0.0, 0.0, 18.95, 1, 0.0, '20030902', 18, 1, NULL, NULL, 1.9, NULL, 0.0, NULL, NULL, 'Baseball Jersey', NULL, 0, '', 0.0, NULL),
  (85, 125, 8, 'size-Medium,Color-White/Green,size-Medium', ' ', 0.0, 0.0, 18.95, 1, 0.0, '20030902', 18, 2, NULL, NULL, 1.9, NULL, 0.0, NULL, NULL, 'Baseball Jersey', NULL, 0, '', 0.0, NULL),
  (85, 126, 7, ' ', ' ', 0.0, 0.0, 10.0, 1, 0.0, '0', 0, 0, NULL, NULL, 0.5, NULL, 0.0, NULL, NULL, '7 Day Membership', NULL, 0, '', 0.0, NULL),
  (85, 127, 12, ' ', ' ', 0.0, 0.0, 300.0, 2, 0.0, 'cfwsfb5-01', 0, 0, NULL, NULL, 15.0, NULL, 0.0, NULL, NULL, 'Software Product', NULL, 0, '', 0.0, NULL),
  (86, 128, 9, '', '', 0.0, 0.0, 12.0, 1, 0.0, '5366', 0, 0, NULL, NULL, 1.2, NULL, 0.0, NULL, NULL, 'CFWebstore Cup', 5, 1, '', 0.0, NULL),
  (86, 129, 280, '', '', 0.0, 0.0, 10.0, 3, 0.0, NULL, 0, 0, NULL, NULL, 0.0, NULL, 0.0, NULL, NULL, 'FedEx Test Product', NULL, 0, '', 0.0, NULL),
  (87, 131, 280, '', '', 0.0, 0.0, 10.0, 2, 0.0, NULL, 0, 0, NULL, NULL, 0.0, NULL, 0.0, NULL, NULL, 'FedEx Test Product', NULL, 0, '', 0.0, NULL),
  (87, 132, 4, 'size:Medium, Choose One::green', '', 0.0, 0.0, 79.95, 4, 0.0, '890546-000042', 0, 0, NULL, NULL, 8.0, NULL, 0.0, NULL, NULL, 'Four Product Kit', 2, 4, 'A12345', 0.0, NULL),
  (87, 133, 9, '', 'plus pencils: yes<br>', 1.0, 0.0, 12.0, 2, 0.0, '5366', 0, 0, NULL, NULL, 1.3, NULL, 4.0, NULL, NULL, 'CFWebstore Cup', 5, 2, '', 0.0, NULL),
  (88, 134, 9, '', '', 0.0, 0.0, 12.0, 4, 0.0, '5366', 0, 0, NULL, NULL, 1.2, NULL, 43.2, 4, '235234234', 'CFWebstore Cup', 5, 4, '', 0.0, NULL),
  (88, 135, 280, '', '', 0.0, 0.0, 10.0, 3, 0.0, NULL, 0, 0, NULL, NULL, 0.0, NULL, 0.0, NULL, NULL, 'FedEx Test Product', NULL, 0, '', 0.0, NULL),
  (88, 136, 4, '', '', 0.0, 0.0, 79.95, 4, 0.0, '890546-000042', 0, 0, NULL, NULL, 8.0, '123456', 0.0, NULL, NULL, 'Four Product Kit', 2, 4, 'A12345', 0.0, NULL),
  (88, 137, 4, 'size:Small, Choose One::green', '', 0.0, 0.0, 79.95, 2, 0.0, '890546-000042', 0, 0, NULL, NULL, 8.0, '123456789', 0.0, NULL, NULL, 'Four Product Kit', 2, 2, 'A12345', 0.0, NULL),
  (88, 138, 7, '', '', 0.0, 0.0, 10.0, 1, 0.0, NULL, 0, 0, NULL, NULL, 0.0, NULL, 0.0, NULL, NULL, '7 Day Membership', NULL, 0, '', 0.0, NULL),
  (88, 139, 279, 'size:Small', 'Start Date: 09/21/2006<br>', 0.0, 0.0, 50.0, 1, 0.0, NULL, 0, 0, NULL, NULL, 0.0, NULL, 0.0, NULL, NULL, 'Site Reservation', NULL, 0, '', 0.0, NULL),
  (89, 140, 9, '', '', 0.0, 0.0, 12.0, 2, 0.0, '5366', 0, 0, NULL, NULL, 1.2, '', 10.8, 1, 'JrNfc0x38s', 'CFWebstore Cup', 5, 2, '', 0.0, NULL),
  (89, 141, 280, '', '', 0.0, 0.0, 10.0, 2, 0.0, NULL, 0, 0, NULL, NULL, 0.0, '', 0.0, 0, '', 'FedEx Test Product', NULL, 0, '', 0.0, NULL),
  (90, 142, 280, '', '', 0.0, 0.0, 10.0, 2, 0.0, NULL, 0, 0, NULL, NULL, 0.0, '', 0.0, 0, '', 'FedEx Test Product', NULL, 0, '', 0.0, NULL),
  (90, 143, 278, 'size:Medium, Choose One::green', '', 0.0, 0.0, 79.95, 1, 0.0, '890546-000042', 0, 0, NULL, NULL, 8.0, '', 0.0, 0, '', 'Copy of Four Product Kit', 2, 1, 'A12345', 0.0, NULL),
  (90, 144, 282, '', '', 0.0, 0.0, 20.0, 1, 0.0, NULL, 0, 0, NULL, NULL, 2.0, '', 0.0, 0, '', 'Editor\'s Product', NULL, 0, '', 0.0, NULL),
  (91, 145, 280, NULL, 'Additional pounds: 1<br>', 0.0, 0.0, 10.0, 120, 0.0, NULL, 0, 0, NULL, NULL, 0.0, '', 0.0, 0, '', 'FedEx Test Product', NULL, 0, '', 0.0, NULL),
  (126, 1, 4, 'size:Large', NULL, 0.0, 0.0, 79.95, 1, 0.0, '890546-000042', 0, 0, NULL, NULL, 8.0, '', 0.0, 0, '', 'Four Product Kit', 2, 1, 'A12345', 0.0, NULL),
  (126, 2, 4, 'size:Medium', NULL, 0.0, 0.0, 79.95, 1, 0.0, '890546-000042', 0, 0, NULL, NULL, 8.0, '', 0.0, 0, '', 'Four Product Kit', 2, 1, 'A12345', 0.0, NULL),
  (128, 1, 4, 'size:Small', NULL, 0.0, 0.0, 79.95, 1, 0.0, '890546-000042', 0, 0, NULL, NULL, 8.0, '', 0.0, 0, '', 'Four Product Kit', 2, 1, 'A12345', 0.0, NULL),
  (128, 2, 4, 'size:Extra Large', NULL, 0.0, 0.0, 79.95, 1, 0.0, '890546-000042', 0, 0, NULL, NULL, 8.0, '', 0.0, 0, '', 'Four Product Kit', 2, 1, 'A12345', 0.0, NULL),
  (129, 1, 4, 'size:Medium', NULL, 0.0, 0.0, 79.95, 1, 0.0, '890546-000042', 0, 0, NULL, NULL, 8.0, '', 0.0, 0, '', 'Four Product Kit', 2, 1, 'A12345', 0.0, NULL),
  (129, 2, 4, 'size:Extra Large', NULL, 0.0, 0.0, 79.95, 1, 0.0, '890546-000042', 0, 0, NULL, NULL, 8.0, '', 0.0, 0, '', 'Four Product Kit', 2, 1, 'A12345', 0.0, NULL),
  (90, 145, 4, 'size:Large', NULL, 0.0, 0.0, 79.95, 1, 0.0, '890546-000042', 0, 0, NULL, NULL, 0.0, NULL, 0.0, 0, NULL, 'Four Product Kit', 2, 1, 'A12345', 0.0, NULL),
  (130, 1, 295, 'Amount:$10 Gift Certificate', NULL, 0.0, 0.0, 0.0, 1, 10.0, NULL, 0, 0, NULL, NULL, 0.0, '', 0.0, 0, '', 'CFWebstore Gift Certificate', NULL, 0, NULL, 0.0, NULL),
  (130, 2, 295, 'Amount:$30 Gift Certificate', NULL, 0.0, 0.0, 0.0, 1, 30.0, NULL, 0, 0, NULL, NULL, 0.0, '', 0.0, 0, '', 'CFWebstore Gift Certificate', NULL, 0, NULL, 0.0, NULL),
  (132, 1, 282, 'Choose One::Small', NULL, 0.0, 0.0, 20.0, 1, 0.0, NULL, 0, 0, NULL, NULL, 2.0, '', 0.0, 0, '', 'Editor\'s Product', NULL, 0, NULL, 0.0, NULL),
  (132, 2, 295, 'Amount:$30 Gift Certificate', NULL, 0.0, 0.0, 0.0, 1, 30.0, NULL, 0, 0, NULL, NULL, 0.0, '', 0.0, 0, '', 'CFWebstore Gift Certificate', NULL, 0, NULL, 0.0, NULL);

INSERT INTO `Order_No`(`Order_No`, `Filled`, `Process`, `Void`, `InvDone`, `Customer_ID`, `User_ID`, `Card_ID`, `ShipTo`, `DateOrdered`, `OrderTotal`, `Tax`, `ShipType`, `Shipping`, `Freight`, `Comments`, `AuthNumber`, `InvoiceNum`, `TransactNum`, `Shipper`, `Tracking`, `Giftcard`, `Delivery`, `OrderDisc`, `Credits`, `AddonTotal`, `Coup_Code`, `Cert_Code`, `Affiliate`, `Referrer`, `CustomText1`, `CustomText2`, `CustomText3`, `CustomSelect1`, `CustomSelect2`, `DateFilled`, `PayPalStatus`, `Reason`, `OfflinePayment`, `PO_Number`, `Notes`, `Admin_Updated`, `Admin_Name`, `AdminCredit`, `AdminCreditText`, `Printed`, `Status`, `Paid`, `CodesSent`)
VALUES (5, 0, 1, 0, 1, 1, 1, 4, 0, '2003-12-18 00:00:00', 76.52, 0.0, 'UPS Ground (Residential)', 4.57, 0, '', '0', '54416000', NULL, NULL, NULL, NULL, NULL, 0.0, 0.0, 0.0, NULL, NULL, 0, 'Unknown', NULL, NULL, NULL, NULL, NULL, NULL, NULL, NULL, 'Online', NULL, NULL, NULL, NULL, 0.0, NULL, 3, NULL, 0, 0),
  (6, 0, 1, 0, 1, 1, 1, 5, 0, '2003-12-18 00:00:00', 76.52, 0.0, 'UPS Ground (Residential)', 4.57, 0, '', '0', '54416000', NULL, NULL, NULL, NULL, NULL, 0.0, 0.0, 0.0, NULL, NULL, 0, 'Unknown', NULL, NULL, NULL, NULL, NULL, NULL, NULL, NULL, 'Online', NULL, NULL, NULL, NULL, 0.0, NULL, 2, NULL, 0, 0),
  (7, 0, 1, 0, 1, 1, 1, 6, 0, '2003-12-18 00:00:00', 76.52, 0.0, 'UPS Ground (Residential)', 4.57, 0, '', '0', '54416000', NULL, NULL, NULL, NULL, NULL, 0.0, 0.0, 0.0, NULL, NULL, 0, 'Unknown', NULL, NULL, NULL, NULL, NULL, NULL, NULL, NULL, 'Online', NULL, NULL, NULL, NULL, 0.0, NULL, 2, NULL, 0, 0),
  (11, 1, 1, 1, 0, 1, 0, 0, 0, '2003-12-26 00:00:00', 21.95, 0.0, 'No Shipping', 0.0, 0, '', '24S677452D5350406', '52387652', NULL, NULL, NULL, NULL, NULL, 0.0, 0.0, 0.0, NULL, NULL, 0, 'Unknown', NULL, NULL, NULL, NULL, NULL, NULL, 'Pending', 'the  merchant is not yet verified. You must verify your account before you can accept this payment', 'PayPal', NULL, NULL, '2007-02-14 20:34:44', 'Mary Jo Sminkey', 0.0, '', 0, 'cancelled', 0, 0),
  (12, 1, 1, 0, 1, 1, 1, 0, 0, '2004-01-08 00:00:00', 149.54, 2.93, 'UPS Ground (Residential)', 0.0, 0, '', '0', '52965122', NULL, 'UPS', NULL, NULL, NULL, 0.0, 0.0, 0.0, NULL, NULL, 0, 'Unknown', NULL, NULL, NULL, NULL, NULL, '2004-01-19 00:00:00', '', '', 'Offline', NULL, NULL, '2004-01-18 18:48:47', 'admin', 0.0, '', 1, NULL, 0, 0),
  (13, 0, 1, 0, 1, 1, 1, 0, 0, '2004-01-08 00:00:00', 290.7, 5.7, 'No Shipping', 0.0, 0, 'non-shipped order', '0', '52965122', NULL, NULL, NULL, NULL, NULL, 0.0, 0.0, 0.0, NULL, NULL, 0, 'Unknown', NULL, NULL, NULL, NULL, NULL, NULL, '', '', 'Offline', NULL, '', '2004-02-01 16:43:55', 'admin', 0.0, NULL, 3, '', 0, 0),
  (14, 1, 1, 1, 0, 1, 1, 0, 0, '2004-01-08 00:00:00', 48.45, 0.95, 'No Shipping', 0.0, 0, '', '0', '52965122', NULL, NULL, NULL, NULL, NULL, 0.0, 0.0, 0.0, NULL, NULL, 0, 'Unknown', NULL, NULL, NULL, NULL, NULL, '2004-01-18 00:00:00', '', '', 'Offline', NULL, '', '2004-01-18 15:36:43', 'admin', 0.0, '', 1, 'cancelled', 0, 0),
  (15, 1, 1, 0, 1, 1, 1, 0, 0, '2004-01-08 00:00:00', 123.1275, 2.35, 'UPS Ground (Commercial)', 3.42, 0, '', '0', '52965122', NULL, NULL, NULL, NULL, NULL, 0.0, 0.0, 0.0, NULL, NULL, 0, 'Unknown', NULL, NULL, NULL, NULL, NULL, '2004-01-18 00:00:00', '', '', 'Offline', NULL, NULL, '2004-01-12 19:33:23', 'admin', 0.0, '', 1, NULL, 0, 0),
  (16, 1, 1, 0, 1, 1, 1, 0, 1, '2004-01-08 00:00:00', 632.24, 12.4, 'UPS Ground (Residential)', 0.0, 0, 'comment', '0', '52965122', NULL, NULL, NULL, 'happy halloween', 'halloween', 0.0, 0.0, 0.0, NULL, NULL, 0, 'Unknown', NULL, NULL, NULL, NULL, NULL, '2004-01-18 00:00:00', '', '', 'Offline', NULL, '', '2004-01-18 12:25:27', 'admin', 0.0, NULL, 1, '', 0, 0),
  (17, 1, 1, 0, 1, 1, 1, 0, 0, '2004-01-11 00:00:00', 71.0, 2.0, 'No Shipping', 6.0, 0, '', '0', '39014519', NULL, 'UPS', NULL, NULL, NULL, 0.0, 0.0, 2.0, NULL, NULL, 0, 'Unknown', NULL, NULL, NULL, NULL, NULL, '2004-07-28 00:00:00', '', '', 'Offline', NULL, '', '2004-07-28 21:10:15', 'admin', 0.0, '', 1, '', 0, 0),
  (18, 1, 1, 0, 1, 1, 1, 0, 1, '2004-01-11 00:00:00', 48.45, 0.95, 'No Shipping', 0.0, 0, '', '0', '39014519', NULL, NULL, NULL, NULL, NULL, 0.0, 0.0, 0.0, NULL, NULL, 0, 'Unknown', NULL, NULL, NULL, NULL, NULL, '2004-01-18 00:00:00', '', '', 'Offline', NULL, NULL, NULL, NULL, 0.0, NULL, 0, NULL, 0, 0),
  (19, 0, 0, 0, 0, 1, 1, 0, 0, '2004-01-11 00:00:00', 72.395, 1.44, 'No Shippingadasd', 0.0, 0, '', '0', '39014519', NULL, NULL, NULL, NULL, NULL, 0.0, 0.0, 0.0, NULL, NULL, 0, 'Unknown', NULL, NULL, NULL, NULL, NULL, NULL, '', '', 'Offline', NULL, NULL, '2004-01-20 14:38:58', 'admin', 1.0, 'asdfas', 0, NULL, 0, 0),
  (20, 1, 1, 0, 1, 1, 1, 0, 0, '2004-01-11 00:00:00', 11.63, 0.23, 'No Shipping', 0.0, 0, '', '0', '39014519', NULL, NULL, NULL, NULL, NULL, 0.0, 0.0, 0.0, NULL, NULL, 0, 'Unknown', NULL, NULL, NULL, NULL, NULL, '2004-01-27 00:00:00', '', '', 'Offline', NULL, 'asdlkjasdfja;d as;l as;ldf j', '2004-01-20 20:40:00', 'admin', 0.0, '', 0, '', 0, 0),
  (21, 1, 1, 0, 1, 1, 1, 0, 0, '2004-01-11 00:00:00', 12.65, 0.25, 'No Shipping', 0.0, 0, '', '0', '39014519', NULL, NULL, NULL, NULL, NULL, 0.0, 0.0, 0.0, NULL, NULL, 0, 'Unknown', NULL, NULL, NULL, NULL, NULL, '2004-01-27 00:00:00', '', '', 'Offline', NULL, 'aafafasdfasdfasdf', '2004-01-18 11:03:56', 'admin', 0.0, NULL, 0, '', 0, 0),
  (22, 0, 1, 0, 1, 1, 1, 0, 0, '2004-01-11 00:00:00', 13.63, 0.23, 'No Shipping', 0.0, 0, '', '0', '39014519', NULL, NULL, NULL, NULL, NULL, 0.0, 0.0, 2.0, NULL, NULL, 0, 'Unknown', NULL, NULL, NULL, NULL, NULL, NULL, '', '', 'Offline', NULL, '', '2004-02-05 22:52:54', 'admin', 0.0, '', 3, '', 0, 0),
  (23, 0, 0, 0, 0, 1, 1, 0, 0, '2004-01-11 00:00:00', 13.63, 0.23, 'No Shipping', 0.0, 0, '', '0', '39014519', NULL, NULL, NULL, NULL, NULL, 0.0, 0.0, 2.0, NULL, NULL, 0, 'Unknown', NULL, NULL, NULL, NULL, NULL, NULL, '', '', 'Offline', NULL, NULL, NULL, NULL, 0.0, NULL, 0, NULL, 0, 0),
  (24, 0, 1, 0, 1, 1, 1, 0, 0, '2004-01-11 00:00:00', 290.7, 5.7, 'No Shipping', 0.0, 0, '', '0', '39014519', NULL, NULL, NULL, NULL, NULL, 0.0, 0.0, 0.0, NULL, NULL, 0, 'Unknown', NULL, NULL, NULL, NULL, NULL, NULL, '', '', 'Offline', NULL, '', '2004-01-20 23:34:04', 'admin', 0.0, '', 3, '', 1, 0),
  (25, 0, 1, 0, 1, 1, 1, 0, 7, '2004-01-11 00:00:00', 22.57, 0.36, 'UPS Ground (Commercial)', 4.21, 0, '', '0', '39014519', NULL, NULL, NULL, NULL, NULL, 0.0, 0.0, 0.0, NULL, NULL, 0, 'Unknown', NULL, NULL, NULL, NULL, NULL, NULL, '', '', 'Offline', NULL, '', '2004-01-18 19:02:28', 'admin', 0.0, NULL, 2, '', 0, 0),
  (26, 0, 1, 0, 1, 1, 1, 0, 11, '2004-01-12 00:00:00', 82.31, 1.44, 'UPS 3 Day Select', 8.92, 0, '', '0', '39014519', NULL, NULL, NULL, NULL, NULL, 0.0, 0.0, 0.0, NULL, NULL, 0, 'Unknown', NULL, NULL, NULL, NULL, NULL, NULL, '', '', 'Offline', NULL, '', '2004-01-18 13:36:21', 'admin', 0.0, NULL, 3, 'backordered', 0, 0),
  (27, 0, 1, 0, 1, 1, 1, 0, 0, '2004-01-14 00:00:00', 101.025, 1.67, 'UPS', 14.0, 0, '', '0', '31093049', NULL, NULL, NULL, NULL, NULL, 0.0, 0.0, 2.0, NULL, NULL, 0, 'Unknown', NULL, NULL, NULL, NULL, NULL, NULL, '', '', 'Offline', NULL, NULL, '2004-01-18 00:51:02', 'admin', 0.0, '', 2, NULL, 0, 0),
  (28, 0, 0, 0, 0, 12, 0, 0, 0, '2004-01-20 00:00:00', 114.66, 0.0, 'Not Calculated', 0.0, 0, '', '0', '54416000', NULL, NULL, NULL, NULL, NULL, 0.0, 0.0, 0.0, NULL, NULL, 0, 'Unknown', NULL, NULL, NULL, NULL, NULL, NULL, '', '', 'Offline', NULL, '', '2004-01-20 19:58:23', 'admin', 0.0, NULL, 0, '', 1, 0),
  (29, 0, 1, 0, 1, 1, 1, 0, 0, '2004-01-21 00:00:00', 73.39, 1.44, 'UPS', 0.0, 0, '', '0', '54416000', NULL, NULL, NULL, NULL, NULL, 0.0, 0.0, 0.0, NULL, NULL, 0, 'Unknown', NULL, NULL, NULL, NULL, NULL, NULL, '', '', 'Offline', NULL, NULL, NULL, NULL, 0.0, NULL, 3, NULL, 0, 0),
  (30, 0, 0, 0, 0, 1, 1, 0, 0, '2004-01-21 00:00:00', 73.39, 1.44, 'UPS Ground (Residential)', 0.0, 0, '', '0', '54416000', NULL, NULL, NULL, NULL, NULL, 0.0, 0.0, 0.0, NULL, NULL, 0, 'Unknown', NULL, NULL, NULL, NULL, NULL, NULL, '', '', 'Offline', NULL, NULL, NULL, NULL, 0.0, NULL, 0, NULL, 0, 0),
  (31, 1, 1, 1, 0, 1, 1, 0, 0, '2004-01-22 00:00:00', 73.39, 1.44, 'UPS Ground (Residential)', 0.0, 0, '', '0', '54416000', NULL, NULL, NULL, NULL, NULL, 0.0, 0.0, 0.0, NULL, NULL, 0, 'Unknown', NULL, NULL, NULL, NULL, NULL, NULL, '', '', 'Offline', NULL, NULL, NULL, NULL, 0.0, NULL, 0, 'fraud', 0, 0),
  (32, 0, 0, 0, 0, 1, 1, 0, 0, '2004-01-22 00:00:00', 73.39, 1.44, 'UPS Ground (Residential)', 0.0, 0, '', '0', '54416000', NULL, NULL, NULL, NULL, NULL, 0.0, 0.0, 0.0, NULL, NULL, 0, 'Unknown', NULL, NULL, NULL, NULL, NULL, NULL, '', '', 'Offline', NULL, NULL, NULL, NULL, 0.0, NULL, 2, NULL, 0, 0),
  (33, 0, 1, 0, 1, 7, 1, 0, 6, '2004-01-22 00:00:00', 91.76, 1.8, 'UPS Ground (Residential)', 0.0, 0, '', '0', '54416000', NULL, NULL, NULL, NULL, NULL, 0.0, 0.0, 0.0, NULL, NULL, 0, 'Unknown', NULL, NULL, NULL, NULL, NULL, NULL, '', '', 'Offline', NULL, '', '2004-01-23 22:17:19', 'admin', 0.0, NULL, 2, '', 1, 0),
  (34, 0, 1, 0, 1, 7, 1, 0, 0, '2004-01-24 00:00:00', 220.21, 4.32, 'UPS Ground (Residential)', 0.0, 0, '', '0', '88792467', NULL, NULL, NULL, NULL, NULL, 0.0, 0.0, 0.0, NULL, NULL, 0, 'Unknown', NULL, NULL, NULL, NULL, NULL, NULL, '', '', 'Offline', NULL, '', '2004-01-25 10:31:13', 'admin', 0.0, NULL, 2, '', 1, 0),
  (35, 1, 1, 1, 0, 15, 16, 0, 0, '2004-01-24 00:00:00', 71.95, 0.0, 'Not Calculated', 0.0, 0, '', '0', '32354521', NULL, NULL, NULL, NULL, NULL, 0.0, 0.0, 0.0, NULL, NULL, 0, 'Unknown', NULL, NULL, NULL, NULL, NULL, '2004-01-24 00:00:00', '', '', 'Offline', NULL, NULL, NULL, NULL, 0.0, NULL, 1, 'cancelled', 0, 0),
  (36, 0, 0, 0, 0, 17, 17, 0, 0, '2004-01-24 00:00:00', 363.2, 0.0, 'UPS Worldwide Express', 109.31, 0, '', '0', '32354521', NULL, NULL, NULL, NULL, NULL, 0.0, 0.0, 0.0, NULL, NULL, 0, 'Unknown', NULL, NULL, NULL, NULL, NULL, NULL, '', '', 'Offline', NULL, NULL, '2004-02-05 19:57:28', 'admin', -20.0, 'Added another item', 0, NULL, 0, 0),
  (37, 0, 1, 0, 1, 17, 17, 0, 0, '2004-01-24 00:00:00', 343.2, 0.0, 'UPS Worldwide Express', 109.31, 0, '', '0', '32354521', NULL, NULL, NULL, NULL, NULL, 0.0, 0.0, 0.0, NULL, NULL, 0, 'Unknown', NULL, NULL, NULL, NULL, NULL, NULL, '', '', 'Offline', NULL, '', '2004-02-05 22:48:52', 'admin', 0.0, NULL, 2, '', 0, 0),
  (38, 1, 1, 0, 1, 17, 17, 0, 0, '2004-01-24 00:00:00', 334.69, 0.0, 'UPS Worldwide Express', 89.42, 0, '', '0', '32354521', NULL, NULL, NULL, NULL, NULL, 0.0, 0.0, 0.0, NULL, NULL, 0, 'Unknown', NULL, NULL, NULL, NULL, NULL, '2004-02-04 00:00:00', '', '', 'Offline', NULL, NULL, NULL, NULL, 0.0, NULL, 2, NULL, 0, 0),
  (39, 0, 1, 0, 1, 17, 17, 0, 0, '2004-01-24 00:00:00', 320.17, 0.0, 'UPS Worldwide Express', 104.28, 0, '', '0', '32354521', NULL, NULL, NULL, NULL, NULL, 0.0, 0.0, 0.0, NULL, NULL, 0, 'Unknown', NULL, NULL, NULL, NULL, NULL, NULL, '', '', 'Offline', NULL, '', '2004-01-31 01:35:10', 'admin', 0.0, NULL, 3, '', 0, 0),
  (40, 0, 1, 0, 1, 17, 17, 0, 0, '2004-01-24 00:00:00', 136.43, 0.0, 'UPS Worldwide Express', 64.48, 0, '', '0', '32354521', NULL, NULL, NULL, NULL, NULL, 0.0, 0.0, 0.0, NULL, NULL, 0, 'Unknown', NULL, NULL, NULL, NULL, NULL, NULL, '', '', 'Offline', NULL, '', '2004-01-25 10:02:00', 'admin', 0.0, NULL, 3, 'incomplete', 1, 0),
  (41, 0, 1, 0, 1, 17, 17, 0, 0, '2004-01-24 00:00:00', 397.15, 0.0, 'UPS Worldwide Express', 109.31, 0, '', '0', '32354521', NULL, NULL, NULL, NULL, NULL, 0.0, 0.0, 0.0, NULL, NULL, 0, 'Unknown', NULL, NULL, NULL, NULL, NULL, NULL, '', '', 'Offline', NULL, '', '2004-01-24 23:42:25', 'admin', 0.0, NULL, 2, '', 1, 0),
  (42, 0, 1, 0, 1, 17, 17, 0, 0, '2004-01-24 00:00:00', 320.17, 0.0, 'UPS Worldwide Express', 104.28, 0, '', '0', '63348367', NULL, NULL, NULL, NULL, NULL, 0.0, 0.0, 0.0, NULL, NULL, 0, 'Unknown', NULL, NULL, NULL, NULL, NULL, NULL, '', '', 'Offline', NULL, NULL, NULL, NULL, 0.0, NULL, 2, NULL, 0, 0),
  (43, 0, 1, 0, 1, 1, 1, 7, 0, '2004-01-25 00:00:00', 92.48, 1.67, 'UPS 2nd Day Air', 7.46, 0, '', '0', '52692844', NULL, NULL, NULL, NULL, NULL, 0.0, 0.0, 0.0, NULL, NULL, 0, 'Unknown', NULL, NULL, NULL, NULL, NULL, NULL, '', '', 'Online', NULL, NULL, NULL, NULL, 0.0, NULL, 2, NULL, 0, 0),
  (44, 0, 1, 0, 1, 27, 1, 8, 0, '2004-01-25 00:00:00', 25.7, 0.23, 'UPS Ground (Residential)', 4.57, 0, '', '0', '52692844', NULL, NULL, NULL, NULL, NULL, 0.0, 0.0, 0.0, NULL, NULL, 0, 'Unknown', NULL, NULL, NULL, NULL, NULL, NULL, '', '', 'Online', NULL, '', '2004-01-31 01:44:23', 'admin', 0.0, NULL, 3, '', 0, 0),
  (45, 1, 1, 0, 1, 27, 1, 9, 0, '2004-01-25 00:00:00', 99.46, 1.67, 'UPS 3 Day Select', 5.99, 0, '', '0', '52692844', NULL, 'UPS', '1Z37A6R50350531758,1Z76TT690392832518,1Z Y08 7Y9 03 4477 318 6', NULL, NULL, 0.0, 0.0, 0.0, NULL, NULL, 0, 'Unknown', NULL, NULL, NULL, NULL, NULL, '2006-01-11 00:00:00', '', '', 'Online', NULL, '', '2006-01-11 16:22:07', 'admin', 0.0, '', 1, 'backordered', 0, 0),
  (46, 0, 1, 0, 1, 27, 1, 0, 0, '2004-01-25 00:00:00', 293.6, 5.76, 'UPS Ground (Residential)', 0.0, 0, '', '0', '66331427', NULL, 'UPS', '1Z12345E6692804405,1Z12345E0390515214,1Z12345E1392654435', NULL, NULL, 0.0, 0.0, 0.0, NULL, NULL, 0, 'Unknown', NULL, NULL, NULL, NULL, NULL, NULL, '', '', 'Offline', NULL, NULL, NULL, NULL, 0.0, NULL, 3, NULL, 0, 0),
  (49, 0, 1, 0, 1, 27, 1, 11, 0, '2004-01-31 00:00:00', 79.44, 1.44, 'UPS 3 Day Select', 6.05, 0, '', '0', '53185475', NULL, NULL, NULL, NULL, NULL, 0.0, 0.0, 0.0, NULL, NULL, 0, 'Unknown', NULL, NULL, NULL, NULL, NULL, NULL, '', '', 'Online', NULL, '', '2004-01-31 01:23:04', 'admin', 0.0, NULL, 2, '', 0, 0),
  (50, 0, 1, 0, 1, 1, 1, 0, 0, '2004-02-01 00:00:00', 61.23, 1.08, 'UPS 3 Day Select', 6.05, 0, '', '0', '14885484', NULL, NULL, NULL, NULL, NULL, 0.0, 0.0, 0.0, NULL, NULL, 0, 'Unknown', NULL, NULL, NULL, NULL, NULL, NULL, '', '', 'Offline', NULL, '', '2004-02-01 16:49:21', 'admin', 0.0, NULL, 2, '', 0, 0),
  (51, 1, 1, 1, 0, 1, 1, 0, 0, '2004-02-03 00:00:00', 73.39, 1.44, 'UPS Ground (Residential)', 0.0, 0, '', '0', '127001 & ', '', NULL, NULL, NULL, NULL, 0.0, 0.0, 0.0, NULL, NULL, 0, 'Unknown', NULL, NULL, NULL, NULL, NULL, '2004-02-03 00:00:00', '', '', 'Offline', NULL, NULL, NULL, NULL, 0.0, NULL, 0, 'fraud', 0, 0),
  (52, 1, 1, 0, 1, 1, 1, 0, 0, '2004-02-03 00:00:00', 73.39, 1.44, 'UPS Ground (Residential)', 0.0, 0, '', '0', '127001', '', 'FedEx', '098222010379562', NULL, NULL, 0.0, 0.0, 0.0, NULL, NULL, 0, 'Unknown', NULL, NULL, NULL, NULL, NULL, '2006-05-01 00:00:00', '', '', 'Offline', NULL, NULL, NULL, NULL, 0.0, NULL, 0, NULL, 0, 0),
  (53, 1, 1, 1, 0, 1, 1, 12, 0, '2004-02-03 00:00:00', 23.21, 0.36, 'UPS Ground (Residential)', 4.85, 0, '', '000000', '1270017034', '0', NULL, NULL, NULL, NULL, 0.0, 0.0, 0.0, NULL, NULL, 0, 'Unknown', NULL, NULL, NULL, NULL, NULL, '2004-02-03 00:00:00', '', '', 'Online', NULL, NULL, NULL, NULL, 0.0, NULL, 0, 'fraud', 0, 0),
  (54, 0, 0, 0, 1, 1, 1, 0, 0, '2004-02-06 00:00:00', 510.91, 10.02, 'UPS Ground (Residential)', 0.0, 0, '', '0', '1270019493', '', NULL, NULL, NULL, NULL, 0.0, 0.0, 0.0, NULL, NULL, 0, 'Unknown', NULL, NULL, NULL, NULL, NULL, NULL, '', '', 'Offline', NULL, NULL, NULL, NULL, 0.0, NULL, 0, NULL, 0, 0),
  (55, 0, 0, 0, 0, 1, 1, 0, 0, '2004-02-06 00:00:00', 290.7, 5.7, 'No Shipping', 0.0, 0, '', '0', '1270019493', '', NULL, NULL, NULL, NULL, 0.0, 0.0, 0.0, NULL, NULL, 0, 'Unknown', NULL, NULL, NULL, NULL, NULL, NULL, '', '', 'Offline', NULL, NULL, NULL, NULL, 0.0, NULL, 0, NULL, 0, 0),
  (56, 0, 0, 0, 0, 1, 1, 13, 0, '2004-02-07 00:00:00', 48.45, 0.95, 'No Shipping', 0.0, 0, '', '0', '1270011312', '', NULL, NULL, NULL, NULL, 0.0, 0.0, 0.0, NULL, NULL, 0, 'Unknown', NULL, NULL, NULL, NULL, NULL, NULL, '', '', 'Online', NULL, NULL, NULL, NULL, 0.0, NULL, 0, NULL, 0, 0),
  (57, 0, 0, 0, 0, 1, 1, 0, 0, '2004-02-07 00:00:00', 9.5, 0.0, 'No Shipping', 0.0, 0, '', '0', '1270011312', '', NULL, NULL, NULL, NULL, 0.0, 0.0, 0.0, NULL, NULL, 0, 'Unknown', NULL, NULL, NULL, NULL, NULL, NULL, '', '', 'Offline', NULL, NULL, NULL, NULL, 0.0, NULL, 0, NULL, 0, 0),
  (58, 0, 0, 0, 0, 1, 1, 14, 28, '2004-02-12 00:00:00', 23.21, 0.36, 'UPS Ground (Residential)', 4.85, 0, '', '999999', '1270015409', '110028387946', NULL, NULL, NULL, NULL, 0.0, 0.0, 0.0, NULL, NULL, 0, 'Unknown', NULL, NULL, NULL, NULL, NULL, NULL, '', '', 'Online', NULL, NULL, NULL, NULL, 0.0, NULL, 0, NULL, 0, 0),
  (59, 1, 1, 0, 1, 32, 30, 0, 0, '2004-02-13 00:00:00', 88.04, 5.94, 'UPS Ground (Residential)', 15.15, 0, 'adasfasdfas', '0', '1270011222', '', NULL, NULL, 'happy bday', 'my birthday', 0.0, 0.0, 0.0, NULL, NULL, 93614, 'Unknown', NULL, NULL, NULL, NULL, NULL, '2004-02-13 00:00:00', '', '', 'Offline', NULL, '', '2004-02-13 01:11:14', 'admin', 5.0, 'from mike', 3, '', 1, 0),
  (67, 0, 0, 0, 0, 1, 1, 0, 0, '2004-04-23 00:00:00', 134.64, 2.64, 'UPS Ground (Residential)', 0.0, 0, '', '0', '1270013110', '', NULL, NULL, NULL, NULL, 0.0, 0.0, 0.0, NULL, NULL, 0, 'Unknown', NULL, NULL, NULL, NULL, NULL, NULL, '', '', 'Offline', NULL, '', NULL, NULL, 0.0, NULL, 0, NULL, 0, 0),
  (68, 1, 1, 1, 0, 28, 1, 0, 1, '2004-07-21 00:00:00', 22.1, 1.3, 'UPS Ground (Residential)', 10.0, 0, '', '0', '1270016712', '', NULL, NULL, NULL, NULL, 0.0, 0.0, 0.0, NULL, NULL, 0, 'Unknown', NULL, NULL, NULL, NULL, NULL, NULL, '', '', 'Offline', NULL, '', '2004-07-28 20:07:42', 'admin', 0.0, NULL, 0, 'cancelled', 0, 0),
  (69, 0, 0, 0, 0, 28, 1, 15, 1, '2004-07-28 00:00:00', 80.58, 8.63, 'UPS Ground (Residential)', 0.0, 0, '', '0', '1270016831', '', NULL, NULL, NULL, NULL, 0.0, 0.0, 0.0, NULL, NULL, 0, 'Unknown', NULL, NULL, NULL, NULL, NULL, NULL, '', '', 'Online', NULL, '', '2004-07-28 21:14:42', 'admin', 0.0, NULL, 1, '', 0, 0),
  (70, 1, 1, 0, 1, 39, 0, 0, 0, '2004-08-03 00:00:00', 175.19, 3.44, 'Not Calculated', 0.0, 0, '', '0', '1270011120', '', 'UPS', NULL, NULL, NULL, 0.0, 0.0, 0.0, NULL, NULL, 0, 'Unknown', NULL, NULL, NULL, NULL, NULL, '2006-12-05 00:00:00', '', '', 'Offline', NULL, '', NULL, NULL, 0.0, NULL, 0, NULL, 0, 0),
  (71, 0, 0, 0, 0, 40, 0, 0, 0, '2004-08-03 00:00:00', 92.68, 9.93, 'UPS Ground (Residential)', 0.0, 0, '', '0', '1270017715', '', NULL, NULL, NULL, NULL, 0.0, 0.0, 0.0, NULL, NULL, 0, 'Unknown', NULL, NULL, NULL, NULL, NULL, NULL, '', '', 'Offline', NULL, '', NULL, NULL, 0.0, NULL, 0, NULL, 0, 0),
  (72, 0, 0, 0, 0, 28, 1, 16, 1, '2004-08-23 00:00:00', 380.74, 40.79, 'No Shipping', 0.0, 0, '', '0', '1270013528', '', NULL, NULL, NULL, NULL, 0.0, 0.0, 0.0, NULL, NULL, 0, 'Unknown', NULL, NULL, NULL, NULL, NULL, NULL, '', '', 'Online', NULL, '', '2005-11-28 16:38:45', 'admin', 0.0, NULL, 0, '', 0, 0),
  (73, 0, 1, 0, 1, 28, 1, 0, 1, '2005-11-16 18:41:25', 31.75, 3.9, 'In-Store Pickup', 0.0, 0, '', '0', '1270013502', '', NULL, NULL, NULL, NULL, 0.0, 0.0, 0.0, NULL, NULL, 0, 'Unknown', NULL, NULL, NULL, NULL, NULL, NULL, '', '', 'Offline', NULL, '', NULL, NULL, 0.0, NULL, 0, NULL, 0, 0),
  (74, 0, 1, 0, 1, 28, 1, 0, 1, '2005-11-21 12:50:58', 79.12, 1.51, ' ', 66.81, 0, '', '0', '1270015578', '', NULL, NULL, NULL, NULL, 0.0, 0.0, 0.0, NULL, NULL, 0, 'Unknown', NULL, NULL, NULL, NULL, NULL, NULL, '', '', 'Offline', NULL, '', NULL, NULL, 0.0, NULL, 0, NULL, 0, 0),
  (75, 1, 1, 0, 1, 28, 1, 0, 1, '2005-11-21 12:57:00', 86.25, 2.39, 'UPS Next Day Air<sup>&reg;</sup> Early A.M.<sup>&reg;</sup>', 66.81, 0, '', '0', '1270017995', '', NULL, NULL, NULL, NULL, 0.0, 0.0, 0.0, NULL, NULL, 0, 'Unknown', NULL, NULL, NULL, NULL, NULL, '2007-01-26 00:00:00', '', '', 'Offline', NULL, '', NULL, NULL, 0.0, NULL, 0, NULL, 0, 0),
  (77, 0, 0, 0, 0, 28, 1, 0, 1, '2005-11-25 16:02:50', 111.46, 11.59, 'UPS Ground', 7.12, 10, '', '0', '1270012077', '', 'USPS', '9101148008600110301794', NULL, NULL, 0.0, 0.0, 0.0, NULL, NULL, 0, 'Unknown', NULL, NULL, NULL, NULL, NULL, NULL, '', '', 'Offline', NULL, '', '2005-11-25 16:14:02', 'admin', 0.0, '', 1, NULL, 0, 0),
  (78, 1, 1, 1, 0, 28, 1, 0, 0, '2005-12-20 20:58:59', 261.87, 22.97, 'UPS ', 0.0, 0, '', '0', '1270016507', '', NULL, NULL, NULL, NULL, 0.0, 0.0, 0.0, NULL, NULL, 0, 'Unknown', NULL, NULL, NULL, NULL, NULL, '2005-12-20 00:00:00', '', '', 'Offline', NULL, '', '2007-02-10 21:06:23', 'Mary Jo Sminkey', 0.0, NULL, 0, 'cancelled', 0, 0),
  (79, 1, 1, 1, 0, 28, 1, 0, 0, '2005-12-20 21:02:32', 19.1, 2.05, 'Not Calculated', 0.0, 0, '', '0', '1270012543', '', NULL, NULL, NULL, NULL, 0.0, 0.0, 0.0, NULL, NULL, 0, 'Unknown', NULL, NULL, NULL, NULL, NULL, '2005-12-20 00:00:00', '', '', 'Offline', NULL, '', NULL, NULL, 0.0, NULL, 0, 'cancelled', 0, 0),
  (80, 1, 1, 0, 1, 41, 1, 0, 0, '2006-03-09 17:25:42', 45.12, 1.14, 'UPS 3 Day Select<sup><small>SM</small></sup>', 24.98, 0, '', '0', '1270012974', '', 'USPS', '234123412341234', NULL, NULL, 0.0, 0.0, 0.0, NULL, NULL, 0, 'Unknown', NULL, NULL, NULL, NULL, NULL, '2006-04-26 00:00:00', '', '', 'Offline', NULL, '', '2007-02-10 21:22:42', 'Mary Jo Sminkey', 0.0, NULL, 0, NULL, 0, 0),
  (81, 0, 0, 0, 0, 27, 1, 0, 0, '2006-08-02 18:52:10', 159.07, 15.2, 'FedEx<sup>&reg;</sup> Ground', 5.02, 22, '', '0', '1270015999', '', NULL, NULL, NULL, NULL, 0.0, 0.0, 0.0, NULL, NULL, 0, 'Unknown', NULL, NULL, NULL, NULL, NULL, NULL, '', '', 'Offline', NULL, '', NULL, NULL, 0.0, NULL, 1, NULL, 0, 0),
  (82, 1, 1, 0, 1, 27, 1, 0, 0, '2006-08-02 19:26:50', 24.29, 2.22, 'FedEx<sup>&reg;</sup> Ground', 5.02, 0, '', '0', '1270019781', '', 'UPS', '213123123123123', NULL, NULL, 1.0, 0.0, 0.0, '1234121212', NULL, 0, 'Unknown', NULL, NULL, NULL, NULL, NULL, '2006-12-05 00:00:00', '', '', 'Offline', NULL, '', NULL, NULL, 0.0, NULL, 0, NULL, 0, 0),
  (83, 0, 0, 0, 0, 27, 1, 0, 0, '2006-08-05 16:38:26', 96.27, 2.22, 'USPS Priority Mail w/Dlvr. Conf.', 5.05, 0, '', '0', '1270019609', '', NULL, NULL, NULL, NULL, 0.0, 0.0, 0.0, NULL, NULL, 0, 'Unknown', NULL, NULL, NULL, NULL, NULL, NULL, '', '', 'Offline', NULL, '', NULL, NULL, 0.0, NULL, 1, NULL, 0, 0),
  (84, 0, 1, 0, 1, 44, 21, 0, 0, '2006-08-11 20:41:57', 19.8, 1.8, 'No Shipping', 0.0, 0, '', '0', '1270015805', '', NULL, NULL, NULL, NULL, 0.0, 0.0, 0.0, NULL, NULL, 0, 'Unknown', NULL, NULL, NULL, NULL, NULL, NULL, '', '', 'Offline', NULL, '', '2007-01-26 19:01:58', 'Mary Jo Sminkey', 0.0, NULL, 0, '', 0, 0),
  (85, 0, 0, 0, 0, 27, 1, 0, 0, '2006-08-14 14:34:14', 708.13, 78.53, '2nd Day Air', 16.0, 0, '', '0', '1270017308', '', NULL, NULL, NULL, NULL, 0.0, 0.0, 0.0, NULL, NULL, 0, 'Unknown', 'Google', NULL, NULL, NULL, NULL, NULL, '', '', 'Offline', NULL, '', NULL, NULL, 0.0, NULL, 1, NULL, 0, 0),
  (86, 0, 0, 0, 0, 27, 1, 0, 0, '2006-09-11 16:48:14', 67.64, 5.31, 'UPS 3 Day Select<sup><small>SM</small></sup>', 11.53, 10, 'Love you too!', '0', '1270014942', '', NULL, NULL, NULL, 'ASAP', 0.0, 0.0, 0.0, NULL, NULL, 0, 'Unknown', 'Google', NULL, NULL, NULL, NULL, NULL, '', '', 'Purchase Order', '121365', '', NULL, NULL, 0.0, NULL, 1, NULL, 0, 0),
  (87, 0, 0, 0, 0, 27, 1, 0, 0, '2006-09-19 18:58:09', 422.94, 42.53, 'FedEx<sup>&reg;</sup> Ground', 5.21, 68, '', '0', '1270011919', '', NULL, NULL, NULL, NULL, 20.0, 0.0, 0.0, NULL, NULL, 0, 'Unknown', NULL, NULL, NULL, 'Google', NULL, NULL, '', '', 'Purchase Order', '123456', '', NULL, NULL, 0.0, NULL, 0, NULL, 0, 0),
  (88, 0, 0, 0, 0, 27, 1, 17, 0, '2006-09-21 15:42:49', 711.22, 66.52, 'Ground Shipping', 11.0, 112, '', '', '1270019255', '4US76716KC570821R', NULL, NULL, NULL, NULL, 0.0, 0.0, 0.0, NULL, NULL, 0, 'Unknown', NULL, NULL, NULL, 'Yahoo', NULL, NULL, '', '', 'Online', NULL, '', NULL, NULL, 0.0, NULL, 0, NULL, 0, 0),
  (89, 1, 1, 1, 0, 27, 1, 0, 0, '2006-09-23 13:46:47', 40.81, 4.01, 'Ground Shipping', 11.0, 20, '', '0', '1270015747', '', NULL, NULL, NULL, NULL, 0.0, 25.0, 0.0, NULL, 'VRZ8LFDY5855H88', 93614, 'Unknown', NULL, NULL, NULL, 'Yahoo', NULL, '2007-02-26 00:00:00', '', '', 'Purchase Order', '12312431', '', NULL, NULL, 0.0, NULL, 1, 'cancelled', 0, 0),
  (90, 0, 0, 0, 0, 44, 0, 0, 0, '2006-10-12 19:33:57', 216.9, 11.0, 'Ground Shipping', 16.0, 0, '', '0', '1270015909', '', NULL, NULL, NULL, NULL, 0.0, 0.0, 0.0, NULL, NULL, 0, 'Unknown', NULL, NULL, NULL, NULL, NULL, NULL, '', '', 'Purchase Order', '3213654654', '', '2007-03-02 00:12:02', 'Mary Jo Sminkey', 0.0, NULL, 0, NULL, 0, 0),
  (91, 0, 0, 0, 0, 27, 1, 0, 0, '2006-10-26 22:12:18', 0.0, 0.0, 'Ground Shipping', 16.0, 0, '', '0', '1270012554', '', NULL, NULL, NULL, NULL, 0.0, 1216.0, 0.0, NULL, 'JFZNFZP2V8P83FY', 0, 'Unknown', NULL, NULL, NULL, NULL, NULL, NULL, '', '', 'Offline', NULL, '', '2006-12-28 16:37:12', 'admin', 0.0, NULL, 1, NULL, 1, 0),
  (92, 0, 1, 0, 1, 27, 0, 19, 45, '2006-12-31 16:25:58', 41.6, 0.0, 'Freight', 0.0, 20, '', '0', '1270017085', '', NULL, NULL, NULL, NULL, 0.0, 0.0, 0.0, NULL, NULL, 0, 'Unknown', NULL, NULL, NULL, 'Google', NULL, NULL, '', '', 'Online', NULL, '', '2006-12-31 16:41:32', 'Mary Jo Sminkey', 0.0, NULL, 0, '', 0, 0),
  (108, 0, 0, 0, 0, 27, 1, 0, 46, '2007-01-09 18:34:50', 60.0, 0.0, 'No Shipping', 0.0, 0, '', '0', '1270018240', '', NULL, NULL, NULL, NULL, 0.0, 0.0, 0.0, NULL, NULL, 0, 'Unknown', NULL, NULL, NULL, 'Google', NULL, NULL, '', '', 'Offline', NULL, '', NULL, NULL, 0.0, NULL, 0, NULL, 0, 0),
  (112, 0, 0, 0, 1, 27, 1, 0, 46, '2007-01-28 17:40:18', 485.0, 27.0, 'Airmail', 31.1, 24, '', '0', '1270012899', '', NULL, NULL, NULL, NULL, 0.0, 0.0, 0.0, NULL, NULL, 93614, 'Unknown', 'cfwebstore.com', NULL, NULL, 'Yahoo', NULL, NULL, '', '', 'Offline', NULL, '', '2007-02-24 15:44:59', 'Mary Jo Sminkey', 0.0, '', 3, '', 0, 0),
  (118, 0, 1, 0, 1, 27, 1, 26, 46, '2007-02-17 19:10:30', 474.45, 0.0, 'USPS Express Mail Intl. Service', 83.3, 0, '', '0', '1270012737', '', NULL, NULL, NULL, NULL, 20.0, 0.0, 0.0, '', '', 0, 'Unknown', NULL, NULL, NULL, 'Google', NULL, NULL, '', '', 'BillUser', NULL, '', '2007-02-23 17:00:07', 'Mary Jo Sminkey', 0.0, NULL, 0, '', 0, 0),
  (123, 0, 0, 0, 0, 27, 1, 0, 46, '2007-02-26 00:00:00', 40.0, 0.0, 'No Shipping', 0.0, 0, '', '0', '1270016065', '', NULL, NULL, NULL, NULL, 0.0, 0.0, 0.0, NULL, NULL, 0, 'Unknown', NULL, NULL, NULL, NULL, NULL, NULL, '', '', 'AutoRebill', NULL, 'Auto-Renewal of Membership', NULL, NULL, 0.0, NULL, 0, NULL, 0, 0),
  (124, 0, 0, 0, 0, 27, 1, 0, 46, '2007-02-26 00:00:00', 40.0, 0.0, 'No Shipping', 0.0, 0, '', '0', '1270019295', '', NULL, NULL, NULL, NULL, 0.0, 0.0, 0.0, NULL, NULL, 0, 'Unknown', NULL, NULL, NULL, NULL, NULL, NULL, '', '', 'AutoRebill', NULL, 'Auto-Renewal of Membership', NULL, NULL, 0.0, NULL, 0, NULL, 0, 0),
  (125, 0, 0, 0, 0, 27, 1, 0, 46, '2007-02-26 00:00:00', 40.0, 0.0, 'No Shipping', 0.0, 0, '', '0', '1270013319', '', NULL, NULL, NULL, NULL, 0.0, 0.0, 0.0, NULL, NULL, 0, 'Unknown', NULL, NULL, NULL, NULL, NULL, NULL, '', '', 'AutoRebill', NULL, 'Auto-Renewal of Membership', NULL, NULL, 0.0, NULL, 0, NULL, 0, 0),
  (126, 0, 0, 0, 0, 27, 1, 0, 46, '2007-02-28 17:53:51', 200.3, 8.4, 'Freight', 0.0, 48, '', '0', '1270015350', '', NULL, NULL, NULL, NULL, 0.0, 0.0, 0.0, '', '', 0, 'Unknown', NULL, NULL, NULL, 'Google', NULL, NULL, '', '', 'Offline', NULL, '', NULL, NULL, 0.0, NULL, 0, NULL, 0, 0),
  (128, 0, 0, 0, 1, 27, 1, 27, 46, '2007-02-28 18:38:57', 200.3, 8.4, 'Freight', 0.0, 48, '', '0', '1270013859', '', NULL, NULL, NULL, NULL, 0.0, 0.0, 0.0, '', '', 0, 'Unknown', NULL, NULL, NULL, 'Google', NULL, NULL, '', '', 'BillUser', NULL, '', '2007-02-28 18:59:17', 'Mary Jo Sminkey', 0.0, NULL, 0, NULL, 0, 0),
  (129, 0, 0, 0, 0, 27, 1, 0, 46, '2007-03-01 18:46:16', 191.9, 0.0, 'Freight', 0.0, 48, '', '0', '1270019547', '', NULL, NULL, NULL, NULL, 0.0, 0.0, 0.0, '', '', 0, 'Unknown', NULL, NULL, NULL, 'Google', NULL, NULL, '', '', 'Offline', NULL, '', NULL, NULL, 0.0, NULL, 0, NULL, 0, 0),
  (130, 0, 0, 0, 0, 27, 1, 0, 46, '2007-03-08 20:40:20', 40.0, 0.0, 'No Shipping', 0.0, 0, '', '0', '1270017476', '', NULL, NULL, NULL, NULL, 0.0, 0.0, 0.0, '', '', 0, 'Unknown', NULL, NULL, NULL, 'YellowPages', NULL, NULL, '', '', 'Offline', NULL, '', NULL, NULL, 0.0, NULL, 0, NULL, 0, 0),
  (132, 0, 0, 0, 1, 27, 1, 29, 46, '2007-03-15 22:39:42', 48.0, 0.0, 'No Shipping', 0.0, 0, '', '0', '1270019863', '', NULL, NULL, NULL, NULL, 0.0, 0.0, 0.0, '', '', 0, 'Unknown', NULL, NULL, NULL, 'Google', NULL, NULL, '', '', 'BillUser', NULL, '', NULL, NULL, 0.0, NULL, 0, NULL, 0, 1);

INSERT INTO `Order_PO`(`Order_PO_ID`, `Order_No`, `PO_No`, `Account_ID`, `PrintDate`, `Notes`, `PO_Status`, `PO_Open`, `ShipDate`, `Shipper`, `Tracking`)
VALUES (17, 5, '1005', 2, '2004-01-19 00:00:00', '', '', 1, '2004-01-19 00:00:00', 'UPS', NULL),
  (18, 17, '1017', 2, '2004-01-20 00:00:00', '', 'emailed', 1, NULL, NULL, NULL),
  (20, 33, '1033', 5, '2004-01-23 00:00:00', 'test', 'emailed', 1, NULL, NULL, NULL),
  (21, 34, '1034', 5, '2004-01-24 00:00:00', 'Here are some notes.', 'faxed', 1, NULL, NULL, NULL),
  (22, 35, '1035', 2, '2004-01-24 00:00:00', NULL, NULL, 1, NULL, NULL, NULL),
  (23, 42, '1042', 5, '2004-01-24 00:00:00', '', '', 1, NULL, NULL, NULL),
  (24, 39, '1039', 5, '2004-01-24 00:00:00', NULL, NULL, 1, NULL, NULL, NULL),
  (25, 41, '1041', 2, '2004-01-24 00:00:00', '', '', 1, NULL, NULL, NULL),
  (26, 45, '1045', 2, '2004-01-25 00:00:00', NULL, 'emailed', 1, NULL, NULL, NULL),
  (27, 45, '1045', 5, '2004-01-25 00:00:00', NULL, 'emailed', 1, NULL, NULL, NULL),
  (28, 43, '1043', 2, '2004-01-25 00:00:00', NULL, NULL, 1, NULL, NULL, NULL),
  (29, 38, '1038', 2, '2004-01-27 00:00:00', NULL, NULL, 1, NULL, NULL, NULL),
  (30, 38, '1038', 5, '2004-01-27 00:00:00', NULL, NULL, 1, NULL, NULL, NULL),
  (31, 46, '1046-2', 5, '2004-01-31 00:00:00', '', 'emailed', 1, NULL, NULL, NULL),
  (32, 46, '1046-1', 2, '2004-01-31 00:00:00', '', 'emailed', 1, NULL, NULL, NULL),
  (33, 44, '1044', 5, '2004-01-31 00:00:00', 'Testing', 'emailed', 1, '2004-02-01 00:00:00', 'UPS', 'dfadsfsadfasdf'),
  (34, 49, '1049', 2, '2004-01-31 00:00:00', '', '', 0, '2004-02-01 00:00:00', 'FedEx', '234123412342134'),
  (35, 37, '1037-1', 5, '2004-01-31 00:00:00', '', '', 1, NULL, NULL, NULL),
  (36, 13, '1013', 5, '2004-02-01 00:00:00', NULL, 'emailed', 1, NULL, NULL, NULL),
  (38, 50, '1050-1', 5, '2004-02-01 00:00:00', NULL, 'emailed', 1, NULL, NULL, NULL),
  (39, 19, '1019-1', 2, '2004-02-04 00:00:00', '', '', 1, NULL, NULL, NULL),
  (40, 37, '1037-2', 2, '2004-02-05 00:00:00', NULL, NULL, 1, NULL, NULL, NULL),
  (41, 22, '1022-1', 2, '2004-02-05 00:00:00', NULL, NULL, 1, NULL, NULL, NULL),
  (42, 59, '1059', 2, '2004-02-13 00:00:00', 'adasdfas', 'emailed', 0, '2004-02-13 00:00:00', 'UPS', NULL),
  (43, 69, '1069-1', 2, '2004-07-28 00:00:00', '', 'emailed', 0, '2006-08-24 00:00:00', 'UPS', NULL),
  (44, 86, '1086-1', 5, '2006-09-11 00:00:00', NULL, NULL, 1, NULL, NULL, NULL),
  (45, 92, '1092-1', 5, '2006-12-31 00:00:00', NULL, 'emailed', 1, NULL, NULL, NULL),
  (46, 74, '1074-1', 5, '2007-01-28 00:00:00', NULL, 'emailed', 1, NULL, NULL, NULL),
  (47, 73, '1073-1', 5, '2007-01-28 00:00:00', NULL, 'emailed', 1, NULL, NULL, NULL),
  (48, 112, '1112-1', 2, '2007-01-28 00:00:00', NULL, NULL, 1, NULL, NULL, NULL),
  (49, 118, '1118-1', 2, '2007-02-17 00:00:00', NULL, 'emailed', 1, NULL, NULL, NULL),
  (50, 118, '1118-2', 5, '2007-02-17 00:00:00', NULL, 'emailed', 1, NULL, NULL, NULL),
  (51, 126, '1126-1', 2, '2007-02-28 00:00:00', NULL, NULL, 1, NULL, NULL, NULL),
  (52, 128, '1128-1', 2, '2007-02-28 00:00:00', NULL, NULL, 1, NULL, NULL, NULL),
  (53, 129, '1129-1', 2, '2007-03-01 00:00:00', NULL, NULL, 1, NULL, NULL, NULL);

INSERT INTO `OrderSettings`(`ID`, `AllowInt`, `AllowOffline`, `OnlyOffline`, `OfflineMessage`, `CCProcess`, `AllowPO`, `EmailAdmin`, `EmailUser`, `EmailAffs`, `EmailDrop`, `OrderEmail`, `DropEmail`, `EmailDropWhen`, `Giftcard`, `Delivery`, `Coupons`, `Backorders`, `BaseOrderNum`, `StoreCardInfo`, `UseCVV2`, `MinTotal`, `NoGuests`, `UseBilling`, `UsePayPal`, `PayPalEmail`, `PayPalLog`, `CustomText1`, `CustomText2`, `CustomText3`, `CustomSelect1`, `CustomSelect2`, `CustomChoices1`, `CustomChoices2`, `CustomText_Req`, `CustomSelect_Req`, `AgreeTerms`, `Giftwrap`, `ShowBasket`, `SkipAddressForm`)
VALUES (1, 1, 1, 0, 'Please call us at 1-310-770-6442 to complete your order.', 'None', 1, 1, 1, 1, 1, 'info@yoursite.com', 'info@yoursite.com', 'Processed', 1, 1, 1, 1, 1000, 1, 0, 0, 0, 1, 1, 'maryjo@cfwebstore.com', 1, 'Site you are registering', NULL, NULL, 'How did you hear about us?', NULL, 'Google,Yahoo,YellowPages,Other', NULL, NULL, 'CustomSelect1', 'Example of terms of purchase that appear during checkout.\r\n\r\nThis is useful if you have license terms that you want the customer to agree to before purchase.', 1, 0, 1);

INSERT INTO `OrderTaxes`(`Order_No`, `Code_ID`, `ProductTotal`, `CodeName`, `AddressUsed`, `AllUserTax`, `StateTax`, `CountyTax`, `LocalTax`, `CountryTax`)
VALUES (81, 1, 100.0, 'Taxes', 'Shipping', 0.0, 1.0, 1.17, 2.34, 11.69),
  (82, 1, 50.0, 'Taxes', 'Shipping', 0.0, 0.5, 0.17, 0.34, 1.71),
  (83, 1, 25.0, 'Taxes', 'Shipping', 0.0, 0.0, 0.17, 0.34, 1.71),
  (84, 1, 0.0, 'Taxes', 'Shipping', 0.0, 4.0, 0.0, 0.0, 1.8),
  (85, 1, 24.0, 'Taxes', 'Shipping', 0.0, 0.0, 6.04, 12.08, 60.41),
  (86, 1, 40.8, 'Taxes', 'Shipping', 0.0, 0.0, 0.41, 0.82, 4.08),
  (87, 1, 327.2, 'Taxes', 'Shipping', 0.0, 0.0, 3.27, 6.54, 32.72),
  (88, 1, 511.7, 'Taxes', 'Shipping', 0.0, 5.0, 5.12, 10.23, 51.17),
  (89, 1, 30.8, 'Taxes', 'Shipping', 0.0, 0.0, 0.31, 0.62, 3.08),
  (90, 1, 109.95, 'Taxes', 'Shipping', 0.0, 5.0, 0.4, 0.0, 11.0),
  (112, 2, 20.0, 'Luxury Tax', NULL, 15.0, 0.0, 0.0, 0.0, 0.0),
  (126, 1, 143.9, 'Taxes', 'Shipping', 0.0, 0.0, 0.0, 0.0, 0.0),
  (126, 3, 143.9, 'VAT', NULL, 8.4, 0.0, 0.0, 0.0, 0.0),
  (128, 3, 143.9, 'VAT', NULL, 8.4, 0.0, 0.0, 0.0, 0.0);

INSERT INTO `Pages`(`Page_ID`, `Page_URL`, `CatCore_ID`, `PassParam`, `Display`, `PageAction`, `Page_Name`, `Page_Title`, `Sm_Image`, `Lg_Image`, `Sm_Title`, `Lg_Title`, `Color_ID`, `PageText`, `System`, `Href_Attributes`, `AccessKey`, `Priority`, `Parent_ID`, `Title_Priority`, `Metadescription`, `Keywords`, `TitleTag`)
VALUES (0, 'none', 0, NULL, 1, NULL, '(Default Page Menu)', '', NULL, NULL, NULL, NULL, NULL, '', 0, NULL, 0, 0, 0, 4, NULL, NULL, NULL),
  (1, 'index.cfm', 2, 'topcats=1,onsale=1,new=1,hot=1,prodofday=1,notsold=1,listing=vertical', 1, 'home', 'home', 'Better than ever!', NULL, NULL, NULL, NULL, NULL, '<br />We&nbsp;have created this demo site to show off some of the&nbsp;incredible features of CFWebstore\'s new Fusebox Edition.&nbsp;This product is so flexible that it\'s impossible to&nbsp;demonstrate all the things it can do but&nbsp;look around&nbsp;and we\'re&nbsp;sure you\'ll agree that it is packed with incredible features! <br /><br />This page, like all the other pages in this site, is completely editable&nbsp;using&nbsp;any web browser. You have full control over the layout and content.', 1, NULL, 0, 7, 0, 0, NULL, NULL, NULL),
  (2, 'index.cfm?fuseaction=users.manager', 0, 'noline=1', 1, 'manager', 'my account', 'My Account', NULL, NULL, NULL, NULL, NULL, 'This text is defined in the page manager. I suppose it could come in handy for<br />\r\nannouncements. The title of the page and text in menu link are also editable.', 1, NULL, 0, 3, 23, 0, '', '', ''),
  (3, 'index.cfm?fuseaction=shopping.basket', 0, 'noline=1', 1, 'basket', 'view cart', '', NULL, NULL, NULL, NULL, NULL, '<blockquote style=\"margin-right: 0px;\" dir=\"ltr\" class=\"carttext\">\r\n<p><strong>Return Policy</strong>: All Sales Final. Return of damaged goods&nbsp;will be accepted at time of<br />\r\ndelivery with 15% restocking fee.</p>\r\n<p>This bottom text area is defined in the Page Manager for the shopping cart.</p>\r\n</blockquote>\r\n<p align=\"center\"><img width=\"39\" height=\"24\" border=\"0\" src=\"images/icons/cc_mastercard.gif\" alt=\"\" />&nbsp; <img width=\"36\" height=\"24\" border=\"0\" src=\"images/icons/cc_visa.gif\" alt=\"\" />&nbsp; <img width=\"29\" height=\"24\" border=\"0\" src=\"images/icons/cc_amex.gif\" alt=\"\" />&nbsp; <img width=\"60\" height=\"24\" border=\"0\" src=\"images/icons/cc_discover.gif\" alt=\"\" /></p>', 1, NULL, 0, 1, 23, 0, '', '', 'Shopping Cart'),
  (4, 'index.cfm?fuseaction=page.search', 5, NULL, 1, 'search', 'search', 'Site Search', NULL, NULL, NULL, NULL, NULL, 'Please enter keywords to search for:', 1, NULL, 0, 6, 0, 0, NULL, NULL, NULL),
  (5, 'index.cfm?fuseaction=page.searchresults', 6, NULL, 0, 'searchResults', 'Search Results', 'Search Results', NULL, NULL, NULL, NULL, NULL, '', 1, NULL, 0, 9999, 0, 0, NULL, NULL, NULL),
  (6, 'index.cfm?fuseaction=page.new', 3, 'new=1,onsale=1', 0, 'new', 'what\'s new', 'What\'s New', NULL, NULL, NULL, NULL, NULL, '<P>This&nbsp;page displays all the new and&nbsp;sale&nbsp;categories, products and feature articles.&nbsp;Items are automatically placed on this page when you&nbsp;turn on&nbsp;the \"new\" or \"highlight\" option&nbsp;on the item\'s admin page.&nbsp; </P>\r\n<P>This What\'s New page is included as a standard Page in the Page Manager. You can also call it as a Category template to include it as a Category&nbsp;OR it can be included as part of&nbsp; the Home page. </P>\r\n<P>You have the choice of selecting only New, only Sale, or Both.</P>', 1, NULL, 0, 9999, 0, 0, NULL, NULL, NULL),
  (7, 'index.cfm?fuseaction=page.membersOnly', 0, NULL, 0, 'membersOnly', 'Members Only', 'Members Only', NULL, NULL, NULL, NULL, NULL, '<p><strong><font color=\"#ff3300\">Sorry!&nbsp; A membership is required.</font></strong></p>\r\n<p>This text displays when content is locked with an access key and the user IS logged in and does not have the key. If the user was not logged in, the user would get a PLEASE LOG IN page instead.</p>\r\n<p>You can check your membership information by clicking on the Current Memberships link on the My Accounts page or clicking <a href=\"index.cfm?fuseaction=access.memberships\">HERE</a>.</p>\r\n<p>You can edit the text of this page in the Page Manager.</p>\r\n<p>This page automatically&nbsp;lists all&nbsp;Membership Products below.</p>', 1, NULL, 0, 9999, 0, 0, '', 'members, login', 'CFWebstore Members Only Page'),
  (8, 'index.cfm?fuseaction=page.contactUs', 15, 'noline=1,BoxTitle=Email Us', 1, 'contactUs', 'contact us', 'Contact Us', NULL, NULL, NULL, NULL, NULL, '<p>Have a question? Have a comment? Please contact us!</p>\r\n&nbsp;\r\n<table width=\"75%\" cellspacing=\"0\" cellpadding=\"3\" border=\"0\">\r\n    <tbody>\r\n        <tr>\r\n            <td>Phone:</td>\r\n            <td><strong>222-555-6442</strong></td>\r\n        </tr>\r\n        <tr>\r\n            <td valign=\"top\">Mail:</td>\r\n            <td>\r\n            <p>CFWebstore<br />\r\n            Dogpatch Software<br />\r\n            222 Main Street<br />\r\n            Jonesville, MD</p>\r\n            </td>\r\n        </tr>\r\n        <tr>\r\n            <td>E-mail:</td>\r\n            <td><a href=\"mailto:info&#064;YourSite.com\">info-at-YourSite.com</a></td>\r\n        </tr>\r\n    </tbody>\r\n</table>\r\n<br />\r\nYou can also use the form below:\r\n<p>&nbsp;</p>', 1, NULL, 0, 4, 0, 0, '', '', ''),
  (9, 'index.cfm?fuseaction=page.sitemap', 14, 'noline=1,alpha=1', 1, 'sitemap', 'site map', 'Site Map', NULL, NULL, NULL, NULL, NULL, '<P>The following is a list of all the Categories, Products and Feature Articles on our site. We hope it will assist you in finding what you\'re looking for.</P>', 1, NULL, 0, 5, 13, 0, NULL, NULL, NULL),
  (10, 'index.cfm?fuseaction=shopping.wishlist', 0, NULL, 1, 'wishlist', 'wishlist', 'Wishlist', NULL, NULL, NULL, NULL, NULL, '', 1, NULL, 0, 2, 23, 0, NULL, NULL, NULL),
  (11, 'none', 0, NULL, 1, NULL, 'Related Links', '', NULL, NULL, NULL, NULL, NULL, '', 0, NULL, 0, 0, 11, 3, NULL, NULL, NULL),
  (12, 'index.cfm?fuseaction=page.onsale', 11, NULL, 1, 'onsale', 'Items on Sale', 'New & On Sale in the Store', NULL, NULL, NULL, NULL, NULL, '', 0, NULL, 2, 1, 13, 0, NULL, NULL, NULL),
  (13, 'index.cfm?fuseaction=page.custommenus', 0, 'noline=1', 1, 'custommenus', 'Custom Menus', 'Customize The Menus!', NULL, NULL, NULL, NULL, 3, '<p>You can build custom menus in the Page &amp; Menu Manager.</p>\r\n<p>Custom menu options can link to their own page of text&nbsp;(as this one does) or to any URL you specify either inside or outside the site.</p>\r\n<p>The Related Links menu shows how the Custom Menus can be used to link to an outside URL. We set these links to open in&nbsp;a new window.&nbsp;Also note that the &quot;Related Links&quot; title is not a link at all!</p>\r\n<p>The Custom Menus are completely sortable both at the group level and within each group.</p>\r\n<p>This page also shows the new DHTML menu features in CFWebstore<sup>&reg;</sup> version 6. Samples are included for both vertical and horizontal menus, but you can easily build a wide range of menus using the components included.</p>\r\n<p>&nbsp;Please note that while the menus are completely dynamic, they are by default saved in the user\'s session, so if you add store categories or pages to the demo and wish to see them on the menu, you will need to re-login for them to appear.</p>', 0, NULL, 0, 0, 13, 1, NULL, NULL, NULL),
  (14, 'http://www.macromedia.com', 0, NULL, 1, NULL, 'Cold Fusion', '', NULL, NULL, NULL, NULL, NULL, '', 0, 'target=\'_blank\'', 0, 2, 11, 0, NULL, NULL, NULL),
  (15, 'http://www.cfwebstore.com', 0, NULL, 1, NULL, 'CFWebstore', 'Link to CFWebstore', NULL, NULL, NULL, NULL, NULL, '<P>&nbsp;</P>', 0, 'target=\'_blank\'', 0, 1, 11, 0, NULL, NULL, NULL),
  (16, 'index.cfm?fuseaction=page.cvv2help', 0, 'noline=1', 0, 'cvv2help', 'cvv2help', 'Your Credit Card Verification Value', NULL, '', '', '', NULL, '<P>Entering the Card Verification Value 2 (CVV2) number helps us to prevent credit card fraud and keep costs down for everyone. Since a CVV2 number is listed on your credit card but is not stored anywhere, the only way to know the correct CVV2 number for your credit card is to physically have possession of the card itself. All VISA, MasterCard and American Express cards made in America&nbsp;have a CVV2 number. </P>\r\n<P><STRONG>How to find your CVV2 Number:</STRONG></P>\r\n<P><IMG height=115 alt=\"Amex Card\" src=\"images/icons/amex_cvv2.gif\" width=157 align=left border=0><STRONG>American Express</STRONG><BR><BR>Enter the 4 digit, non-embossed number printed above your account number on the <B>face</B> of your card.</P>\r\n<P>&nbsp;</P>\r\n<P><IMG height=115 src=\"images/icons/visa_cvv2.gif\" width=157 align=left border=0><STRONG>Visa</STRONG><BR><BR>Enter the 3-digit, non-embossed number printed on the signature panel on the <B>back</B> of the card immediately following the Visa card account number.</P>\r\n<P>&nbsp;</P>\r\n<P><IMG height=115 src=\"images/icons/mastercard_cvv2.gif\" width=157 align=left border=0><STRONG>MasterCard</STRONG><BR><BR>Enter the 3-digit, non-embossed number printed on the signature panel on the <B>back</B> of the card.</P>\r\n<P>&nbsp;</P>\r\n<P><IMG height=115 src=\"images/icons/discover_cvv2.gif\" width=157 align=left border=0><STRONG>Discover</STRONG><BR><BR>Enter the 3-digit, non-embossed number printed on the signature panel on the <B>back</B> of the card.</P>', 1, '', 0, 9999, 0, 0, NULL, NULL, NULL),
  (17, 'index.cfm?fuseaction=page.receipt', 0, 'noline=1', 0, 'receipt', 'receipt', NULL, NULL, NULL, NULL, NULL, NULL, NULL, 1, NULL, 0, 9999, 0, 0, NULL, NULL, NULL),
  (18, 'index.cfm?fuseaction=shopping.tracking', 0, NULL, 1, 'tracking', 'track order', '', NULL, NULL, NULL, NULL, NULL, '', 0, NULL, 0, 5, 23, 0, NULL, NULL, NULL),
  (19, 'index.cfm?fuseaction=shopping.giftregistry', 0, NULL, 1, 'giftregistry', 'gift registry', '', NULL, NULL, NULL, NULL, NULL, '', 0, NULL, 0, 4, 23, 0, NULL, NULL, NULL),
  (20, 'http://www.macromedia.com', 0, '', 0, '', 'Copy of Cold Fusion', '', '', '', '', '', NULL, '', 0, 'target=\'_blank\'', 0, 2, 11, 0, NULL, NULL, NULL),
  (21, 'http://www.cfwebstore.com', 0, NULL, 0, '', 'Copy of CFWebstore', 'Link to CFWebstore', '', NULL, NULL, NULL, NULL, '<p>&nbsp;</p>', 0, 'target=\'_blank\'', 0, 1, 11, 0, NULL, NULL, NULL),
  (22, 'index.cfm?fuseaction=page.pagenotfound', 0, NULL, 0, 'PageNotFound', 'Page Error', 'Page Not Found', NULL, NULL, NULL, NULL, NULL, '<sup>Sorry, the item you are looking for was not found.<br/><br/>Please try Searching or The Site Map for assistance.<br/><br type=\"_moz\"/></sup>', 1, NULL, 0, 9999, 0, 0, NULL, NULL, NULL),
  (23, 'none', 0, NULL, 1, NULL, 'My Stuff', '', NULL, NULL, NULL, NULL, NULL, '', 0, NULL, 0, 0, 23, 2, NULL, NULL, NULL);

INSERT INTO `Permission_Groups`(`Group_ID`, `Name`)
VALUES (1, 'Access'),
  (2, 'Category'),
  (3, 'Feature'),
  (4, 'Product'),
  (5, 'Shopping'),
  (6, 'Users'),
  (7, 'Page');

INSERT INTO `Permissions`(`ID`, `Group_ID`, `Name`, `BitValue`)
VALUES (1, 1, 'Assign Permissions', 1),
  (2, 1, 'Manage Access Keys', 2),
  (3, 1, 'Manage Memberships', 4),
  (4, 2, 'Category Admin', 1),
  (5, 3, 'Feature Admin', 1),
  (6, 3, 'Feature Editor', 2),
  (7, 3, 'Feature Author', 4),
  (8, 4, 'Full Product Admin', 1),
  (9, 4, 'User Products Admin', 2),
  (10, 4, 'Discount Admin', 4),
  (11, 4, 'Promotion Admin', 8),
  (12, 5, 'Cart Admin', 1),
  (13, 5, 'Order Access', 2),
  (14, 5, 'Gift Certs Admin', 4),
  (15, 5, 'Order Approve', 8),
  (16, 5, 'Order Process', 16),
  (17, 5, 'Order Dropship', 32),
  (18, 5, 'Order Edit', 64),
  (19, 5, 'Order Reports', 128),
  (20, 6, 'Site Admin', 1),
  (21, 6, 'Admin Menu', 2),
  (22, 6, 'Group & User Admin', 4),
  (23, 6, 'User Export', 8),
  (24, 7, 'Page Admin', 1),
  (25, 4, 'Product Import', 16),
  (26, 4, 'Product Export', 32),
  (27, 4, 'Site Feeds', 128),
  (28, 5, 'Order Search', 256),
  (29, 4, 'Product Reviews', 64),
  (30, 3, 'Feature Reviews', 8),
  (31, 5, 'Gift Registry Admin', 512);

INSERT INTO `PickLists`(`Picklist_ID`, `Feature_Type`, `Acc_Rep`, `Acc_Type1`, `Acc_Descr1`, `Product_Availability`, `Shipping_Status`, `PO_Status`, `GiftRegistry_Type`, `Review_Editorial`)
VALUES (1, 'press release,article,training', 'mike,mary jo', 'distributor', NULL, 'ships immediately,on backorder', 'incomplete,backordered', 'emailed,faxed', 'wedding,christmas,birthday,baby', 'Editor,Spotlight');

INSERT INTO `Prod_CustInfo`(`Product_ID`, `Custom_ID`, `CustomInfo`)
VALUES (8, 1, 'One size fits all');

INSERT INTO `Prod_CustomFields`(`Custom_ID`, `Custom_Name`, `Custom_Display`, `Google_Use`, `Google_Code`)
VALUES (1, 'Size', 1, 1, 'size'),
  (2, 'Weight', 0, 1, 'weight');

INSERT INTO `ProdAddons`(`Addon_ID`, `Product_ID`, `Standard_ID`, `Prompt`, `AddonDesc`, `AddonType`, `Display`, `Priority`, `Price`, `Weight`, `ProdMult`, `Required`)
VALUES (1, 9, 0, 'Monogram', 'Monogram', 'textbox', 1, 9999, 0.0, 0.0, 1, 0),
  (2, 8, 1, NULL, NULL, NULL, 1, 1, NULL, NULL, 0, 0),
  (3, 9, 0, 'with pencils + $1.00', 'plus pencils', 'checkbox', 1, 9999, 1.0, 0.0, 1, 0),
  (4, 12, 0, 'Mailed on disk, add $5.00', 'Disk mailed', 'checkbox', 1, 9999, 5.0, 0.0, 0, 0),
  (5, 279, 0, 'Start Date', 'Start Date', 'calendar', 1, 1, 0.0, 0.0, 1, 1),
  (6, 279, 0, 'End Date', 'End Date', 'calendar', 1, 2, 0.0, 0.0, 1, 0),
  (7, 280, 0, 'Additional pounds', 'Additional pounds', 'quantity', 1, 9999, 0.0, 1.0, 1, 0),
  (8, 281, 0, 'Additional pounds', 'Additional pounds', 'quantity', 1, 9999, 0.0, 1.0, 1, 0),
  (9, 298, 1, '', '', '', 1, 1, NULL, NULL, 0, 0);

INSERT INTO `ProdDisc`(`Product_ID`, `ProdDisc_ID`, `Wholesale`, `QuantFrom`, `QuantTo`, `DiscountPer`)
VALUES (4, 1, 1, 50, 100, 5.0),
  (13, 3, 1, 100, 199, 8.0),
  (13, 4, 1, 200, 0, 20.0),
  (13, 6, 0, 11, 21, 2.0),
  (13, 10, 0, 51, 0, 10.0),
  (13, 12, 0, 22, 50, 5.5),
  (283, 16, 0, 2, 3, 1.0);

INSERT INTO `ProdGrpPrice`(`Product_ID`, `GrpPrice_ID`, `Group_ID`, `Price`)
VALUES (8, 1, 2, 30.0),
  (280, 1, 2, 6.5);

INSERT INTO `ProdOpt_Choices`(`Option_ID`, `Choice_ID`, `ChoiceName`, `Price`, `Weight`, `SKU`, `NumInStock`, `Display`, `SortOrder`)
VALUES (16, 1, 'Smalll', 0.0, 0, '', 2, 1, 1),
  (16, 2, 'Medium', 0.0, 0, '', 3, 1, 2),
  (16, 3, 'Large', 1.0, 0, '', 2, 1, 3),
  (16, 4, 'X-Large', 2.0, 0, '', 3, 1, 4),
  (16, 5, 'XX-Large', 2.0, 0, '', 1, 1, 5),
  (18, 2, NULL, 0.0, 0, 'asfasf', 23, 1, 0),
  (18, 4, NULL, 0.0, 0, 'etttyyt6', 89, 1, 0),
  (18, 5, NULL, 0.0, 0, 'asfaf', 123, 1, 0),
  (18, 6, NULL, 0.0, 0, 'asfasf', 132, 1, 0),
  (19, 1, 'Green', 0.0, 0, NULL, 0, 1, 1),
  (19, 2, 'Red', 0.0, 0, NULL, 0, 1, 2),
  (19, 3, 'Yellow', 0.0, 0, NULL, 0, 1, 3),
  (24, 1, '$10 Gift Certificate', 10.0, 0, NULL, 0, 1, 1),
  (24, 2, '$20 Gift Certificate', 20.0, 0, NULL, 0, 1, 2),
  (24, 3, '$30 Gift Certificate', 30.0, 0, NULL, 0, 1, 3),
  (24, 4, '$40 Gift Certificate', 40.0, 0, NULL, 0, 1, 4),
  (24, 5, '$50 Gift Certificate', 50.0, 0, NULL, 0, 1, 5),
  (24, 6, '$60 Gift Certificate', 60.0, 0, NULL, 0, 1, 6),
  (24, 7, '$70 Gift Certificate', 70.0, 0, NULL, 0, 1, 7),
  (24, 8, '$80 Gift Certificate', 80.0, 0, NULL, 0, 1, 8),
  (24, 9, '$90 Gift Certificate', 90.0, 0, NULL, 0, 1, 9),
  (24, 10, '$100 Gift Certificate', 100.0, 0, NULL, 0, 1, 10),
  (25, 1, 'Smalll', 0.0, 0, 'QWRSm', 4, 1, 0),
  (25, 2, 'Medium', 0.0, 0, 'QWRMd', 5, 1, 0),
  (25, 3, 'Large', 1.0, 0, 'QWRLg', 3, 1, 0),
  (25, 4, 'X-Large', 2.0, 0, 'QWRXL', 6, 1, 0),
  (25, 5, 'XX-Large', 2.0, 0, 'QWRXX', 2, 1, 0),
  (26, 4, NULL, 0.0, 0, 'etttyyt6', 0, 1, 0);

INSERT INTO `Product_Category`(`ID`, `Product_ID`, `Category_ID`)
VALUES (1, 13, 10),
  (2, 275, 10),
  (3, 12, 14),
  (4, 8, 4),
  (5, 8, 13),
  (6, 4, 4),
  (7, 4, 10),
  (8, 9, 4),
  (9, 9, 13),
  (10, 11, 15),
  (11, 7, 15),
  (12, 278, 4),
  (13, 279, 10),
  (14, 280, 10),
  (15, 281, 10),
  (16, 282, 13),
  (17, 283, 13),
  (18, 276, 14),
  (19, 295, 10),
  (20, 298, 4),
  (21, 298, 13),
  (22, 299, 15);

INSERT INTO `Product_Images`(`Product_Image_ID`, `Product_ID`, `Image_File`, `Gallery`, `File_Size`, `Caption`, `Priority`)
VALUES (1, 4, '1.jpg', 'Public', 27265, 'Your caption here...', 9999),
  (2, 4, '2.jpg', 'Public', 18995, 'Overflowing with goodness!', 9999),
  (3, 8, '3.jpg', 'Public', 3437, NULL, 9999),
  (4, 8, '4.jpg', 'Public', 3298, NULL, 9999),
  (5, 8, '5.jpg', 'Public', 3090, NULL, 9999),
  (6, 8, '6.jpg', 'Public', 3519, NULL, 9999),
  (7, 8, '7.jpg', 'Public', 8738, 'view of the back', 9999),
  (8, 9, '8.jpg', 'Public', 2519, NULL, 9999),
  (9, 9, '9.jpg', 'Public', 2251, NULL, 9999),
  (10, 9, '10.jpg', 'Public', 2756, NULL, 9999),
  (11, 9, '11.jpg', 'Private', 2728, NULL, 9999),
  (12, 283, '12.JPG', 'Public', 80038, 'Saxophone', 9999),
  (13, 283, '13.jpg', 'Public', 89320, 'Chair', 9999),
  (20, 283, 'agilitysample3_20.jpg', 'Public', 76669, 'Photo Sample', 9999);

INSERT INTO `Product_Item`(`Product_Item_ID`, `Product_ID`, `Item_ID`)
VALUES (63, 13, 4),
  (76, 282, 283);

INSERT INTO `Product_Options`(`Option_ID`, `Product_ID`, `Std_ID`, `Prompt`, `OptDesc`, `ShowPrice`, `Display`, `Priority`, `TrackInv`, `Required`)
VALUES (16, 8, 0, 'Size:', 'Size', 'AddPrice', 1, 9999, 0, 1),
  (18, 8, 6, NULL, NULL, NULL, 1, 1, 1, 1),
  (19, 13, 0, 'Choose One:', NULL, 'No', 1, 9999, 0, 1),
  (20, 4, 1, NULL, NULL, NULL, 1, 9999, 0, 1),
  (21, 278, 1, NULL, NULL, NULL, 1, 1, 0, 1),
  (22, 278, 6, NULL, NULL, NULL, 1, 0, 0, 0),
  (23, 279, 1, NULL, NULL, NULL, 1, 0, 0, 1),
  (24, 295, 0, 'Choose Amount:', 'Amount', 'No', 1, 1, 0, 1),
  (25, 298, 0, 'Size:', 'Size', 'AddPrice', 1, 9999, 1, 1),
  (26, 298, 6, NULL, NULL, '', 1, 1, 0, 1),
  (27, 8, 6, NULL, NULL, NULL, 1, 9999, 0, 1),
  (28, 282, 2, NULL, NULL, NULL, 1, 9999, 0, 1);

INSERT INTO `ProductReviews`(`Product_ID`, `Review_ID`, `User_ID`, `Anonymous`, `Anon_Name`, `Anon_Loc`, `Anon_Email`, `Editorial`, `Title`, `Comment`, `Rating`, `Recommend`, `Posted`, `Updated`, `Approved`, `NeedsCheck`, `Helpful_Total`, `Helpful_Yes`)
VALUES (4, 1, 1, 0, 'Mary Jo Sminkey', '', '', '', 'Great kit!', '4 products in one kit, what a great deal!', 5, 0, '2007-01-24 00:00:00', '2007-03-13 00:06:44', 1, 1, 3, 2),
  (4, 2, 1, 0, 'Mary Jo Sminkey', '', '', 'Editor', 'Awesome product!', 'Love it! ', 4, 0, '2007-01-24 14:39:04', '2007-01-24 14:58:47', 1, 0, 2, 1),
  (4, 3, 21, 0, 'John Smith', '', '', NULL, 'I\'d buy it again', 'Had everything I needed in a skin care kit. Definitely worth buying. ', 4, 0, '2007-01-27 15:09:06', '2007-01-27 15:09:06', 1, 0, 1, 1);

INSERT INTO `ProductReviewsHelpful`(`Product_ID`, `Review_ID`, `Helpful_ID`, `Helpful`, `User_ID`, `Date_Stamp`, `IP`)
VALUES (4, 1, '1', 1, 0, '2007-01-26 21:53:01', 'localhost'),
  (4, 2, '2', 0, 0, '2007-01-26 21:59:30', 'localhost'),
  (4, 3, '3', 1, 1, '2007-02-27 19:38:00', 'localhost');

INSERT INTO `Products`(`Product_ID`, `Name`, `Short_Desc`, `Long_Desc`, `SKU`, `Vendor_SKU`, `Retail_Price`, `Base_Price`, `Wholesale`, `Dropship_Cost`, `Weight`, `Shipping`, `TaxCodes`, `AccessKey`, `Sm_Image`, `Lg_Image`, `Enlrg_Image`, `Sm_Title`, `Lg_Title`, `PassParam`, `Color_ID`, `Display`, `Priority`, `NumInStock`, `ShowOrderBox`, `ShowPrice`, `ShowDiscounts`, `ShowPromotions`, `Highlight`, `NotSold`, `Reviewable`, `UseforPOTD`, `Sale`, `Hot`, `DateAdded`, `OptQuant`, `Reorder_Level`, `Min_Order`, `Mult_Min`, `Sale_Start`, `Sale_End`, `Discounts`, `Promotions`, `Account_ID`, `Mfg_Account_ID`, `Prod_Type`, `Content_URL`, `MimeType`, `Access_Count`, `Num_Days`, `Access_Keys`, `Recur`, `Recur_Product_ID`, `VertOptions`, `Metadescription`, `Keywords`, `TitleTag`, `GiftWrap`, `Availability`, `Freight_Dom`, `Freight_Intl`, `Pack_Width`, `Pack_Height`, `Pack_Length`, `User_ID`, `Goog_Brand`, `Goog_Condition`, `Goog_Expire`, `Goog_Prodtype`)
VALUES (4, 'Four Product Kit', 'Don\'t buy <span style=\"font-weight: bold; font-style: italic;\">one</span> product, get them all!', '<p><span style=\"font-weight: bold; color: rgb(255, 153, 0);\">This is the product detail text.</span> You can include photos, hyperlinks, formatted text, HTML, and just about anything else you could want can&nbsp;go here.&nbsp;</p>', '890546-000042', 'A12345', 0.0, 79.95, 0.0, 0.0, 0.75, 1, '1,3', 0, 'products/kit_100.jpg', 'products/kit_200.jpg', NULL, '', '', '', NULL, 1, 2, 10, 1, 1, 1, 1, 0, 0, 1, 1, 1, 1, '2003-04-04 00:00:00', 0, 0, NULL, 0, NULL, NULL, '3', '2', 2, NULL, 'product', '', '', 0, 0, NULL, 0, 0, 0, 'Here\'s an example of a product meta description.', '', '', 1, 'ships immediately', 12.0, 24.0, 12.0, 12.0, 4.0, 0, NULL, NULL, NULL, NULL),
  (7, '7 Day Membership', 'Purchasing this Membership for access to our Member\'s Only area for 7 days.', '', '', '', 0.0, 10.0, 0.0, 0.0, 0.0, 0, NULL, 0, '', '', NULL, '', '', '', NULL, 1, 9999, 994, 0, 1, 1, 1, 0, 0, 0, 0, 0, 0, '2003-08-31 00:00:00', 0, 0, NULL, 0, NULL, NULL, NULL, NULL, 0, NULL, 'membership', '', '', 0, 7, '2,4', 0, NULL, 0, '', '', NULL, 0, '', 0.0, 0.0, 0.0, 0.0, 0.0, 0, NULL, NULL, NULL, NULL),
  (8, 'Baseball Jersey', '<p>100% Preshrunk Cotton with 3/4 raglan double needle sleeves. Choose white with black, red or blue sleeves.</p>', '<p>Our 100% Cotton Baseball Jerseys are popular with both men and women. Choose either Red, Blue or Black sleeves. Jerseys are 100% Preshrunk Cotton with 3/4&nbsp;raglan double needle sleeves. Exceptionally&nbsp;fade resistent wash after wash.</p>\r\n<p>This product has its&nbsp;options vertically instead of in a colored horizontal line. This is a great feature for products with multiple options.</p>', '20030902', '', 22.0, 18.95, 0.0, 0.0, 0.3, 1, '1', 0, 'products/jersey_sm.jpg', 'products/Tshirt_orange_front_100.jpg,products/Tshirt_orange_back_100.jpg', 'products/Tshirt_orange_front_250.jpg', '', '', 'PubImagesTitle=Additional Product Views', NULL, 1, 9999, 365, 0, 1, 1, 1, 0, 0, 1, 1, 0, 1, '2003-09-05 00:00:00', 18, 0, NULL, 0, NULL, NULL, '5', NULL, 0, NULL, 'product', '', '', 0, 0, NULL, 0, NULL, 1, '', '', '', 1, 'ships immediately', 0.0, 0.0, 0.0, 0.0, 0.0, 0, 'Jerzees', '', NULL, ''),
  (9, 'CFWebstore Cup', 'A hot cup of coffee is a required part of every computing job. Why not sip in style with our extra large mug!', '<p>Our extra large mug is guaranteed to save you trips to the coffee maker! It\'s the perfect accessory for every caffeine junky. It will keep hot things hot and cold things cold and provides a great place to stash some pencils as well.&nbsp;</p>', '5366', '', 0.0, 12.0, 0.0, 0.0, 1.0, 1, '1,2', 0, 'products/cup_100.jpg', 'products/cup_200.jpg', NULL, '', '', '', NULL, 1, 9999, 74, 0, 1, 1, 1, 0, 0, 1, 1, 0, 0, '2003-09-05 00:00:00', 0, 0, NULL, 0, NULL, NULL, '5,14', NULL, 5, NULL, 'product', '', '', 0, 0, NULL, 0, NULL, 1, '', '', NULL, 1, '', 10.0, 20.0, 0.0, 0.0, 0.0, 0, NULL, NULL, NULL, NULL),
  (11, '60 Day Membership', 'Access to our Membership are for a full 60 days! Big savings!', '', '', '', 0.0, 40.0, 0.0, 0.0, 0.0, 0, NULL, 0, '', '', NULL, '', '', '', NULL, 1, 9999, 0, 0, 1, 1, 1, 0, 0, 0, 0, 0, 0, '2003-09-06 00:00:00', 0, 0, NULL, 0, NULL, NULL, '12', NULL, 0, NULL, 'membership', '', '', 0, 60, '2', 1, 0, 0, '', '', NULL, 0, '', 0.0, 0.0, 0.0, 0.0, 0.0, 0, NULL, NULL, NULL, NULL),
  (12, 'Software Product', 'Buy this software product and download it right now!', NULL, 'cfwsfb5-01', '', 0.0, 300.0, 0.0, 0.0, 0.0, 0, '1', 0, 'products/dataCD.jpg', NULL, NULL, NULL, NULL, NULL, NULL, 1, 9999, 44, 0, 1, 1, 1, 0, 0, 1, 0, 0, 0, '2003-09-06 00:00:00', 0, 10, 0, 0, NULL, NULL, '11', NULL, 0, NULL, 'download', 'demodownload.zip', 'application/x-zip-compressed', 5, 30, NULL, 0, 0, 1, NULL, NULL, NULL, 0, '', 0.0, 0.0, 0.0, 0.0, 0.0, 0, NULL, NULL, NULL, NULL),
  (13, 'Pump Cap Bottle', '<p>This product is packaged in a beautiful pump capped bottle. Functional, yet elegant, it\'s a great addition to any bathroom. This product must be purchased in quantities of 5.</p>', '<p>This item must be purchased in quantities of 5.</p>\r\n<p align=\"left\">It\'s best to write in an outline format for the web. People scan much more on the web than sit and read.</p>\r\n<ul>\r\n    <li>\r\n    <div align=\"left\">bullet points are really easy to read.</div>\r\n    </li>\r\n    <li>\r\n    <div align=\"left\">people like bullet points</div>\r\n    </li>\r\n    <li>\r\n    <div align=\"left\">you should use bullet points frequently.</div>\r\n    </li>\r\n</ul>\r\n<p align=\"left\">You can even include html links to other products and features.</p>', '890546-000066', '', 65.0, 44.95, 0.0, 0.0, 0.2, 1, '1,3', 0, 'products/serum_100.jpg', 'products/serum_100.jpg', 'products/serum_200.jpg', '', '', '', NULL, 1, 9999, 4, 1, 1, 1, 1, 0, 0, 1, 0, 0, 0, '2003-09-19 00:00:00', 0, 0, 5, 1, NULL, NULL, '', NULL, 0, NULL, 'product', '', '', 0, 0, NULL, 0, 0, 0, 'Another product metatag description sample.', 'another,product,metatag', '', 1, '', 0.0, 0.0, 0.0, 0.0, 0.0, 0, NULL, NULL, NULL, NULL),
  (275, 'CDX-M800 CD Receiver', '', '<p><span class=\"mainpage\"><br />\r\nThe CDX-M800 CD receiver upgrades Sony\'s Active Black Panel to an exciting full-motion fluorescent display with high-resolution graphics and screensavers! Open the faceplate, and the inner panel features a smaller LED display and soft-touch controls. Close the faceplate, and use the wireless remote to control the receiver when viewing the extra-large display. When you power down, the Active Black Panel does double-duty by disguising the receiver as a featureless panel in your dash.\r\n<p>If your car has speakers low in the door, you\'ll appreciate the Dynamic Soundstage Organizer. It raises the stereo image off the floor, making your music sound more robust and exciting. No matter where your speakers are, Sony\'s 4-way high power will give them the juice they need to make your tunes come to life! Fine tune the sound with the seven preset curves and 7-band equalizer of EQ7.</p>\r\n<p>Add Sony\'s XM tuner and you\'re primed for the crystal-clear, diverse programming of XM Satellite Radio (antenna and subscription required). If you want even more entertainment, the CDX-M800 will also control a Sony 6- or 10-disc CD changer. Front, rear, and subwoofer preamp outputs simplify adding outboard amps to your system.</p>\r\n<ul>\r\n    <li>Active Black Panel faceplate</li>\r\n    <li>full-motion fluorescent display</li>\r\n    <li>SSIR-EXA tuner</li>\r\n    <li>18 FM/12 AM presets</li>\r\n    <li>seek tuning</li>\r\n    <li>EQ7 (7-band equalizer and 7 preset tone curves)</li>\r\n    <li>Dynamic Soundstage Organizer</li>\r\n    <li>XM Satellite Radio controls (XM subscription, optional Sony XM tuner, and antenna required to receive the satellite radio signal) . service is available only in the lower 48 states, not available in Alaska, Hawaii, or U.S. territories</li>\r\n    <li>CD/MD changer controls</li>\r\n    <li>front, rear, and mono subwoofer preamp outputs</li>\r\n    <li>high-pass and low-pass filters</li>\r\n    <li>CD text</li>\r\n    <li>displays 8 characters of XM Satellite Radio info</li>\r\n    <li>auxiliary input</li>\r\n    <li>wireless remote</li>\r\n    <li>clock</li>\r\n    <li>23.2 watts RMS/52 peak x 4 channels</li>\r\n    <li>CD frequency response 10-20,000 Hz</li>\r\n    <li>CD signal-to-noise ratio 90 dB</li>\r\n    <li>FM sensitivity 9 dBf</li>\r\n    <li>1-year warranty</li>\r\n</ul>\r\n</span></p>', 'CDXM800', '', 329.99, 227.25, 0.0, 80.0, 6.0, 1, '1,3', 0, 'products/327SM.jpg', 'products/327SM.jpg', 'products/Sony_CD_Lg.jpg', '', '', '', NULL, 1, 9999, 0, 0, 1, 1, 1, 0, 0, 1, 0, 0, 0, '2004-01-24 00:00:00', 0, 25, NULL, 0, NULL, NULL, '', NULL, 5, 9, 'product', '', '', 0, 0, NULL, 0, 0, 0, '', '', '', 1, 'ships immediately', 0.0, 0.0, 0.0, 0.0, 0.0, 0, NULL, NULL, NULL, NULL),
  (276, 'Test', 'teate', 'asdasgfasdfasdfasdf', '', '', 0.0, 0.0, 0.0, 0.0, 0.0, 1, '1', 0, '', '', NULL, '', '', '', NULL, 1, 9999, 0, 0, 1, 1, 1, 0, 0, 1, 0, 0, 0, '2004-01-31 00:00:00', 0, 0, NULL, 0, NULL, NULL, '', NULL, 0, NULL, 'product', '', '', 0, 0, NULL, 0, NULL, 0, '', '', NULL, 0, '', 0.0, 0.0, 0.0, 0.0, 0.0, 0, NULL, NULL, NULL, NULL),
  (278, 'Copy of Four Product Kit', 'Don\'t buy <strong><em>one</em></strong> product, get them all!', '<p><font color=\"#ff9900\"><strong>This is the product detail text.</strong></font> You can include photos, hyperlinks, formatted text, HTML, and just about anything else you could want can&nbsp;go here.&nbsp;</p>', '890546-000042', 'A12345', 0.0, 79.95, 0.0, 0.0, 0.75, 1, '1', 0, 'products/kit_100.jpg', 'products/kit_200.jpg', NULL, '', '', '', NULL, 1, 2, 1019, 1, 1, 1, 1, 0, 0, 1, 0, 1, 1, '2004-06-25 00:00:00', 0, 0, NULL, 0, NULL, NULL, '3', NULL, 2, NULL, 'product', '', '', 0, 0, NULL, 0, NULL, 0, '', '', NULL, 1, '', 0.0, 0.0, 6.0, 4.0, 20.0, 0, NULL, NULL, NULL, NULL),
  (279, 'Site Reservation', '<p>Sample of calendar addons</p>', '<p>&nbsp;</p>', '', '', 0.0, 50.0, 0.0, 0.0, 0.0, 0, NULL, 0, '', '', '', '', '', '', NULL, 1, 9999, 1, 0, 1, 1, 1, 0, 0, 0, 0, 0, 0, '2005-07-06 00:00:00', 0, 0, NULL, 0, NULL, NULL, '', NULL, 0, NULL, 'product', '', '', 0, 0, NULL, 0, NULL, 1, '', '', '', 0, '', 0.0, 0.0, 0.0, 0.0, 0.0, 0, NULL, NULL, NULL, NULL),
  (280, 'FedEx Test Product', 'This product can be used to test FedEx shipping. It has a default weight of 1 pound, use the add-on field to add additional weight.', '', '', '', 0.0, 10.0, 9.0, 0.0, 1.0, 1, '4', 0, 'products/fedex_sm.gif', '', NULL, '', '', '', NULL, 1, 1, 95, 1, 1, 1, 1, 0, 0, 1, 0, 0, 0, '2006-03-06 00:00:00', 0, 5, NULL, 0, NULL, NULL, '', '2', 0, NULL, 'product', '', '', 0, 0, NULL, 0, 0, 0, '', '', NULL, 1, '', 0.0, 0.0, 0.0, 0.0, 0.0, 0, NULL, NULL, NULL, NULL),
  (281, 'FedEx Test Product - Oversized More and More and More and More', 'This product can be used to test FedEx shipping. This product is set up with product dimensions to ship separately as an oversized item. You can change the dimensions on the Pricing tab, original setting is 8x12x16. It has a default weight of 1 pound, use the add-on field to add additional weight.', '', '', '', 0.0, 10.0, 0.0, 0.0, 1.0, 1, '4', 0, '', '', NULL, '', '', '', NULL, 1, 1, 99, 1, 1, 1, 1, 0, 0, 1, 0, 0, 0, '2006-03-08 00:00:00', 0, 5, NULL, 0, NULL, NULL, '', NULL, 0, NULL, 'product', '', '', 0, 0, NULL, 0, NULL, 0, '', '', NULL, 1, '', 0.0, 0.0, 12.0, 16.0, 8.0, 0, NULL, NULL, NULL, NULL),
  (282, 'Editor\'s Product', 'Sample of a user-added product', 'Just <a href=\"files/User21/Enclosed is.doc\">testing</a>', '', '', 0.0, 20.0, 0.0, 0.0, 0.0, 1, '1', 0, '', '', NULL, '', '', '', NULL, 1, 9999, 1, 0, 1, 1, 1, 0, 0, 1, 0, 0, 0, '2006-08-03 00:00:00', 0, 0, NULL, 0, NULL, NULL, '3,5,14', NULL, 0, NULL, 'product', '', '', 0, 0, NULL, 0, NULL, 0, '', '', NULL, 1, '', 0.0, 0.0, 0.0, 0.0, 0.0, 21, NULL, NULL, NULL, NULL),
  (283, 'Copy of Editor\"s Product', '<p>Sample of a user-added product</p>', '<p>Just <a target=\"_self\" href=\"http://localhost:8500/cfwebstorefb6/files/User21/Enclosed%20is.doc\">testing</a></p>', '', '', 0.0, 20.0, 0.0, 0.0, 0.0, 0, '1', 0, 'products/comp_logo_wgwg.gif', 'products/IMG_0137_80.jpg', 'products/IMG_0137_300.jpg', '', '', '', NULL, 1, 9999, 0, 0, 1, 1, 1, 0, 0, 1, 0, 0, 0, '2006-08-03 00:00:00', 0, 0, NULL, 0, NULL, NULL, '5', NULL, 0, NULL, 'download', 'demodownload.zip', 'application/pdf', 3, 30, '0', 0, NULL, 0, '', '', '', 1, '', 0.0, 0.0, 0.0, 0.0, 0.0, 21, NULL, NULL, NULL, NULL),
  (295, 'CFWebstore Gift Certificate', 'Purchase a gift certificate, great for Christmas and birthday gifts!', '', '', '', 0.0, 0.0, 0.0, 0.0, 0.0, 0, NULL, 0, '', '', NULL, '', '', '', NULL, 1, 9999, 0, 0, 0, 1, 0, 0, 0, 0, 0, 0, 0, '2007-01-09 00:00:00', 0, 0, NULL, 0, NULL, NULL, '', NULL, 0, NULL, 'certificate', '', NULL, 0, 365, NULL, 0, 0, 0, '', '', '', 0, '', 0.0, 0.0, 0.0, 0.0, 0.0, 0, NULL, NULL, NULL, NULL),
  (298, 'Copy of Baseball Jersey', '100% Preshrunk Cotton with 3/4 raglan double needle sleeves. Choose white with black, red or blue sleeves.', '<P><BR>Our 100% Cotton Baseball Jerseys are popular with both men and women. Choose either Red, Blue or Black sleeves. Jerseys are 100% Preshrunk Cotton with 3/4&nbsp;raglan double needle sleeves. Exceptionally&nbsp;fade resistent wash after wash.</P>\r\n<P>This product has its&nbsp;options vertically instead of in a colored horizontal line. This is a great feature for products with multiple options.</P>', '20030902', '', 22.0, 18.95, 0.0, 0.0, 0.3, 1, '1', 0, 'products/jersey_sm.jpg', 'products/jersey_lg.jpg', NULL, '', '', '', NULL, 0, 9999, 114, 0, 1, 1, 1, 0, 0, 1, 1, 0, 1, '2007-01-15 00:00:00', 0, 0, NULL, 0, NULL, NULL, '5', '', 0, NULL, 'product', '', '', 0, 0, '', 0, 0, 1, '', '', '', 1, 'ships immediately', 0.0, 0.0, 0.0, 0.0, 0.0, 0, NULL, NULL, NULL, NULL),
  (299, 'Trial Membership', '<p>Purchase a trial membership for 3 Days. After your trial is up, you will be billed for a full membership.</p>', '', '', '', 0.0, 0.0, 0.0, 0.0, 0.0, 0, NULL, 0, '', '', NULL, '', '', '', NULL, 1, 9999, 0, 0, 1, 0, 0, 0, 0, 0, 0, 0, 0, '2007-02-15 00:00:00', 0, 0, NULL, 0, NULL, NULL, '12', NULL, 0, NULL, 'membership', '', NULL, 0, 3, '2', 1, 11, 0, '', '', '', 0, '', 0.0, 0.0, 0.0, 0.0, 0.0, 0, NULL, NULL, NULL, NULL);

INSERT INTO `Promotion_Qual_Products`(`ID`, `Promotion_ID`, `Product_ID`)
VALUES (1, 2, 4),
  (2, 2, 280);

INSERT INTO `Promotions`(`Promotion_ID`, `Type1`, `Type2`, `Type3`, `Type4`, `Coup_Code`, `OneTime`, `Name`, `Display`, `Amount`, `QualifyNum`, `DiscountNum`, `Multiply`, `StartDate`, `EndDate`, `Disc_Product`, `Add_DiscProd`, `AccessKey`)
VALUES (2, 2, 2, 0, 0, 'JrNfc0x38s', 0, 'Buy 2 get a free mug', 'Buy 2 get a free mug', 1.0, 2.0, 1.0, 1, NULL, NULL, 9, 1, 0),
  (3, 4, 2, 1, 0, NULL, 0, 'Free Item with every $200 ordered', 'Free Item with every $200 ordered', 1.0, 200.0, 1.0, 1, NULL, NULL, 280, 1, 0);

INSERT INTO `Settings`(`SettingID`, `SiteName`, `SiteLogo`, `Merchant`, `HomeCountry`, `MerchantEmail`, `Webmaster`, `DefaultImages`, `FilePath`, `MimeTypes`, `MoneyUnit`, `WeightUnit`, `SizeUnit`, `InvLevel`, `ShowInStock`, `OutofStock`, `ShowRetail`, `ItemSort`, `Wishlists`, `OrderButtonText`, `OrderButtonImage`, `AllowWholesale`, `UseVerity`, `CollectionName`, `CColumns`, `PColumns`, `MaxProds`, `ProdRoot`, `CachedProds`, `FeatureRoot`, `MaxFeatures`, `Locale`, `CurrExchange`, `CurrExLabel`, `Color_ID`, `Metadescription`, `Keywords`, `Email_Server`, `Email_Port`, `Admin_New_Window`, `UseSES`, `Default_Fuseaction`, `Editor`, `ProductReviews`, `ProductReview_Approve`, `ProductReview_Flag`, `ProductReview_Add`, `ProductReview_Rate`, `ProductReviews_Page`, `FeatureReviews`, `FeatureReview_Add`, `FeatureReview_Flag`, `FeatureReview_Approve`, `GiftRegistry`)
VALUES (1, 'CFWebstore', 'logo_dogpatch.gif', 'Dogpatch Software<br/>\r\n8 Old Coach Ln<br/>\r\nCarlisle, PA 17013', 'US^United States', 'info@yoursite.com', 'orders@yoursite.com', 'images', 'c:\\cfusionmx\\wwwroot\\cfwebstorefb\\downloads', 'application/x-zip-compressed,application/zip, application/msword, application/x-excel, text/plain, application/pdf, image/gif, image/jpeg, image/pjpeg, image/png, audio/mpeg', 'Dollars', 'Pounds', 'Inches', 'Mixed', 1, 1, 1, 'Name', 1, 'Add to Cart', 'addtocart.gif', 0, 0, 'CFWebstorefb6', 2, 1, 4, 4, 1, 0, 6, 'English (US)', 'None', 'CAN', 1, 'default site description goes here', 'default,site,description', 'mail.yoursite.net', 25, 1, 0, 'page.home', 'Default', 1, 0, 1, 2, 0, 2, 1, 2, 0, 1, 1);

INSERT INTO `Shipping`(`ID`, `MinOrder`, `MaxOrder`, `Amount`)
VALUES (8, 1.0, 2.0, 5.0),
  (11, 3.0, 4.0, 8.0),
  (12, 5.0, 100.0, 12.0),
  (13, 100.0, 100000.0, 15.0);

INSERT INTO `ShipSettings`(`ID`, `ShipType`, `ShipBase`, `MerchantZip`, `InStorePickup`, `AllowNoShip`, `NoShipMess`, `NoShipType`, `ShipHand`, `Freeship_Min`, `Freeship_ShipIDs`, `ShowEstimator`, `ShowFreight`, `UseDropShippers`)
VALUES (1, 'UPS', 1.0, '90068', 0, 1, 'We were unable to calculate shipping for your order.<BR>\r\nPlease complete your order and we will email you the exact shipping cost before final processing of your order.', 'Not Calculated', 0.0, 50, '3', 1, 1, 1);

INSERT INTO `States`(`Abb`, `Name`)
VALUES ('AA', 'Armed Forces Americas'),
  ('AB', 'Alberta'),
  ('AE', 'Armed Forces Canada/Europe'),
  ('AK', 'Alaska'),
  ('AL', 'Alabama'),
  ('AP', 'Armed Forces Pacific'),
  ('AR', 'Arkansas'),
  ('AS', 'American Samoa'),
  ('AZ', 'Arizona'),
  ('BC', 'British Columbia'),
  ('CA', 'California'),
  ('CO', 'Colorado'),
  ('CT', 'Connecticut'),
  ('DC', 'District of Columbia'),
  ('DE', 'Delaware'),
  ('FL', 'Florida'),
  ('GA', 'Georgia'),
  ('GU', 'Guam'),
  ('HI', 'Hawaii'),
  ('IA', 'Iowa'),
  ('ID', 'Idaho'),
  ('IL', 'Illinois'),
  ('IN', 'Indiana'),
  ('KS', 'Kansas'),
  ('KY', 'Kentucky'),
  ('LA', 'Louisiana'),
  ('MA', 'Massachusetts'),
  ('MB', 'Manitoba'),
  ('MD', 'Maryland'),
  ('ME', 'Maine'),
  ('MI', 'Michigan'),
  ('MN', 'Minnesota'),
  ('MO', 'Missouri'),
  ('MS', 'Mississippi'),
  ('MT', 'Montana'),
  ('NB', 'New Brunswick'),
  ('NC', 'North Carolina'),
  ('ND', 'North Dakota'),
  ('NE', 'Nebraska'),
  ('NF', 'Newfoundland and Labrador'),
  ('NH', 'New Hampshire'),
  ('NJ', 'New Jersey'),
  ('NM', 'New Mexico'),
  ('NS', 'Nova Scotia'),
  ('NT', 'Northwest Territories'),
  ('NV', 'Nevada'),
  ('NY', 'New York'),
  ('OH', 'Ohio'),
  ('OK', 'Oklahoma'),
  ('ON', 'Ontario'),
  ('OR', 'Oregon'),
  ('PA', 'Pennsylvania'),
  ('PE', 'Prince Edward Island'),
  ('PR', 'Puerto Rico'),
  ('PW', 'Palau'),
  ('QC', 'Quebec'),
  ('RI', 'Rhode Island'),
  ('SC', 'South Carolina'),
  ('SD', 'South Dakota'),
  ('SK', 'Saskatchewan'),
  ('TN', 'Tennessee'),
  ('TX', 'Texas'),
  ('UT', 'Utah'),
  ('VA', 'Virginia'),
  ('VI', 'U.S. Virgin Islands'),
  ('VT', 'Vermont'),
  ('WA', 'Washington'),
  ('WI', 'Wisconsin'),
  ('WV', 'West Virginia'),
  ('WY', 'Wyoming'),
  ('YT', 'Yukon Territory');

INSERT INTO `StateTax`(`Tax_ID`, `Code_ID`, `State`, `TaxRate`, `TaxShip`)
VALUES (2, 1, 'VA', 0.045, 1),
  (3, 1, 'AL', 0.04, 0);

INSERT INTO `StdAddons`(`Std_ID`, `Std_Name`, `Std_Prompt`, `Std_Desc`, `Std_Type`, `Std_Display`, `Std_Price`, `Std_Weight`, `Std_ProdMult`, `Std_Required`, `User_ID`)
VALUES (1, 'Add free item', 'Add free item', 'Add free item', 'checkbox', 1, 0.0, 0.0, 0, 0, 0),
  (2, 'Monogram', 'Add a monogram (+$3)', 'Monogram', 'textbox', 1, 3.0, 0.0, 1, 0, 0),
  (3, 'Monogram', 'Choose One:', NULL, 'textbox', 1, 2.0, 0.0, 1, 0, 21);

INSERT INTO `StdOpt_Choices`(`Std_ID`, `Choice_ID`, `ChoiceName`, `Price`, `Weight`, `Display`, `SortOrder`)
VALUES (1, 1, 'Small', 0.0, 0, 1, 1),
  (1, 2, 'Medium', 0.0, 0, 1, 2),
  (1, 3, 'Large', 0.0, 0, 1, 3),
  (1, 4, 'Extra Large', 0.0, 0, 1, 4),
  (1, 5, '2X Large', 2.0, 0, 1, 5),
  (2, 1, 'Small', 0.0, 0, 1, 1),
  (2, 2, 'Medium', 0.0, 0, 1, 2),
  (2, 3, 'Large', 0.0, 0, 1, 3),
  (6, 2, 'Blue', 0.0, 0, 1, 2),
  (6, 4, 'Yellow', 0.0, 0, 1, 1),
  (6, 5, 'Purple', 0.0, 0, 1, 9999),
  (6, 6, 'Red', 0.0, 0, 1, 9999);

INSERT INTO `StdOptions`(`Std_ID`, `Std_Name`, `Std_Prompt`, `Std_Desc`, `Std_ShowPrice`, `Std_Display`, `Std_Required`, `User_ID`)
VALUES (1, 'shirt size', 'size', 'size', 'AddPrice', 1, 1, 0),
  (2, 'Size', 'Choose One:', NULL, 'No', 1, 1, 21),
  (6, 'Color Choices', 'Color:', 'Color', 'No', 1, 1, 0);

INSERT INTO `TaxCodes`(`Code_ID`, `CodeName`, `DisplayName`, `CalcOrder`, `Cumulative`, `TaxAddress`, `TaxAll`, `TaxRate`, `TaxShipping`, `ShowonProds`)
VALUES (1, 'Taxes', 'Taxes', 2, 0, 'Shipping', 0, 0.0, 0, 0),
  (2, 'Luxury Tax', 'Luxury Tax', 1, 0, 'Billing', 1, 0.03, 0, 0),
  (3, 'VAT 17.5%', 'VAT', 3, 0, 'Shipping', 0, 0.175, 1, 1),
  (4, 'VAT 5%', 'VAT', 4, 0, 'Billing', 1, 0.05, 0, 1);

INSERT INTO `UPS_Origins`(`UPS_Code`, `Description`, `OrderBy`)
VALUES ('CA', 'Canada', 2),
  ('EU', 'European Union', 5),
  ('MX', 'Mexico', 4),
  ('OO', 'All Other Origins', 6),
  ('PR', 'Puerto Rico', 3),
  ('US', 'United States', 1);

INSERT INTO `UPS_Packaging`(`UPS_Code`, `Description`)
VALUES ('01', 'UPS Letter'),
  ('02', 'Your Package'),
  ('03', 'UPS Tube'),
  ('04', 'UPS Pak'),
  ('21', 'UPS Express Box'),
  ('24', 'UPS 25kg Box'),
  ('25', 'UPS 10Kg Box');

INSERT INTO `UPS_Pickup`(`UPS_Code`, `Description`)
VALUES ('01', 'Daily Pickup'),
  ('03', 'Customer Counter'),
  ('11', 'Suggested Retail Rates (UPS Store)');

INSERT INTO `UPS_Settings`(`UPS_ID`, `ResRates`, `Username`, `Password`, `Accesskey`, `AccountNo`, `Origin`, `MaxWeight`, `UnitsofMeasure`, `CustomerClass`, `Pickup`, `Packaging`, `OrigZip`, `OrigCity`, `OrigCountry`, `Debug`, `UseAV`, `Logging`)
VALUES (1, 1, NULL, NULL, NULL, '060F18', 'US', 50, 'LBS/IN', '01', '01', '02', '30076', '', 'US', 0, 1, 1);

INSERT INTO `UPSMethods`(`ID`, `Name`, `USCode`, `EUCode`, `CACode`, `PRCode`, `MXCode`, `OOCode`, `Used`, `Priority`)
VALUES (1, 'Next Day Air<sup>&reg;</sup>', '01', '00', '00', '01', '00', '00', 1, 4),
  (2, '2nd Day Air<sup>&reg;</sup>', '02', '00', '00', '02', '00', '00', 1, 3),
  (3, 'Ground', '03', '00', '00', '03', '00', '00', 1, 1),
  (4, 'Worldwide Express<sup><small>SM</small></sup>', '07', '00', '07', '07', '00', '07', 1, 99),
  (5, 'Worldwide Expedited<sup><small>SM</small></sup>', '08', '00', '08', '08', '00', '08', 1, 99),
  (6, 'Express', '00', '07', '00', '00', '07', '00', 0, 99),
  (7, 'Expedited', '00', '08', '00', '00', '08', '00', 0, 99),
  (8, 'Standard', '11', '11', '11', '00', '00', '00', 1, 99),
  (9, '3 Day Select<sup><small>SM</small></sup>', '12', '00', '12', '00', '00', '00', 1, 2),
  (10, 'Next Day Air Saver<sup>&reg;</sup>', '13', '00', '00', '00', '00', '00', 0, 99),
  (11, 'Express Saver', '00', '65', '13', '00', '00', '00', 0, 99),
  (12, 'Next Day Air<sup>&reg;</sup> Early A.M.<sup>&reg;</sup>', '14', '00', '00', '14', '00', '00', 0, 99),
  (13, 'Express Early A.M.', '00', '00', '14', '00', '00', '00', 0, 99),
  (14, 'Worldwide Express Plus<sup><small>SM</small></sup>', '54', '54', '54', '54', '00', '54', 0, 99),
  (15, 'Express Plus', '00', '00', '00', '00', '54', '00', 0, 99),
  (16, '2nd Day Air A.M.<sup>&reg;</sup>', '59', '00', '00', '00', '00', '00', 0, 99),
  (17, 'Worldwide Saver<sup><small>SM</small></sup>', '65', '00', '65', '65', '65', '65', 1, 99),
  (18, 'Express Saver<sup><small>SM</small></sup>', '00', '65', '13', '00', '00', '00', 0, 99)
  ;

INSERT INTO `Users`(`User_ID`, `Username`, `Password`, `Email`, `EmailIsBad`, `EmailLock`, `Subscribe`, `Customer_ID`, `ShipTo`, `Group_ID`, `Account_ID`, `Affiliate_ID`, `Basket`, `Birthdate`, `CardisValid`, `CardType`, `NameonCard`, `CardNumber`, `CardExpire`, `CardZip`, `EncryptedCard`, `CurrentBalance`, `LastLogin`, `Permissions`, `AdminNotes`, `Disable`, `LoginsTotal`, `LoginsDay`, `FailedLogins`, `LastAttempt`, `Created`, `LastUpdate`)
VALUES (1, 'admin', '21232F297A57A5A743894A0E4A801FC3', 'info@yoursite.com', 0, 'verified', 1, 27, 46, 1, 2, 1, '39170110244127001', '1967-03-03 00:00:00', 1, 'Visa', 'Mary Jo Sminkey', 'XXXXXXXXXXXX1111', '2010-01-01 00:00:00', '17013', '8707J0625CBEB890AEB6AE6488869A5088B29C665E9CAC64704040441', 0, '2007-03-29 11:41:46', 'contentkey_list^2;Users^2;registration^63', '02/26/07: User Cancelled recurring membership 33. <br/>02/26/07: User Cancelled recurring membership 33. <br/>02/26/07: User Cancelled recurring membership 33. <br/>    ', 0, 388, 1, 0, '2007-03-29 11:41:46', NULL, '2007-02-02 13:33:31'),
  (11, 'maryjo', '0DAAFEE45FC7A606186954810D8EE59D', 'mjsminkey@hotmail.com', 0, 'verified', 0, 1, 0, 5, 0, 0, '38183145244127001', NULL, 0, NULL, NULL, NULL, '2007-01-01 00:00:00', NULL, NULL, 0, '2004-07-28 21:41:15', 'registration^3', NULL, 1, 0, 0, 2, '2007-02-17 20:07:00', '2003-12-09 22:29:11', NULL),
  (12, 'asdf', '912EC803B2CE49E4A541068D495AB570', 'asdf@hotmail.com', 0, 'verified', 1, 2, 2, 0, 0, 5, '38953145843127001', NULL, 0, '', '', '', '2007-01-01 00:00:00', '', NULL, 0, '2007-02-17 20:04:01', 'registration^15', NULL, 0, 3, 1, 0, '2007-02-17 20:04:01', '2003-12-09 22:36:26', NULL),
  (13, 'asdfasdf', '912EC803B2CE49E4A541068D495AB570', 'sadf@asdf.com', 0, 'verified', 1, 3, 3, 0, 0, 0, NULL, NULL, 0, '', '', '', '2007-01-01 00:00:00', '', NULL, 0, '2003-12-18 19:38:57', 'registration^7', NULL, 0, 0, 0, 1, '2007-01-16 20:14:14', '2003-12-18 19:38:57', NULL),
  (14, 'd', '8277E0910D750195B448797616E091AD', 'd@d.com', 0, 'verified', 1, 4, 5, 0, 0, 0, NULL, NULL, 0, '', '', '', '2007-01-01 00:00:00', '', NULL, 0, '2004-01-06 18:14:30', 'registration^7', NULL, 0, 0, 0, 0, NULL, '2004-01-06 18:14:30', NULL),
  (15, 'asdfasdfasdf', '912EC803B2CE49E4A541068D495AB570', 'asdf@Asdf.com', 0, 'verified', 0, 13, 14, 0, 0, 0, NULL, NULL, 0, '', '', '', '2007-01-01 00:00:00', '', NULL, 0, '2004-01-22 22:29:16', 'registration^7', NULL, 0, 0, 0, 0, NULL, '2004-01-22 22:29:16', NULL),
  (16, 'ella', 'EC5E1E94C042DDA33822701A45EB5E30', 'ella@leeaston.com', 0, 'verified', 1, 15, 15, 0, 0, 0, NULL, NULL, 0, '', '', '', '2007-01-01 00:00:00', '', NULL, 0, '2004-01-24 00:00:00', 'registration^7', NULL, 0, 0, 0, 0, NULL, '2004-01-24 04:22:52', NULL),
  (17, 'leeaston', 'CEE99B5A3963A87D498DF8E7BAF388CA', 'lee@leeaston.com', 0, 'verified', 1, 17, 17, 5, 0, 0, '38011042200815010775', NULL, 0, '', '', '', '2007-01-01 00:00:00', '', NULL, 0, '2004-01-24 13:26:43', 'registration^7', NULL, 0, 0, 0, 0, NULL, '2004-01-24 04:42:43', NULL),
  (18, 'rocker22', 'A3CCEBA83235DC95F750108D22C14731', 'shawn@stsolo.com', 0, 'verified', 0, 20, 21, 0, 0, 0, NULL, NULL, 0, '', '', '', '2007-01-01 00:00:00', '', NULL, 0, '2004-01-24 00:00:00', 'registration^15', '', 0, 0, 0, 0, NULL, '2004-01-24 11:09:21', NULL),
  (19, 'asdfasfd', '912EC803B2CE49E4A541068D495AB570', 'aasdsdf@Asdf.com', 0, 'verified', 1, 0, 0, 0, 0, 0, NULL, NULL, 0, '', '', '0', '2007-01-01 00:00:00', '', NULL, 0, '2004-01-24 16:45:29', 'registration^3', NULL, 0, 0, 0, 0, NULL, '2004-01-24 16:45:29', NULL),
  (20, 'author', '02BD92FAA38AAA6CC0EA75E59937A1EF', 'Author@cfwebstore.com', 0, 'verified', 0, 0, 0, 7, 0, 0, '38953145843127001', NULL, 0, NULL, NULL, NULL, '2007-01-01 00:00:00', NULL, NULL, 0, '2007-02-17 20:07:44', 'registration^3', NULL, 0, 2, 2, 0, '2007-02-17 20:07:44', '2004-01-25 17:56:57', NULL),
  (21, 'editor', '5AEE9DBD2A188839105073571BEE1B1F', 'editor@cfwebstore.com', 0, 'verified', 0, 49, 0, 3, 13, 9, '38953145843127001', NULL, 0, '', '', NULL, '2007-01-01 00:00:00', '', NULL, 0, '2007-03-13 12:18:32', 'contentkey_list^2;Users^2;registration^15', 'Editor for feature articles on the site.', 0, 10, 2, 0, '2007-03-13 12:18:32', '2004-01-25 18:46:13', '2007-02-02 13:56:48'),
  (22, 'webmaster', '50A9C7DBF0FA09E8969978317DCA12E8', 'webmaster@cfwebstore.com', 0, 'verified', 0, 0, 0, 2, 0, 0, '38008125646127001', NULL, 0, NULL, NULL, NULL, '2007-01-01 00:00:00', NULL, NULL, 0, '2004-01-25 00:00:00', 'registration^3', NULL, 0, 0, 0, 0, NULL, '2004-01-25 18:55:54', NULL),
  (23, 'shipper', '733956531299ED5884978D31360F6F91', 'shipper@cfwebstore.com', 0, 'verified', 0, 0, 0, 5, 0, 0, '38031225511127001', NULL, 0, '', '', '', '2007-01-01 00:00:00', '', NULL, 0, '2004-02-16 00:00:00', 'registration^3', NULL, 0, 0, 0, 0, NULL, '2004-01-25 18:59:59', NULL),
  (24, 'orders', '12C500ED0B7879105FB46AF0F246BE87', 'orders@cfwebstore.com', 0, 'verified', 0, 0, 0, 4, 0, 8, '38953145843127001', NULL, 0, NULL, NULL, NULL, '2007-01-01 00:00:00', NULL, NULL, 0, '2007-02-23 21:11:44', 'registration^3', NULL, 0, 2, 2, 0, '2007-02-23 21:11:44', '2004-01-25 19:00:33', NULL),
  (30, '2', 'C81E728D9D4C2F636F067F89CC14862C', '2@22.com', 0, NULL, 0, 32, 32, 0, 12, 4, '38030003208127001', NULL, 1, 'Visa', 'John Doe', 'XXXXXXXXXXXX1111', '2007-01-01 00:00:00', '12345', '8707J0625CBEB890AEB6AE6488869A5088B29C665E9CAC64704040441', 0, '1899-12-30 00:00:06', 'registration^47', '', 0, 0, 0, 0, NULL, '2004-02-13 00:09:49', '2007-02-14 20:25:20'),
  (34, 'maryjos', '3423BF3CA4C49EA5DEF55320E939AE6D', 'maryjo@dogpatchphoto.com', 0, '', 0, 42, 43, 0, 0, 0, NULL, '1967-03-03 00:00:00', 0, '', '', '', '2007-01-01 00:00:00', '', NULL, 0, '2006-03-24 00:00:00', 'registration^31', NULL, 0, 0, 0, 0, NULL, '2006-03-24 00:00:00', NULL),
  (35, 'newuser', '934A8863BA8A51916C2FF165777A95B1', 'newuser@info.com', 0, NULL, 0, 0, 0, 6, 0, 0, NULL, NULL, 0, '', '', NULL, '2007-01-01 00:00:00', '', NULL, 0, '1899-12-30 00:00:18', 'registration^11', '', 1, 1, 1, 0, '2007-02-01 15:41:56', '2007-02-01 15:41:56', '2007-02-02 16:06:03'),
  (36, 'asdfgh', 'E10ADC3949BA59ABBE56E057F20F883E', 'info@dogpatch2.orgw', 0, NULL, 0, 52, 52, 0, 14, 0, '38953145843127001', '1956-02-06 00:00:00', 0, '', '', NULL, '2007-01-01 00:00:00', '', NULL, 0, '2007-02-24 18:58:53', 'registration^31', NULL, 0, 1, 1, 0, '2007-02-24 18:58:53', '2007-02-24 18:58:53', '2007-02-24 19:00:44'),
  (37, 'Username', '5F4DCC3B5AA765D61D8327DEB882CF99', 'example@example.com', 0, NULL, 0, 0, 0, 0, 0, 0, '38953145843127001', '1910-01-01 00:00:00', 0, '', '', NULL, '2007-01-01 00:00:00', '', NULL, 0, '2007-03-14 18:02:06', 'registration^27', NULL, 0, 1, 1, 0, '2007-03-14 18:02:06', '2007-03-14 18:02:06', '2007-03-14 18:02:06'),
  (38, 'maryjo212', 'A152E841783914146E4BCD4F39100686', 'maryjo@dogpatchphot2o.com', 0, NULL, 0, 0, 0, 0, 0, 0, '38953145843127001', '1944-04-18 00:00:00', 0, '', '', NULL, '2007-01-01 00:00:00', '', NULL, 0, '2007-03-14 19:12:20', 'registration^27', NULL, 0, 1, 1, 0, '2007-03-14 19:12:20', '2007-03-14 19:12:20', '2007-03-14 19:12:20'),
  (39, 'maryjo21', 'C83B2D5BB1FB4D93D9D064593ED6EEA2', 'maryjo@dogpatchphot12o.com', 0, NULL, 1, 53, 0, 0, 0, 0, '38953145843127001', '1980-10-18 00:00:00', 0, '', '', NULL, '2007-01-01 00:00:00', '', NULL, 0, '2007-03-14 19:17:09', 'registration^27', NULL, 0, 1, 1, 0, '2007-03-14 19:17:09', '2007-03-14 19:17:09', '2007-03-14 19:17:09'),
  (40, 'maryjo212s', 'A152E841783914146E4BCD4F39100686', 'maryjo@dogpatch2photo.com', 0, NULL, 0, 54, 0, 0, 0, 0, '38953145843127001', '1963-11-15 00:00:00', 0, '', '', NULL, '2007-01-01 00:00:00', '', NULL, 0, '2007-03-14 19:22:50', 'registration^27', NULL, 0, 1, 1, 0, '2007-03-14 19:22:50', '2007-03-14 19:22:50', '2007-03-14 19:22:50');

INSERT INTO `UserSettings`(`ID`, `UseRememberMe`, `EmailAsName`, `UseStateList`, `UseStateBox`, `RequireCounty`, `UseCountryList`, `UseResidential`, `UseGroupCode`, `UseBirthdate`, `UseTerms`, `TermsText`, `UseCCard`, `UseEmailConf`, `UseEmailNotif`, `MemberNotify`, `UseShipTo`, `UseAccounts`, `ShowAccount`, `ShowDirectory`, `ShowSubscribe`, `StrictLogins`, `MaxDailyLogins`, `MaxFailures`, `AllowAffs`, `AffPercent`, `AllowWholesale`)
VALUES (1, 1, 0, 1, 0, 1, 1, 0, 0, 1, 0, '', 1, 0, 0, 0, 1, 0, 1, 1, 1, 0, 10, 3, 1, 0.04, 1);

INSERT INTO `USPS_Settings`(`USPS_ID`, `UserID`, `Server`, `MerchantZip`, `MaxWeight`, `Logging`, `Debug`, `UseAV`)
VALUES (1, 'userid', 'http://production.shippingapis.com/ShippingAPI.dll', '90068', 20, 0, 0, 1);

INSERT INTO `USPSCountries`(`ID`, `Abbrev`, `Name`)
VALUES (2, 'AL', 'Albania'),
  (3, 'DZ', 'Algeria'),
  (4, 'AD', 'Andorra'),
  (6, 'AI', 'Anguilla'),
  (7, 'AG', 'Antigua and Barbuda'),
  (8, 'AR', 'Argentina'),
  (10, 'AW', 'Aruba'),
  (11, 'AU', 'Australia'),
  (12, 'AT', 'Austria'),
  (14, 'AP', 'Portugal'),
  (15, 'BS', 'Bahamas'),
  (16, 'BH', 'Bahrain'),
  (17, 'BD', 'Bangladesh'),
  (18, 'BB', 'Barbados'),
  (19, 'BY', 'Belarus'),
  (20, 'BE', 'Belgium'),
  (21, 'BZ', 'Belize'),
  (22, 'BJ', 'Benin'),
  (23, 'BM', 'Bermuda'),
  (25, 'BO', 'Bolivia'),
  (27, 'BW', 'Botswana'),
  (28, 'BR', 'Brazil'),
  (29, 'VG', 'British Virgin Islands'),
  (30, 'BN', 'Brunei Darussalam'),
  (31, 'BG', 'Bulgaria'),
  (32, 'BF', 'Burkina Faso'),
  (34, 'BI', 'Burundi'),
  (35, 'CM', 'Cameroon'),
  (36, 'CA', 'Canada'),
  (37, 'CV', 'Cape Verde'),
  (38, 'KY', 'Cayman Islands'),
  (39, 'CF', 'Central African Republic'),
  (40, 'TD', 'Chad'),
  (41, 'CL', 'Chile'),
  (42, 'CN', 'China'),
  (43, 'CO', 'Colombia'),
  (45, 'CG', 'Congo (Brazzaville),Republic of the'),
  (47, 'CR', 'Costa Rica'),
  (48, 'CI', 'Cote d lvoire (Ivory Coast)'),
  (49, 'HR', 'Croatia'),
  (50, 'CY', 'Cyprus'),
  (51, 'CZ', 'Czech Republic'),
  (52, 'DK', 'Denmark'),
  (53, 'DJ', 'Djibouti'),
  (54, 'DM', 'Dominica'),
  (55, 'DO', 'Dominican Republic'),
  (56, 'EC', 'Ecuador'),
  (57, 'EG', 'Egypt'),
  (58, 'SV', 'El Salvador'),
  (59, 'GQ', 'Equatorial Guinea'),
  (60, 'ER', 'Eritrea'),
  (61, 'EE', 'Estonia'),
  (62, 'ET', 'Ethiopia'),
  (64, 'FO', 'Faroe Islands'),
  (65, 'FJ', 'Fiji'),
  (66, 'FI', 'Finland'),
  (67, 'FR', 'France'),
  (68, 'GF', 'French Guiana'),
  (69, 'PF', 'French Polynesia'),
  (70, 'GA', 'Gabon'),
  (71, 'GM', 'Gambia'),
  (72, 'GE', 'Georgia, Republic of'),
  (73, 'DE', 'Germany'),
  (74, 'GH', 'Ghana'),
  (75, 'GI', 'Gibraltar'),
  (77, 'GR', 'Greece'),
  (78, 'GL', 'Greenland'),
  (79, 'GD', 'Grenada'),
  (80, 'GP', 'Guadeloupe'),
  (81, 'GT', 'Guatemala'),
  (82, 'GN', 'Guinea'),
  (83, 'GW', 'Guinea-Bissau'),
  (84, 'GY', 'Guyana'),
  (85, 'HT', 'Haiti'),
  (86, 'HN', 'Honduras'),
  (87, 'HK', 'Hong Kong'),
  (88, 'HU', 'Hungary'),
  (89, 'IS', 'Iceland'),
  (90, 'IN', 'India'),
  (91, 'ID', 'Indonesia'),
  (95, 'IL', 'Israel'),
  (96, 'IT', 'Italy'),
  (97, 'JM', 'Jamaica'),
  (98, 'JP', 'Japan'),
  (99, 'JO', 'Jordan'),
  (100, 'KZ', 'Kazakhstan'),
  (101, 'KE', 'Kenya'),
  (102, 'KI', 'Kiribati'),
  (105, 'KW', 'Kuwait'),
  (106, 'KG', 'Kyrgyzstan'),
  (107, 'LA', 'Laos'),
  (108, 'LV', 'Latvia'),
  (109, 'LB', 'Lebanon'),
  (110, 'LS', 'Lesotho'),
  (111, 'LR', 'Liberia'),
  (113, 'LI', 'Liechtenstein'),
  (114, 'LT', 'Lithuania'),
  (115, 'LU', 'Luxembourg'),
  (116, 'MO', 'Macao'),
  (117, 'MK', 'Macedonia, Republic of'),
  (118, 'MG', 'Madagascar'),
  (119, 'ME', 'Portugal'),
  (120, 'MW', 'Malawi'),
  (121, 'MY', 'Malaysia'),
  (122, 'MV', 'Maldives'),
  (123, 'ML', 'Mali'),
  (124, 'MT', 'Malta'),
  (125, 'MQ', 'Martinique'),
  (126, 'MR', 'Mauritania'),
  (127, 'MU', 'Mauritius'),
  (128, 'MX', 'Mexico'),
  (129, 'MD', 'Moldova'),
  (131, 'MS', 'Montserrat'),
  (132, 'MA', 'Morocco'),
  (133, 'MZ', 'Mozambique'),
  (134, 'NA', 'Namibia'),
  (136, 'NP', 'Nepal'),
  (137, 'NL', 'Netherlands'),
  (138, 'AN', 'Netherlands Antilles'),
  (139, 'NC', 'New Caledonia'),
  (140, 'NZ', 'New Zealand'),
  (141, 'NI', 'Nicaragua'),
  (142, 'NE', 'Niger'),
  (143, 'NG', 'Nigeria'),
  (144, 'NO', 'Norway'),
  (145, 'OM', 'Oman'),
  (146, 'PK', 'Pakistan'),
  (147, 'PA', 'Panama'),
  (148, 'PG', 'Papua New Guinea'),
  (149, 'PY', 'Paraguay'),
  (150, 'PE', 'Peru'),
  (151, 'PH', 'Philippines'),
  (153, 'PL', 'Poland'),
  (154, 'PT', 'Portugal'),
  (155, 'QA', 'Qatar'),
  (156, 'RE', 'Reunion'),
  (157, 'RO', 'Romania'),
  (158, 'RU', 'Russia'),
  (159, 'RW', 'Rwanda'),
  (163, 'VC', 'St. Vincent and the Grenadines'),
  (166, 'SA', 'Saudi Arabia'),
  (167, 'SN', 'Senegal'),
  (169, 'SC', 'Seychelles'),
  (170, 'SL', 'Sierra Leone'),
  (171, 'SG', 'Singapore'),
  (172, 'SK', 'Slovak Republic'),
  (173, 'SI', 'Slovenia'),
  (174, 'SB', 'Solomon Islands'),
  (176, 'ZA', 'South Africa'),
  (177, 'ES', 'Spain'),
  (178, 'LK', 'Sri Lanka'),
  (179, 'KN', 'St. Christopher and Nevis'),
  (181, 'SR', 'Suriname'),
  (182, 'SZ', 'Swaziland'),
  (183, 'SE', 'Sweden'),
  (184, 'CH', 'Switzerland'),
  (185, 'SY', 'Syrian Arab Republic'),
  (186, 'TW', 'Taiwan'),
  (187, 'TJ', 'Tajikistan'),
  (188, 'TZ', 'Tanzania'),
  (189, 'TH', 'Thailand'),
  (190, 'TG', 'Togo'),
  (191, 'TO', 'Tonga'),
  (192, 'TT', 'Trinidad and Tobago'),
  (194, 'TN', 'Tunisia'),
  (195, 'TR', 'Turkey'),
  (197, 'TC', 'Turks and Caicos Islands'),
  (198, 'TV', 'Tuvalu'),
  (199, 'UG', 'Uganda'),
  (200, 'UA', 'Ukraine'),
  (201, 'AE', 'United Arab Emirates'),
  (202, 'US', 'United States'),
  (203, 'UY', 'Uruguay'),
  (204, 'UZ', 'Uzbekistan'),
  (205, 'VU', 'Vanuatu'),
  (207, 'VE', 'Venezuela'),
  (208, 'VN', 'Vietnam'),
  (209, 'WF', 'Wallis and Futuna Islands'),
  (210, 'WS', 'Western Samoa'),
  (212, 'CD', 'Congo, Democratic Republic of the'),
  (213, 'ZM', 'Zambia'),
  (214, 'ZW', 'Zimbabwe'),
  (215, 'AS', 'US Possession'),
  (216, 'KH', 'Cambodia'),
  (217, 'BL', 'Netherlands Antilles'),
  (218, 'CE', 'Spain'),
  (219, 'NN', 'Great Britain and Northern Ireland'),
  (220, 'CK', 'New Zealand'),
  (221, 'CB', 'Netherlands Antilles'),
  (222, 'EN', 'Great Britain and Northern Ireland'),
  (223, 'GU', 'US Possession'),
  (224, 'KO', 'US Possession'),
  (225, 'MH', 'US Possession'),
  (226, 'MC', 'France'),
  (227, 'MM', 'Burma'),
  (228, 'NF', 'Australia'),
  (229, 'NB', 'Great Britain and Northern Ireland'),
  (230, 'MP', 'US Possession'),
  (231, 'PW', 'US Possession'),
  (232, 'PO', 'US Possession'),
  (234, 'IE', 'Ireland'),
  (235, 'RT', 'US Possession'),
  (236, 'SS', 'Netherlands Antilles'),
  (237, 'SP', 'US Possession'),
  (238, 'SF', 'Great Britain and Northern Ireland'),
  (239, 'NT', 'Guadeloupe'),
  (240, 'SW', 'St. Christopher and Nevis'),
  (241, 'SX', 'US Possession'),
  (242, 'EU', 'Netherlands Antilles'),
  (243, 'UV', 'US Possession'),
  (244, 'LC', 'St. Lucia'),
  (245, 'MB', 'Netherlands Antilles'),
  (246, 'TB', 'Guadeloupe'),
  (247, 'VL', 'US Possession'),
  (248, 'KR', 'Korea, Republic of (South Korea)'),
  (249, 'TA', 'French Polynesia'),
  (250, 'TU', 'US Possession'),
  (252, 'VI', 'US Possession'),
  (253, 'WK', 'US Possession'),
  (254, 'WL', 'Great Britain and Northern Ireland'),
  (255, 'YA', 'US Possession'),
  (256, 'BA', 'Bosnia-Herzegovina'),
  (257, 'GB', 'Great Britain and Northern Ireland');

INSERT INTO `USPSMethods`(`ID`, `Name`, `Used`, `Code`, `Type`, `Priority`)
VALUES (1, 'Priority Mail w/Dlvr. Conf.',1,'Priority Mail','Domestic',1),
(2, 'Parcel Post w/Dlvr. Conf.',1,'Parcel Post','Domestic',2),
(3, 'Express Mail',1,'Express Mail','Domestic',3),
(4, 'Express Mail PO',1,'Express Mail PO to Addressee','Domestic',4),
(5, 'Express Mail PO',1,'Express Mail PO to PO','Domestic',5),
(6, 'First Class',1,'First-Class Mail','Domestic',6),
(7, 'First Class Parcel',1,'First-Class Mail Parcel','Domestic',7),
(8, 'First Class Flat',0,'First-Class Mail Flat','Domestic',8),
(9, 'Priority Mail Flat-Rate Box',0,'Priority Mail Flat-Rate Box','Domestic',9),
(10, 'Bound Printed Matter',0,'Bound Printed Matter','Domestic',99),
(11, 'Media Mail',0,'Media Mail','Domestic',99),
(12, 'Library Mail',0,'Library Mail','Domestic',99),
(13, 'Global Express Guaranteed',1,'Global Express Guaranteed','International',99),
(14, 'Express Mail Intl.',1,'Express Mail International (EMS)','International',99),
(15, 'Express Mail Int Flat Rate Env',0,'Express Mail International (EMS) Flat Rate Envelope','International',99),
(16, 'Priority Mail Intl.',1,'Priority Mail International','International',99),
(17, 'Priority Mail Intl Flat Rate Env',0,'Priority Mail International Flat Rate Envelope','International',99),
(18, 'Priority Mail Intl Flat Rate Box',0,'Priority Mail International Flat Rate Box','International',99),
(19, 'First-Class Mail Intl',1,'First-Class Mail International','International',99);

INSERT INTO `WishList`(`User_ID`, `ListNum`, `ItemNum`, `ListName`, `Product_ID`, `DateAdded`, `NumDesired`, `Comments`)
VALUES (1, 1, 1, 'default', 4, '2003-09-30 00:00:00', 2, 'Need right away!'),
  (1, 1, 4, 'default', 9, '2003-09-30 00:00:00', 1, NULL),
  (1, 1, 5, 'default', 8, '2003-12-21 00:00:00', 1, NULL);

-- Re-enable foreign key checks
SET FOREIGN_KEY_CHECKS=@OLD_FOREIGN_KEY_CHECKS;

-- End of script